"reference_date","location","horizon","target","target_end_date","output_type","output_type_id","value"
2026-02-21,"01",0,"wk flu hosp rate change",2026-02-21,"pmf","decrease",0.2
2026-02-21,"01",0,"wk flu hosp rate change",2026-02-21,"pmf","increase",0.2
2026-02-21,"01",0,"wk flu hosp rate change",2026-02-21,"pmf","large_decrease",0.2
2026-02-21,"01",0,"wk flu hosp rate change",2026-02-21,"pmf","large_increase",0.2
2026-02-21,"01",0,"wk flu hosp rate change",2026-02-21,"pmf","stable",0.2
2026-02-21,"02",0,"wk flu hosp rate change",2026-02-21,"pmf","decrease",0.2
2026-02-21,"02",0,"wk flu hosp rate change",2026-02-21,"pmf","increase",0.2
2026-02-21,"02",0,"wk flu hosp rate change",2026-02-21,"pmf","large_decrease",0.2
2026-02-21,"02",0,"wk flu hosp rate change",2026-02-21,"pmf","large_increase",0.2
2026-02-21,"02",0,"wk flu hosp rate change",2026-02-21,"pmf","stable",0.2
2026-02-21,"04",0,"wk flu hosp rate change",2026-02-21,"pmf","decrease",0.2
2026-02-21,"04",0,"wk flu hosp rate change",2026-02-21,"pmf","increase",0.2
2026-02-21,"04",0,"wk flu hosp rate change",2026-02-21,"pmf","large_decrease",0.2
2026-02-21,"04",0,"wk flu hosp rate change",2026-02-21,"pmf","large_increase",0.2
2026-02-21,"04",0,"wk flu hosp rate change",2026-02-21,"pmf","stable",0.2
2026-02-21,"05",0,"wk flu hosp rate change",2026-02-21,"pmf","decrease",0.2
2026-02-21,"05",0,"wk flu hosp rate change",2026-02-21,"pmf","increase",0.2
2026-02-21,"05",0,"wk flu hosp rate change",2026-02-21,"pmf","large_decrease",0.2
2026-02-21,"05",0,"wk flu hosp rate change",2026-02-21,"pmf","large_increase",0.2
2026-02-21,"05",0,"wk flu hosp rate change",2026-02-21,"pmf","stable",0.2
2026-02-21,"06",0,"wk flu hosp rate change",2026-02-21,"pmf","decrease",0.2
2026-02-21,"06",0,"wk flu hosp rate change",2026-02-21,"pmf","increase",0.2
2026-02-21,"06",0,"wk flu hosp rate change",2026-02-21,"pmf","large_decrease",0.2
2026-02-21,"06",0,"wk flu hosp rate change",2026-02-21,"pmf","large_increase",0.2
2026-02-21,"06",0,"wk flu hosp rate change",2026-02-21,"pmf","stable",0.2
2026-02-21,"08",0,"wk flu hosp rate change",2026-02-21,"pmf","decrease",0.2
2026-02-21,"08",0,"wk flu hosp rate change",2026-02-21,"pmf","increase",0.2
2026-02-21,"08",0,"wk flu hosp rate change",2026-02-21,"pmf","large_decrease",0.2
2026-02-21,"08",0,"wk flu hosp rate change",2026-02-21,"pmf","large_increase",0.2
2026-02-21,"08",0,"wk flu hosp rate change",2026-02-21,"pmf","stable",0.2
2026-02-21,"09",0,"wk flu hosp rate change",2026-02-21,"pmf","decrease",0.2
2026-02-21,"09",0,"wk flu hosp rate change",2026-02-21,"pmf","increase",0.2
2026-02-21,"09",0,"wk flu hosp rate change",2026-02-21,"pmf","large_decrease",0.2
2026-02-21,"09",0,"wk flu hosp rate change",2026-02-21,"pmf","large_increase",0.2
2026-02-21,"09",0,"wk flu hosp rate change",2026-02-21,"pmf","stable",0.2
2026-02-21,"10",0,"wk flu hosp rate change",2026-02-21,"pmf","decrease",0.2
2026-02-21,"10",0,"wk flu hosp rate change",2026-02-21,"pmf","increase",0.2
2026-02-21,"10",0,"wk flu hosp rate change",2026-02-21,"pmf","large_decrease",0.2
2026-02-21,"10",0,"wk flu hosp rate change",2026-02-21,"pmf","large_increase",0.2
2026-02-21,"10",0,"wk flu hosp rate change",2026-02-21,"pmf","stable",0.2
2026-02-21,"11",0,"wk flu hosp rate change",2026-02-21,"pmf","decrease",0.2
2026-02-21,"11",0,"wk flu hosp rate change",2026-02-21,"pmf","increase",0.2
2026-02-21,"11",0,"wk flu hosp rate change",2026-02-21,"pmf","large_decrease",0.2
2026-02-21,"11",0,"wk flu hosp rate change",2026-02-21,"pmf","large_increase",0.2
2026-02-21,"11",0,"wk flu hosp rate change",2026-02-21,"pmf","stable",0.2
2026-02-21,"12",0,"wk flu hosp rate change",2026-02-21,"pmf","decrease",0.2
2026-02-21,"12",0,"wk flu hosp rate change",2026-02-21,"pmf","increase",0.2
2026-02-21,"12",0,"wk flu hosp rate change",2026-02-21,"pmf","large_decrease",0.2
2026-02-21,"12",0,"wk flu hosp rate change",2026-02-21,"pmf","large_increase",0.2
2026-02-21,"12",0,"wk flu hosp rate change",2026-02-21,"pmf","stable",0.2
2026-02-21,"13",0,"wk flu hosp rate change",2026-02-21,"pmf","decrease",0.2
2026-02-21,"13",0,"wk flu hosp rate change",2026-02-21,"pmf","increase",0.2
2026-02-21,"13",0,"wk flu hosp rate change",2026-02-21,"pmf","large_decrease",0.2
2026-02-21,"13",0,"wk flu hosp rate change",2026-02-21,"pmf","large_increase",0.2
2026-02-21,"13",0,"wk flu hosp rate change",2026-02-21,"pmf","stable",0.2
2026-02-21,"15",0,"wk flu hosp rate change",2026-02-21,"pmf","decrease",0.2
2026-02-21,"15",0,"wk flu hosp rate change",2026-02-21,"pmf","increase",0.2
2026-02-21,"15",0,"wk flu hosp rate change",2026-02-21,"pmf","large_decrease",0.2
2026-02-21,"15",0,"wk flu hosp rate change",2026-02-21,"pmf","large_increase",0.2
2026-02-21,"15",0,"wk flu hosp rate change",2026-02-21,"pmf","stable",0.2
2026-02-21,"16",0,"wk flu hosp rate change",2026-02-21,"pmf","decrease",0.2
2026-02-21,"16",0,"wk flu hosp rate change",2026-02-21,"pmf","increase",0.2
2026-02-21,"16",0,"wk flu hosp rate change",2026-02-21,"pmf","large_decrease",0.2
2026-02-21,"16",0,"wk flu hosp rate change",2026-02-21,"pmf","large_increase",0.2
2026-02-21,"16",0,"wk flu hosp rate change",2026-02-21,"pmf","stable",0.2
2026-02-21,"17",0,"wk flu hosp rate change",2026-02-21,"pmf","decrease",0.2
2026-02-21,"17",0,"wk flu hosp rate change",2026-02-21,"pmf","increase",0.2
2026-02-21,"17",0,"wk flu hosp rate change",2026-02-21,"pmf","large_decrease",0.2
2026-02-21,"17",0,"wk flu hosp rate change",2026-02-21,"pmf","large_increase",0.2
2026-02-21,"17",0,"wk flu hosp rate change",2026-02-21,"pmf","stable",0.2
2026-02-21,"18",0,"wk flu hosp rate change",2026-02-21,"pmf","decrease",0.2
2026-02-21,"18",0,"wk flu hosp rate change",2026-02-21,"pmf","increase",0.2
2026-02-21,"18",0,"wk flu hosp rate change",2026-02-21,"pmf","large_decrease",0.2
2026-02-21,"18",0,"wk flu hosp rate change",2026-02-21,"pmf","large_increase",0.2
2026-02-21,"18",0,"wk flu hosp rate change",2026-02-21,"pmf","stable",0.2
2026-02-21,"19",0,"wk flu hosp rate change",2026-02-21,"pmf","decrease",0.2
2026-02-21,"19",0,"wk flu hosp rate change",2026-02-21,"pmf","increase",0.2
2026-02-21,"19",0,"wk flu hosp rate change",2026-02-21,"pmf","large_decrease",0.2
2026-02-21,"19",0,"wk flu hosp rate change",2026-02-21,"pmf","large_increase",0.2
2026-02-21,"19",0,"wk flu hosp rate change",2026-02-21,"pmf","stable",0.2
2026-02-21,"20",0,"wk flu hosp rate change",2026-02-21,"pmf","decrease",0.2
2026-02-21,"20",0,"wk flu hosp rate change",2026-02-21,"pmf","increase",0.2
2026-02-21,"20",0,"wk flu hosp rate change",2026-02-21,"pmf","large_decrease",0.2
2026-02-21,"20",0,"wk flu hosp rate change",2026-02-21,"pmf","large_increase",0.2
2026-02-21,"20",0,"wk flu hosp rate change",2026-02-21,"pmf","stable",0.2
2026-02-21,"21",0,"wk flu hosp rate change",2026-02-21,"pmf","decrease",0.2
2026-02-21,"21",0,"wk flu hosp rate change",2026-02-21,"pmf","increase",0.2
2026-02-21,"21",0,"wk flu hosp rate change",2026-02-21,"pmf","large_decrease",0.2
2026-02-21,"21",0,"wk flu hosp rate change",2026-02-21,"pmf","large_increase",0.2
2026-02-21,"21",0,"wk flu hosp rate change",2026-02-21,"pmf","stable",0.2
2026-02-21,"22",0,"wk flu hosp rate change",2026-02-21,"pmf","decrease",0.2
2026-02-21,"22",0,"wk flu hosp rate change",2026-02-21,"pmf","increase",0.2
2026-02-21,"22",0,"wk flu hosp rate change",2026-02-21,"pmf","large_decrease",0.2
2026-02-21,"22",0,"wk flu hosp rate change",2026-02-21,"pmf","large_increase",0.2
2026-02-21,"22",0,"wk flu hosp rate change",2026-02-21,"pmf","stable",0.2
2026-02-21,"23",0,"wk flu hosp rate change",2026-02-21,"pmf","decrease",0.2
2026-02-21,"23",0,"wk flu hosp rate change",2026-02-21,"pmf","increase",0.2
2026-02-21,"23",0,"wk flu hosp rate change",2026-02-21,"pmf","large_decrease",0.2
2026-02-21,"23",0,"wk flu hosp rate change",2026-02-21,"pmf","large_increase",0.2
2026-02-21,"23",0,"wk flu hosp rate change",2026-02-21,"pmf","stable",0.2
2026-02-21,"24",0,"wk flu hosp rate change",2026-02-21,"pmf","decrease",0.2
2026-02-21,"24",0,"wk flu hosp rate change",2026-02-21,"pmf","increase",0.2
2026-02-21,"24",0,"wk flu hosp rate change",2026-02-21,"pmf","large_decrease",0.2
2026-02-21,"24",0,"wk flu hosp rate change",2026-02-21,"pmf","large_increase",0.2
2026-02-21,"24",0,"wk flu hosp rate change",2026-02-21,"pmf","stable",0.2
2026-02-21,"25",0,"wk flu hosp rate change",2026-02-21,"pmf","decrease",0.2
2026-02-21,"25",0,"wk flu hosp rate change",2026-02-21,"pmf","increase",0.2
2026-02-21,"25",0,"wk flu hosp rate change",2026-02-21,"pmf","large_decrease",0.2
2026-02-21,"25",0,"wk flu hosp rate change",2026-02-21,"pmf","large_increase",0.2
2026-02-21,"25",0,"wk flu hosp rate change",2026-02-21,"pmf","stable",0.2
2026-02-21,"26",0,"wk flu hosp rate change",2026-02-21,"pmf","decrease",0.2
2026-02-21,"26",0,"wk flu hosp rate change",2026-02-21,"pmf","increase",0.2
2026-02-21,"26",0,"wk flu hosp rate change",2026-02-21,"pmf","large_decrease",0.2
2026-02-21,"26",0,"wk flu hosp rate change",2026-02-21,"pmf","large_increase",0.2
2026-02-21,"26",0,"wk flu hosp rate change",2026-02-21,"pmf","stable",0.2
2026-02-21,"27",0,"wk flu hosp rate change",2026-02-21,"pmf","decrease",0.2
2026-02-21,"27",0,"wk flu hosp rate change",2026-02-21,"pmf","increase",0.2
2026-02-21,"27",0,"wk flu hosp rate change",2026-02-21,"pmf","large_decrease",0.2
2026-02-21,"27",0,"wk flu hosp rate change",2026-02-21,"pmf","large_increase",0.2
2026-02-21,"27",0,"wk flu hosp rate change",2026-02-21,"pmf","stable",0.2
2026-02-21,"28",0,"wk flu hosp rate change",2026-02-21,"pmf","decrease",0.2
2026-02-21,"28",0,"wk flu hosp rate change",2026-02-21,"pmf","increase",0.2
2026-02-21,"28",0,"wk flu hosp rate change",2026-02-21,"pmf","large_decrease",0.2
2026-02-21,"28",0,"wk flu hosp rate change",2026-02-21,"pmf","large_increase",0.2
2026-02-21,"28",0,"wk flu hosp rate change",2026-02-21,"pmf","stable",0.2
2026-02-21,"29",0,"wk flu hosp rate change",2026-02-21,"pmf","decrease",0.2
2026-02-21,"29",0,"wk flu hosp rate change",2026-02-21,"pmf","increase",0.2
2026-02-21,"29",0,"wk flu hosp rate change",2026-02-21,"pmf","large_decrease",0.2
2026-02-21,"29",0,"wk flu hosp rate change",2026-02-21,"pmf","large_increase",0.2
2026-02-21,"29",0,"wk flu hosp rate change",2026-02-21,"pmf","stable",0.2
2026-02-21,"30",0,"wk flu hosp rate change",2026-02-21,"pmf","decrease",0.2
2026-02-21,"30",0,"wk flu hosp rate change",2026-02-21,"pmf","increase",0.2
2026-02-21,"30",0,"wk flu hosp rate change",2026-02-21,"pmf","large_decrease",0.2
2026-02-21,"30",0,"wk flu hosp rate change",2026-02-21,"pmf","large_increase",0.2
2026-02-21,"30",0,"wk flu hosp rate change",2026-02-21,"pmf","stable",0.2
2026-02-21,"31",0,"wk flu hosp rate change",2026-02-21,"pmf","decrease",0.2
2026-02-21,"31",0,"wk flu hosp rate change",2026-02-21,"pmf","increase",0.2
2026-02-21,"31",0,"wk flu hosp rate change",2026-02-21,"pmf","large_decrease",0.2
2026-02-21,"31",0,"wk flu hosp rate change",2026-02-21,"pmf","large_increase",0.2
2026-02-21,"31",0,"wk flu hosp rate change",2026-02-21,"pmf","stable",0.2
2026-02-21,"32",0,"wk flu hosp rate change",2026-02-21,"pmf","decrease",0.2
2026-02-21,"32",0,"wk flu hosp rate change",2026-02-21,"pmf","increase",0.2
2026-02-21,"32",0,"wk flu hosp rate change",2026-02-21,"pmf","large_decrease",0.2
2026-02-21,"32",0,"wk flu hosp rate change",2026-02-21,"pmf","large_increase",0.2
2026-02-21,"32",0,"wk flu hosp rate change",2026-02-21,"pmf","stable",0.2
2026-02-21,"33",0,"wk flu hosp rate change",2026-02-21,"pmf","decrease",0.2
2026-02-21,"33",0,"wk flu hosp rate change",2026-02-21,"pmf","increase",0.2
2026-02-21,"33",0,"wk flu hosp rate change",2026-02-21,"pmf","large_decrease",0.2
2026-02-21,"33",0,"wk flu hosp rate change",2026-02-21,"pmf","large_increase",0.2
2026-02-21,"33",0,"wk flu hosp rate change",2026-02-21,"pmf","stable",0.2
2026-02-21,"34",0,"wk flu hosp rate change",2026-02-21,"pmf","decrease",0.2
2026-02-21,"34",0,"wk flu hosp rate change",2026-02-21,"pmf","increase",0.2
2026-02-21,"34",0,"wk flu hosp rate change",2026-02-21,"pmf","large_decrease",0.2
2026-02-21,"34",0,"wk flu hosp rate change",2026-02-21,"pmf","large_increase",0.2
2026-02-21,"34",0,"wk flu hosp rate change",2026-02-21,"pmf","stable",0.2
2026-02-21,"35",0,"wk flu hosp rate change",2026-02-21,"pmf","decrease",0.2
2026-02-21,"35",0,"wk flu hosp rate change",2026-02-21,"pmf","increase",0.2
2026-02-21,"35",0,"wk flu hosp rate change",2026-02-21,"pmf","large_decrease",0.2
2026-02-21,"35",0,"wk flu hosp rate change",2026-02-21,"pmf","large_increase",0.2
2026-02-21,"35",0,"wk flu hosp rate change",2026-02-21,"pmf","stable",0.2
2026-02-21,"36",0,"wk flu hosp rate change",2026-02-21,"pmf","decrease",0.2
2026-02-21,"36",0,"wk flu hosp rate change",2026-02-21,"pmf","increase",0.2
2026-02-21,"36",0,"wk flu hosp rate change",2026-02-21,"pmf","large_decrease",0.2
2026-02-21,"36",0,"wk flu hosp rate change",2026-02-21,"pmf","large_increase",0.2
2026-02-21,"36",0,"wk flu hosp rate change",2026-02-21,"pmf","stable",0.2
2026-02-21,"37",0,"wk flu hosp rate change",2026-02-21,"pmf","decrease",0.2
2026-02-21,"37",0,"wk flu hosp rate change",2026-02-21,"pmf","increase",0.2
2026-02-21,"37",0,"wk flu hosp rate change",2026-02-21,"pmf","large_decrease",0.2
2026-02-21,"37",0,"wk flu hosp rate change",2026-02-21,"pmf","large_increase",0.2
2026-02-21,"37",0,"wk flu hosp rate change",2026-02-21,"pmf","stable",0.2
2026-02-21,"38",0,"wk flu hosp rate change",2026-02-21,"pmf","decrease",0.2
2026-02-21,"38",0,"wk flu hosp rate change",2026-02-21,"pmf","increase",0.2
2026-02-21,"38",0,"wk flu hosp rate change",2026-02-21,"pmf","large_decrease",0.2
2026-02-21,"38",0,"wk flu hosp rate change",2026-02-21,"pmf","large_increase",0.2
2026-02-21,"38",0,"wk flu hosp rate change",2026-02-21,"pmf","stable",0.2
2026-02-21,"39",0,"wk flu hosp rate change",2026-02-21,"pmf","decrease",0.2
2026-02-21,"39",0,"wk flu hosp rate change",2026-02-21,"pmf","increase",0.2
2026-02-21,"39",0,"wk flu hosp rate change",2026-02-21,"pmf","large_decrease",0.2
2026-02-21,"39",0,"wk flu hosp rate change",2026-02-21,"pmf","large_increase",0.2
2026-02-21,"39",0,"wk flu hosp rate change",2026-02-21,"pmf","stable",0.2
2026-02-21,"40",0,"wk flu hosp rate change",2026-02-21,"pmf","decrease",0.2
2026-02-21,"40",0,"wk flu hosp rate change",2026-02-21,"pmf","increase",0.2
2026-02-21,"40",0,"wk flu hosp rate change",2026-02-21,"pmf","large_decrease",0.2
2026-02-21,"40",0,"wk flu hosp rate change",2026-02-21,"pmf","large_increase",0.2
2026-02-21,"40",0,"wk flu hosp rate change",2026-02-21,"pmf","stable",0.2
2026-02-21,"41",0,"wk flu hosp rate change",2026-02-21,"pmf","decrease",0.2
2026-02-21,"41",0,"wk flu hosp rate change",2026-02-21,"pmf","increase",0.2
2026-02-21,"41",0,"wk flu hosp rate change",2026-02-21,"pmf","large_decrease",0.2
2026-02-21,"41",0,"wk flu hosp rate change",2026-02-21,"pmf","large_increase",0.2
2026-02-21,"41",0,"wk flu hosp rate change",2026-02-21,"pmf","stable",0.2
2026-02-21,"42",0,"wk flu hosp rate change",2026-02-21,"pmf","decrease",0.2
2026-02-21,"42",0,"wk flu hosp rate change",2026-02-21,"pmf","increase",0.2
2026-02-21,"42",0,"wk flu hosp rate change",2026-02-21,"pmf","large_decrease",0.2
2026-02-21,"42",0,"wk flu hosp rate change",2026-02-21,"pmf","large_increase",0.2
2026-02-21,"42",0,"wk flu hosp rate change",2026-02-21,"pmf","stable",0.2
2026-02-21,"44",0,"wk flu hosp rate change",2026-02-21,"pmf","decrease",0.2
2026-02-21,"44",0,"wk flu hosp rate change",2026-02-21,"pmf","increase",0.2
2026-02-21,"44",0,"wk flu hosp rate change",2026-02-21,"pmf","large_decrease",0.2
2026-02-21,"44",0,"wk flu hosp rate change",2026-02-21,"pmf","large_increase",0.2
2026-02-21,"44",0,"wk flu hosp rate change",2026-02-21,"pmf","stable",0.2
2026-02-21,"45",0,"wk flu hosp rate change",2026-02-21,"pmf","decrease",0.2
2026-02-21,"45",0,"wk flu hosp rate change",2026-02-21,"pmf","increase",0.2
2026-02-21,"45",0,"wk flu hosp rate change",2026-02-21,"pmf","large_decrease",0.2
2026-02-21,"45",0,"wk flu hosp rate change",2026-02-21,"pmf","large_increase",0.2
2026-02-21,"45",0,"wk flu hosp rate change",2026-02-21,"pmf","stable",0.2
2026-02-21,"46",0,"wk flu hosp rate change",2026-02-21,"pmf","decrease",0.2
2026-02-21,"46",0,"wk flu hosp rate change",2026-02-21,"pmf","increase",0.2
2026-02-21,"46",0,"wk flu hosp rate change",2026-02-21,"pmf","large_decrease",0.2
2026-02-21,"46",0,"wk flu hosp rate change",2026-02-21,"pmf","large_increase",0.2
2026-02-21,"46",0,"wk flu hosp rate change",2026-02-21,"pmf","stable",0.2
2026-02-21,"47",0,"wk flu hosp rate change",2026-02-21,"pmf","decrease",0.2
2026-02-21,"47",0,"wk flu hosp rate change",2026-02-21,"pmf","increase",0.2
2026-02-21,"47",0,"wk flu hosp rate change",2026-02-21,"pmf","large_decrease",0.2
2026-02-21,"47",0,"wk flu hosp rate change",2026-02-21,"pmf","large_increase",0.2
2026-02-21,"47",0,"wk flu hosp rate change",2026-02-21,"pmf","stable",0.2
2026-02-21,"48",0,"wk flu hosp rate change",2026-02-21,"pmf","decrease",0.2
2026-02-21,"48",0,"wk flu hosp rate change",2026-02-21,"pmf","increase",0.2
2026-02-21,"48",0,"wk flu hosp rate change",2026-02-21,"pmf","large_decrease",0.2
2026-02-21,"48",0,"wk flu hosp rate change",2026-02-21,"pmf","large_increase",0.2
2026-02-21,"48",0,"wk flu hosp rate change",2026-02-21,"pmf","stable",0.2
2026-02-21,"49",0,"wk flu hosp rate change",2026-02-21,"pmf","decrease",0.2
2026-02-21,"49",0,"wk flu hosp rate change",2026-02-21,"pmf","increase",0.2
2026-02-21,"49",0,"wk flu hosp rate change",2026-02-21,"pmf","large_decrease",0.2
2026-02-21,"49",0,"wk flu hosp rate change",2026-02-21,"pmf","large_increase",0.2
2026-02-21,"49",0,"wk flu hosp rate change",2026-02-21,"pmf","stable",0.2
2026-02-21,"50",0,"wk flu hosp rate change",2026-02-21,"pmf","decrease",0.2
2026-02-21,"50",0,"wk flu hosp rate change",2026-02-21,"pmf","increase",0.2
2026-02-21,"50",0,"wk flu hosp rate change",2026-02-21,"pmf","large_decrease",0.2
2026-02-21,"50",0,"wk flu hosp rate change",2026-02-21,"pmf","large_increase",0.2
2026-02-21,"50",0,"wk flu hosp rate change",2026-02-21,"pmf","stable",0.2
2026-02-21,"51",0,"wk flu hosp rate change",2026-02-21,"pmf","decrease",0.2
2026-02-21,"51",0,"wk flu hosp rate change",2026-02-21,"pmf","increase",0.2
2026-02-21,"51",0,"wk flu hosp rate change",2026-02-21,"pmf","large_decrease",0.2
2026-02-21,"51",0,"wk flu hosp rate change",2026-02-21,"pmf","large_increase",0.2
2026-02-21,"51",0,"wk flu hosp rate change",2026-02-21,"pmf","stable",0.2
2026-02-21,"53",0,"wk flu hosp rate change",2026-02-21,"pmf","decrease",0.2
2026-02-21,"53",0,"wk flu hosp rate change",2026-02-21,"pmf","increase",0.2
2026-02-21,"53",0,"wk flu hosp rate change",2026-02-21,"pmf","large_decrease",0.2
2026-02-21,"53",0,"wk flu hosp rate change",2026-02-21,"pmf","large_increase",0.2
2026-02-21,"53",0,"wk flu hosp rate change",2026-02-21,"pmf","stable",0.2
2026-02-21,"54",0,"wk flu hosp rate change",2026-02-21,"pmf","decrease",0.2
2026-02-21,"54",0,"wk flu hosp rate change",2026-02-21,"pmf","increase",0.2
2026-02-21,"54",0,"wk flu hosp rate change",2026-02-21,"pmf","large_decrease",0.2
2026-02-21,"54",0,"wk flu hosp rate change",2026-02-21,"pmf","large_increase",0.2
2026-02-21,"54",0,"wk flu hosp rate change",2026-02-21,"pmf","stable",0.2
2026-02-21,"55",0,"wk flu hosp rate change",2026-02-21,"pmf","decrease",0.2
2026-02-21,"55",0,"wk flu hosp rate change",2026-02-21,"pmf","increase",0.2
2026-02-21,"55",0,"wk flu hosp rate change",2026-02-21,"pmf","large_decrease",0.2
2026-02-21,"55",0,"wk flu hosp rate change",2026-02-21,"pmf","large_increase",0.2
2026-02-21,"55",0,"wk flu hosp rate change",2026-02-21,"pmf","stable",0.2
2026-02-21,"56",0,"wk flu hosp rate change",2026-02-21,"pmf","decrease",0.2
2026-02-21,"56",0,"wk flu hosp rate change",2026-02-21,"pmf","increase",0.2
2026-02-21,"56",0,"wk flu hosp rate change",2026-02-21,"pmf","large_decrease",0.2
2026-02-21,"56",0,"wk flu hosp rate change",2026-02-21,"pmf","large_increase",0.2
2026-02-21,"56",0,"wk flu hosp rate change",2026-02-21,"pmf","stable",0.2
2026-02-21,"72",0,"wk flu hosp rate change",2026-02-21,"pmf","decrease",0.2
2026-02-21,"72",0,"wk flu hosp rate change",2026-02-21,"pmf","increase",0.2
2026-02-21,"72",0,"wk flu hosp rate change",2026-02-21,"pmf","large_decrease",0.2
2026-02-21,"72",0,"wk flu hosp rate change",2026-02-21,"pmf","large_increase",0.2
2026-02-21,"72",0,"wk flu hosp rate change",2026-02-21,"pmf","stable",0.2
2026-02-21,"US",0,"wk flu hosp rate change",2026-02-21,"pmf","decrease",0.2
2026-02-21,"US",0,"wk flu hosp rate change",2026-02-21,"pmf","increase",0.2
2026-02-21,"US",0,"wk flu hosp rate change",2026-02-21,"pmf","large_decrease",0.2
2026-02-21,"US",0,"wk flu hosp rate change",2026-02-21,"pmf","large_increase",0.2
2026-02-21,"US",0,"wk flu hosp rate change",2026-02-21,"pmf","stable",0.2
2026-02-21,"01",1,"wk flu hosp rate change",2026-02-28,"pmf","decrease",0.2
2026-02-21,"01",1,"wk flu hosp rate change",2026-02-28,"pmf","increase",0.2
2026-02-21,"01",1,"wk flu hosp rate change",2026-02-28,"pmf","large_decrease",0.2
2026-02-21,"01",1,"wk flu hosp rate change",2026-02-28,"pmf","large_increase",0.2
2026-02-21,"01",1,"wk flu hosp rate change",2026-02-28,"pmf","stable",0.2
2026-02-21,"02",1,"wk flu hosp rate change",2026-02-28,"pmf","decrease",0.2
2026-02-21,"02",1,"wk flu hosp rate change",2026-02-28,"pmf","increase",0.2
2026-02-21,"02",1,"wk flu hosp rate change",2026-02-28,"pmf","large_decrease",0.2
2026-02-21,"02",1,"wk flu hosp rate change",2026-02-28,"pmf","large_increase",0.2
2026-02-21,"02",1,"wk flu hosp rate change",2026-02-28,"pmf","stable",0.2
2026-02-21,"04",1,"wk flu hosp rate change",2026-02-28,"pmf","decrease",0.2
2026-02-21,"04",1,"wk flu hosp rate change",2026-02-28,"pmf","increase",0.2
2026-02-21,"04",1,"wk flu hosp rate change",2026-02-28,"pmf","large_decrease",0.2
2026-02-21,"04",1,"wk flu hosp rate change",2026-02-28,"pmf","large_increase",0.2
2026-02-21,"04",1,"wk flu hosp rate change",2026-02-28,"pmf","stable",0.2
2026-02-21,"05",1,"wk flu hosp rate change",2026-02-28,"pmf","decrease",0.2
2026-02-21,"05",1,"wk flu hosp rate change",2026-02-28,"pmf","increase",0.2
2026-02-21,"05",1,"wk flu hosp rate change",2026-02-28,"pmf","large_decrease",0.2
2026-02-21,"05",1,"wk flu hosp rate change",2026-02-28,"pmf","large_increase",0.2
2026-02-21,"05",1,"wk flu hosp rate change",2026-02-28,"pmf","stable",0.2
2026-02-21,"06",1,"wk flu hosp rate change",2026-02-28,"pmf","decrease",0.2
2026-02-21,"06",1,"wk flu hosp rate change",2026-02-28,"pmf","increase",0.2
2026-02-21,"06",1,"wk flu hosp rate change",2026-02-28,"pmf","large_decrease",0.2
2026-02-21,"06",1,"wk flu hosp rate change",2026-02-28,"pmf","large_increase",0.2
2026-02-21,"06",1,"wk flu hosp rate change",2026-02-28,"pmf","stable",0.2
2026-02-21,"08",1,"wk flu hosp rate change",2026-02-28,"pmf","decrease",0.2
2026-02-21,"08",1,"wk flu hosp rate change",2026-02-28,"pmf","increase",0.2
2026-02-21,"08",1,"wk flu hosp rate change",2026-02-28,"pmf","large_decrease",0.2
2026-02-21,"08",1,"wk flu hosp rate change",2026-02-28,"pmf","large_increase",0.2
2026-02-21,"08",1,"wk flu hosp rate change",2026-02-28,"pmf","stable",0.2
2026-02-21,"09",1,"wk flu hosp rate change",2026-02-28,"pmf","decrease",0.2
2026-02-21,"09",1,"wk flu hosp rate change",2026-02-28,"pmf","increase",0.2
2026-02-21,"09",1,"wk flu hosp rate change",2026-02-28,"pmf","large_decrease",0.2
2026-02-21,"09",1,"wk flu hosp rate change",2026-02-28,"pmf","large_increase",0.2
2026-02-21,"09",1,"wk flu hosp rate change",2026-02-28,"pmf","stable",0.2
2026-02-21,"10",1,"wk flu hosp rate change",2026-02-28,"pmf","decrease",0.2
2026-02-21,"10",1,"wk flu hosp rate change",2026-02-28,"pmf","increase",0.2
2026-02-21,"10",1,"wk flu hosp rate change",2026-02-28,"pmf","large_decrease",0.2
2026-02-21,"10",1,"wk flu hosp rate change",2026-02-28,"pmf","large_increase",0.2
2026-02-21,"10",1,"wk flu hosp rate change",2026-02-28,"pmf","stable",0.2
2026-02-21,"11",1,"wk flu hosp rate change",2026-02-28,"pmf","decrease",0.2
2026-02-21,"11",1,"wk flu hosp rate change",2026-02-28,"pmf","increase",0.2
2026-02-21,"11",1,"wk flu hosp rate change",2026-02-28,"pmf","large_decrease",0.2
2026-02-21,"11",1,"wk flu hosp rate change",2026-02-28,"pmf","large_increase",0.2
2026-02-21,"11",1,"wk flu hosp rate change",2026-02-28,"pmf","stable",0.2
2026-02-21,"12",1,"wk flu hosp rate change",2026-02-28,"pmf","decrease",0.2
2026-02-21,"12",1,"wk flu hosp rate change",2026-02-28,"pmf","increase",0.2
2026-02-21,"12",1,"wk flu hosp rate change",2026-02-28,"pmf","large_decrease",0.2
2026-02-21,"12",1,"wk flu hosp rate change",2026-02-28,"pmf","large_increase",0.2
2026-02-21,"12",1,"wk flu hosp rate change",2026-02-28,"pmf","stable",0.2
2026-02-21,"13",1,"wk flu hosp rate change",2026-02-28,"pmf","decrease",0.2
2026-02-21,"13",1,"wk flu hosp rate change",2026-02-28,"pmf","increase",0.2
2026-02-21,"13",1,"wk flu hosp rate change",2026-02-28,"pmf","large_decrease",0.2
2026-02-21,"13",1,"wk flu hosp rate change",2026-02-28,"pmf","large_increase",0.2
2026-02-21,"13",1,"wk flu hosp rate change",2026-02-28,"pmf","stable",0.2
2026-02-21,"15",1,"wk flu hosp rate change",2026-02-28,"pmf","decrease",0.2
2026-02-21,"15",1,"wk flu hosp rate change",2026-02-28,"pmf","increase",0.2
2026-02-21,"15",1,"wk flu hosp rate change",2026-02-28,"pmf","large_decrease",0.2
2026-02-21,"15",1,"wk flu hosp rate change",2026-02-28,"pmf","large_increase",0.2
2026-02-21,"15",1,"wk flu hosp rate change",2026-02-28,"pmf","stable",0.2
2026-02-21,"16",1,"wk flu hosp rate change",2026-02-28,"pmf","decrease",0.2
2026-02-21,"16",1,"wk flu hosp rate change",2026-02-28,"pmf","increase",0.2
2026-02-21,"16",1,"wk flu hosp rate change",2026-02-28,"pmf","large_decrease",0.2
2026-02-21,"16",1,"wk flu hosp rate change",2026-02-28,"pmf","large_increase",0.2
2026-02-21,"16",1,"wk flu hosp rate change",2026-02-28,"pmf","stable",0.2
2026-02-21,"17",1,"wk flu hosp rate change",2026-02-28,"pmf","decrease",0.2
2026-02-21,"17",1,"wk flu hosp rate change",2026-02-28,"pmf","increase",0.2
2026-02-21,"17",1,"wk flu hosp rate change",2026-02-28,"pmf","large_decrease",0.2
2026-02-21,"17",1,"wk flu hosp rate change",2026-02-28,"pmf","large_increase",0.2
2026-02-21,"17",1,"wk flu hosp rate change",2026-02-28,"pmf","stable",0.2
2026-02-21,"18",1,"wk flu hosp rate change",2026-02-28,"pmf","decrease",0.2
2026-02-21,"18",1,"wk flu hosp rate change",2026-02-28,"pmf","increase",0.2
2026-02-21,"18",1,"wk flu hosp rate change",2026-02-28,"pmf","large_decrease",0.2
2026-02-21,"18",1,"wk flu hosp rate change",2026-02-28,"pmf","large_increase",0.2
2026-02-21,"18",1,"wk flu hosp rate change",2026-02-28,"pmf","stable",0.2
2026-02-21,"19",1,"wk flu hosp rate change",2026-02-28,"pmf","decrease",0.2
2026-02-21,"19",1,"wk flu hosp rate change",2026-02-28,"pmf","increase",0.2
2026-02-21,"19",1,"wk flu hosp rate change",2026-02-28,"pmf","large_decrease",0.2
2026-02-21,"19",1,"wk flu hosp rate change",2026-02-28,"pmf","large_increase",0.2
2026-02-21,"19",1,"wk flu hosp rate change",2026-02-28,"pmf","stable",0.2
2026-02-21,"20",1,"wk flu hosp rate change",2026-02-28,"pmf","decrease",0.2
2026-02-21,"20",1,"wk flu hosp rate change",2026-02-28,"pmf","increase",0.2
2026-02-21,"20",1,"wk flu hosp rate change",2026-02-28,"pmf","large_decrease",0.2
2026-02-21,"20",1,"wk flu hosp rate change",2026-02-28,"pmf","large_increase",0.2
2026-02-21,"20",1,"wk flu hosp rate change",2026-02-28,"pmf","stable",0.2
2026-02-21,"21",1,"wk flu hosp rate change",2026-02-28,"pmf","decrease",0.2
2026-02-21,"21",1,"wk flu hosp rate change",2026-02-28,"pmf","increase",0.2
2026-02-21,"21",1,"wk flu hosp rate change",2026-02-28,"pmf","large_decrease",0.2
2026-02-21,"21",1,"wk flu hosp rate change",2026-02-28,"pmf","large_increase",0.2
2026-02-21,"21",1,"wk flu hosp rate change",2026-02-28,"pmf","stable",0.2
2026-02-21,"22",1,"wk flu hosp rate change",2026-02-28,"pmf","decrease",0.2
2026-02-21,"22",1,"wk flu hosp rate change",2026-02-28,"pmf","increase",0.2
2026-02-21,"22",1,"wk flu hosp rate change",2026-02-28,"pmf","large_decrease",0.2
2026-02-21,"22",1,"wk flu hosp rate change",2026-02-28,"pmf","large_increase",0.2
2026-02-21,"22",1,"wk flu hosp rate change",2026-02-28,"pmf","stable",0.2
2026-02-21,"23",1,"wk flu hosp rate change",2026-02-28,"pmf","decrease",0.2
2026-02-21,"23",1,"wk flu hosp rate change",2026-02-28,"pmf","increase",0.2
2026-02-21,"23",1,"wk flu hosp rate change",2026-02-28,"pmf","large_decrease",0.2
2026-02-21,"23",1,"wk flu hosp rate change",2026-02-28,"pmf","large_increase",0.2
2026-02-21,"23",1,"wk flu hosp rate change",2026-02-28,"pmf","stable",0.2
2026-02-21,"24",1,"wk flu hosp rate change",2026-02-28,"pmf","decrease",0.2
2026-02-21,"24",1,"wk flu hosp rate change",2026-02-28,"pmf","increase",0.2
2026-02-21,"24",1,"wk flu hosp rate change",2026-02-28,"pmf","large_decrease",0.2
2026-02-21,"24",1,"wk flu hosp rate change",2026-02-28,"pmf","large_increase",0.2
2026-02-21,"24",1,"wk flu hosp rate change",2026-02-28,"pmf","stable",0.2
2026-02-21,"25",1,"wk flu hosp rate change",2026-02-28,"pmf","decrease",0.2
2026-02-21,"25",1,"wk flu hosp rate change",2026-02-28,"pmf","increase",0.2
2026-02-21,"25",1,"wk flu hosp rate change",2026-02-28,"pmf","large_decrease",0.2
2026-02-21,"25",1,"wk flu hosp rate change",2026-02-28,"pmf","large_increase",0.2
2026-02-21,"25",1,"wk flu hosp rate change",2026-02-28,"pmf","stable",0.2
2026-02-21,"26",1,"wk flu hosp rate change",2026-02-28,"pmf","decrease",0.2
2026-02-21,"26",1,"wk flu hosp rate change",2026-02-28,"pmf","increase",0.2
2026-02-21,"26",1,"wk flu hosp rate change",2026-02-28,"pmf","large_decrease",0.2
2026-02-21,"26",1,"wk flu hosp rate change",2026-02-28,"pmf","large_increase",0.2
2026-02-21,"26",1,"wk flu hosp rate change",2026-02-28,"pmf","stable",0.2
2026-02-21,"27",1,"wk flu hosp rate change",2026-02-28,"pmf","decrease",0.2
2026-02-21,"27",1,"wk flu hosp rate change",2026-02-28,"pmf","increase",0.2
2026-02-21,"27",1,"wk flu hosp rate change",2026-02-28,"pmf","large_decrease",0.2
2026-02-21,"27",1,"wk flu hosp rate change",2026-02-28,"pmf","large_increase",0.2
2026-02-21,"27",1,"wk flu hosp rate change",2026-02-28,"pmf","stable",0.2
2026-02-21,"28",1,"wk flu hosp rate change",2026-02-28,"pmf","decrease",0.2
2026-02-21,"28",1,"wk flu hosp rate change",2026-02-28,"pmf","increase",0.2
2026-02-21,"28",1,"wk flu hosp rate change",2026-02-28,"pmf","large_decrease",0.2
2026-02-21,"28",1,"wk flu hosp rate change",2026-02-28,"pmf","large_increase",0.2
2026-02-21,"28",1,"wk flu hosp rate change",2026-02-28,"pmf","stable",0.2
2026-02-21,"29",1,"wk flu hosp rate change",2026-02-28,"pmf","decrease",0.2
2026-02-21,"29",1,"wk flu hosp rate change",2026-02-28,"pmf","increase",0.2
2026-02-21,"29",1,"wk flu hosp rate change",2026-02-28,"pmf","large_decrease",0.2
2026-02-21,"29",1,"wk flu hosp rate change",2026-02-28,"pmf","large_increase",0.2
2026-02-21,"29",1,"wk flu hosp rate change",2026-02-28,"pmf","stable",0.2
2026-02-21,"30",1,"wk flu hosp rate change",2026-02-28,"pmf","decrease",0.2
2026-02-21,"30",1,"wk flu hosp rate change",2026-02-28,"pmf","increase",0.2
2026-02-21,"30",1,"wk flu hosp rate change",2026-02-28,"pmf","large_decrease",0.2
2026-02-21,"30",1,"wk flu hosp rate change",2026-02-28,"pmf","large_increase",0.2
2026-02-21,"30",1,"wk flu hosp rate change",2026-02-28,"pmf","stable",0.2
2026-02-21,"31",1,"wk flu hosp rate change",2026-02-28,"pmf","decrease",0.2
2026-02-21,"31",1,"wk flu hosp rate change",2026-02-28,"pmf","increase",0.2
2026-02-21,"31",1,"wk flu hosp rate change",2026-02-28,"pmf","large_decrease",0.2
2026-02-21,"31",1,"wk flu hosp rate change",2026-02-28,"pmf","large_increase",0.2
2026-02-21,"31",1,"wk flu hosp rate change",2026-02-28,"pmf","stable",0.2
2026-02-21,"32",1,"wk flu hosp rate change",2026-02-28,"pmf","decrease",0.2
2026-02-21,"32",1,"wk flu hosp rate change",2026-02-28,"pmf","increase",0.2
2026-02-21,"32",1,"wk flu hosp rate change",2026-02-28,"pmf","large_decrease",0.2
2026-02-21,"32",1,"wk flu hosp rate change",2026-02-28,"pmf","large_increase",0.2
2026-02-21,"32",1,"wk flu hosp rate change",2026-02-28,"pmf","stable",0.2
2026-02-21,"33",1,"wk flu hosp rate change",2026-02-28,"pmf","decrease",0.2
2026-02-21,"33",1,"wk flu hosp rate change",2026-02-28,"pmf","increase",0.2
2026-02-21,"33",1,"wk flu hosp rate change",2026-02-28,"pmf","large_decrease",0.2
2026-02-21,"33",1,"wk flu hosp rate change",2026-02-28,"pmf","large_increase",0.2
2026-02-21,"33",1,"wk flu hosp rate change",2026-02-28,"pmf","stable",0.2
2026-02-21,"34",1,"wk flu hosp rate change",2026-02-28,"pmf","decrease",0.2
2026-02-21,"34",1,"wk flu hosp rate change",2026-02-28,"pmf","increase",0.2
2026-02-21,"34",1,"wk flu hosp rate change",2026-02-28,"pmf","large_decrease",0.2
2026-02-21,"34",1,"wk flu hosp rate change",2026-02-28,"pmf","large_increase",0.2
2026-02-21,"34",1,"wk flu hosp rate change",2026-02-28,"pmf","stable",0.2
2026-02-21,"35",1,"wk flu hosp rate change",2026-02-28,"pmf","decrease",0.2
2026-02-21,"35",1,"wk flu hosp rate change",2026-02-28,"pmf","increase",0.2
2026-02-21,"35",1,"wk flu hosp rate change",2026-02-28,"pmf","large_decrease",0.2
2026-02-21,"35",1,"wk flu hosp rate change",2026-02-28,"pmf","large_increase",0.2
2026-02-21,"35",1,"wk flu hosp rate change",2026-02-28,"pmf","stable",0.2
2026-02-21,"36",1,"wk flu hosp rate change",2026-02-28,"pmf","decrease",0.2
2026-02-21,"36",1,"wk flu hosp rate change",2026-02-28,"pmf","increase",0.2
2026-02-21,"36",1,"wk flu hosp rate change",2026-02-28,"pmf","large_decrease",0.2
2026-02-21,"36",1,"wk flu hosp rate change",2026-02-28,"pmf","large_increase",0.2
2026-02-21,"36",1,"wk flu hosp rate change",2026-02-28,"pmf","stable",0.2
2026-02-21,"37",1,"wk flu hosp rate change",2026-02-28,"pmf","decrease",0.2
2026-02-21,"37",1,"wk flu hosp rate change",2026-02-28,"pmf","increase",0.2
2026-02-21,"37",1,"wk flu hosp rate change",2026-02-28,"pmf","large_decrease",0.2
2026-02-21,"37",1,"wk flu hosp rate change",2026-02-28,"pmf","large_increase",0.2
2026-02-21,"37",1,"wk flu hosp rate change",2026-02-28,"pmf","stable",0.2
2026-02-21,"38",1,"wk flu hosp rate change",2026-02-28,"pmf","decrease",0.2
2026-02-21,"38",1,"wk flu hosp rate change",2026-02-28,"pmf","increase",0.2
2026-02-21,"38",1,"wk flu hosp rate change",2026-02-28,"pmf","large_decrease",0.2
2026-02-21,"38",1,"wk flu hosp rate change",2026-02-28,"pmf","large_increase",0.2
2026-02-21,"38",1,"wk flu hosp rate change",2026-02-28,"pmf","stable",0.2
2026-02-21,"39",1,"wk flu hosp rate change",2026-02-28,"pmf","decrease",0.2
2026-02-21,"39",1,"wk flu hosp rate change",2026-02-28,"pmf","increase",0.2
2026-02-21,"39",1,"wk flu hosp rate change",2026-02-28,"pmf","large_decrease",0.2
2026-02-21,"39",1,"wk flu hosp rate change",2026-02-28,"pmf","large_increase",0.2
2026-02-21,"39",1,"wk flu hosp rate change",2026-02-28,"pmf","stable",0.2
2026-02-21,"40",1,"wk flu hosp rate change",2026-02-28,"pmf","decrease",0.2
2026-02-21,"40",1,"wk flu hosp rate change",2026-02-28,"pmf","increase",0.2
2026-02-21,"40",1,"wk flu hosp rate change",2026-02-28,"pmf","large_decrease",0.2
2026-02-21,"40",1,"wk flu hosp rate change",2026-02-28,"pmf","large_increase",0.2
2026-02-21,"40",1,"wk flu hosp rate change",2026-02-28,"pmf","stable",0.2
2026-02-21,"41",1,"wk flu hosp rate change",2026-02-28,"pmf","decrease",0.2
2026-02-21,"41",1,"wk flu hosp rate change",2026-02-28,"pmf","increase",0.2
2026-02-21,"41",1,"wk flu hosp rate change",2026-02-28,"pmf","large_decrease",0.2
2026-02-21,"41",1,"wk flu hosp rate change",2026-02-28,"pmf","large_increase",0.2
2026-02-21,"41",1,"wk flu hosp rate change",2026-02-28,"pmf","stable",0.2
2026-02-21,"42",1,"wk flu hosp rate change",2026-02-28,"pmf","decrease",0.2
2026-02-21,"42",1,"wk flu hosp rate change",2026-02-28,"pmf","increase",0.2
2026-02-21,"42",1,"wk flu hosp rate change",2026-02-28,"pmf","large_decrease",0.2
2026-02-21,"42",1,"wk flu hosp rate change",2026-02-28,"pmf","large_increase",0.2
2026-02-21,"42",1,"wk flu hosp rate change",2026-02-28,"pmf","stable",0.2
2026-02-21,"44",1,"wk flu hosp rate change",2026-02-28,"pmf","decrease",0.2
2026-02-21,"44",1,"wk flu hosp rate change",2026-02-28,"pmf","increase",0.2
2026-02-21,"44",1,"wk flu hosp rate change",2026-02-28,"pmf","large_decrease",0.2
2026-02-21,"44",1,"wk flu hosp rate change",2026-02-28,"pmf","large_increase",0.2
2026-02-21,"44",1,"wk flu hosp rate change",2026-02-28,"pmf","stable",0.2
2026-02-21,"45",1,"wk flu hosp rate change",2026-02-28,"pmf","decrease",0.2
2026-02-21,"45",1,"wk flu hosp rate change",2026-02-28,"pmf","increase",0.2
2026-02-21,"45",1,"wk flu hosp rate change",2026-02-28,"pmf","large_decrease",0.2
2026-02-21,"45",1,"wk flu hosp rate change",2026-02-28,"pmf","large_increase",0.2
2026-02-21,"45",1,"wk flu hosp rate change",2026-02-28,"pmf","stable",0.2
2026-02-21,"46",1,"wk flu hosp rate change",2026-02-28,"pmf","decrease",0.2
2026-02-21,"46",1,"wk flu hosp rate change",2026-02-28,"pmf","increase",0.2
2026-02-21,"46",1,"wk flu hosp rate change",2026-02-28,"pmf","large_decrease",0.2
2026-02-21,"46",1,"wk flu hosp rate change",2026-02-28,"pmf","large_increase",0.2
2026-02-21,"46",1,"wk flu hosp rate change",2026-02-28,"pmf","stable",0.2
2026-02-21,"47",1,"wk flu hosp rate change",2026-02-28,"pmf","decrease",0.2
2026-02-21,"47",1,"wk flu hosp rate change",2026-02-28,"pmf","increase",0.2
2026-02-21,"47",1,"wk flu hosp rate change",2026-02-28,"pmf","large_decrease",0.2
2026-02-21,"47",1,"wk flu hosp rate change",2026-02-28,"pmf","large_increase",0.2
2026-02-21,"47",1,"wk flu hosp rate change",2026-02-28,"pmf","stable",0.2
2026-02-21,"48",1,"wk flu hosp rate change",2026-02-28,"pmf","decrease",0.2
2026-02-21,"48",1,"wk flu hosp rate change",2026-02-28,"pmf","increase",0.2
2026-02-21,"48",1,"wk flu hosp rate change",2026-02-28,"pmf","large_decrease",0.2
2026-02-21,"48",1,"wk flu hosp rate change",2026-02-28,"pmf","large_increase",0.2
2026-02-21,"48",1,"wk flu hosp rate change",2026-02-28,"pmf","stable",0.2
2026-02-21,"49",1,"wk flu hosp rate change",2026-02-28,"pmf","decrease",0.2
2026-02-21,"49",1,"wk flu hosp rate change",2026-02-28,"pmf","increase",0.2
2026-02-21,"49",1,"wk flu hosp rate change",2026-02-28,"pmf","large_decrease",0.2
2026-02-21,"49",1,"wk flu hosp rate change",2026-02-28,"pmf","large_increase",0.2
2026-02-21,"49",1,"wk flu hosp rate change",2026-02-28,"pmf","stable",0.2
2026-02-21,"50",1,"wk flu hosp rate change",2026-02-28,"pmf","decrease",0.2
2026-02-21,"50",1,"wk flu hosp rate change",2026-02-28,"pmf","increase",0.2
2026-02-21,"50",1,"wk flu hosp rate change",2026-02-28,"pmf","large_decrease",0.2
2026-02-21,"50",1,"wk flu hosp rate change",2026-02-28,"pmf","large_increase",0.2
2026-02-21,"50",1,"wk flu hosp rate change",2026-02-28,"pmf","stable",0.2
2026-02-21,"51",1,"wk flu hosp rate change",2026-02-28,"pmf","decrease",0.2
2026-02-21,"51",1,"wk flu hosp rate change",2026-02-28,"pmf","increase",0.2
2026-02-21,"51",1,"wk flu hosp rate change",2026-02-28,"pmf","large_decrease",0.2
2026-02-21,"51",1,"wk flu hosp rate change",2026-02-28,"pmf","large_increase",0.2
2026-02-21,"51",1,"wk flu hosp rate change",2026-02-28,"pmf","stable",0.2
2026-02-21,"53",1,"wk flu hosp rate change",2026-02-28,"pmf","decrease",0.2
2026-02-21,"53",1,"wk flu hosp rate change",2026-02-28,"pmf","increase",0.2
2026-02-21,"53",1,"wk flu hosp rate change",2026-02-28,"pmf","large_decrease",0.2
2026-02-21,"53",1,"wk flu hosp rate change",2026-02-28,"pmf","large_increase",0.2
2026-02-21,"53",1,"wk flu hosp rate change",2026-02-28,"pmf","stable",0.2
2026-02-21,"54",1,"wk flu hosp rate change",2026-02-28,"pmf","decrease",0.2
2026-02-21,"54",1,"wk flu hosp rate change",2026-02-28,"pmf","increase",0.2
2026-02-21,"54",1,"wk flu hosp rate change",2026-02-28,"pmf","large_decrease",0.2
2026-02-21,"54",1,"wk flu hosp rate change",2026-02-28,"pmf","large_increase",0.2
2026-02-21,"54",1,"wk flu hosp rate change",2026-02-28,"pmf","stable",0.2
2026-02-21,"55",1,"wk flu hosp rate change",2026-02-28,"pmf","decrease",0.2
2026-02-21,"55",1,"wk flu hosp rate change",2026-02-28,"pmf","increase",0.2
2026-02-21,"55",1,"wk flu hosp rate change",2026-02-28,"pmf","large_decrease",0.2
2026-02-21,"55",1,"wk flu hosp rate change",2026-02-28,"pmf","large_increase",0.2
2026-02-21,"55",1,"wk flu hosp rate change",2026-02-28,"pmf","stable",0.2
2026-02-21,"56",1,"wk flu hosp rate change",2026-02-28,"pmf","decrease",0.2
2026-02-21,"56",1,"wk flu hosp rate change",2026-02-28,"pmf","increase",0.2
2026-02-21,"56",1,"wk flu hosp rate change",2026-02-28,"pmf","large_decrease",0.2
2026-02-21,"56",1,"wk flu hosp rate change",2026-02-28,"pmf","large_increase",0.2
2026-02-21,"56",1,"wk flu hosp rate change",2026-02-28,"pmf","stable",0.2
2026-02-21,"72",1,"wk flu hosp rate change",2026-02-28,"pmf","decrease",0.2
2026-02-21,"72",1,"wk flu hosp rate change",2026-02-28,"pmf","increase",0.2
2026-02-21,"72",1,"wk flu hosp rate change",2026-02-28,"pmf","large_decrease",0.2
2026-02-21,"72",1,"wk flu hosp rate change",2026-02-28,"pmf","large_increase",0.2
2026-02-21,"72",1,"wk flu hosp rate change",2026-02-28,"pmf","stable",0.2
2026-02-21,"US",1,"wk flu hosp rate change",2026-02-28,"pmf","decrease",0.2
2026-02-21,"US",1,"wk flu hosp rate change",2026-02-28,"pmf","increase",0.2
2026-02-21,"US",1,"wk flu hosp rate change",2026-02-28,"pmf","large_decrease",0.2
2026-02-21,"US",1,"wk flu hosp rate change",2026-02-28,"pmf","large_increase",0.2
2026-02-21,"US",1,"wk flu hosp rate change",2026-02-28,"pmf","stable",0.2
2026-02-21,"01",2,"wk flu hosp rate change",2026-03-07,"pmf","decrease",0.2
2026-02-21,"01",2,"wk flu hosp rate change",2026-03-07,"pmf","increase",0.2
2026-02-21,"01",2,"wk flu hosp rate change",2026-03-07,"pmf","large_decrease",0.2
2026-02-21,"01",2,"wk flu hosp rate change",2026-03-07,"pmf","large_increase",0.2
2026-02-21,"01",2,"wk flu hosp rate change",2026-03-07,"pmf","stable",0.2
2026-02-21,"02",2,"wk flu hosp rate change",2026-03-07,"pmf","decrease",0.2
2026-02-21,"02",2,"wk flu hosp rate change",2026-03-07,"pmf","increase",0.2
2026-02-21,"02",2,"wk flu hosp rate change",2026-03-07,"pmf","large_decrease",0.2
2026-02-21,"02",2,"wk flu hosp rate change",2026-03-07,"pmf","large_increase",0.2
2026-02-21,"02",2,"wk flu hosp rate change",2026-03-07,"pmf","stable",0.2
2026-02-21,"04",2,"wk flu hosp rate change",2026-03-07,"pmf","decrease",0.2
2026-02-21,"04",2,"wk flu hosp rate change",2026-03-07,"pmf","increase",0.2
2026-02-21,"04",2,"wk flu hosp rate change",2026-03-07,"pmf","large_decrease",0.2
2026-02-21,"04",2,"wk flu hosp rate change",2026-03-07,"pmf","large_increase",0.2
2026-02-21,"04",2,"wk flu hosp rate change",2026-03-07,"pmf","stable",0.2
2026-02-21,"05",2,"wk flu hosp rate change",2026-03-07,"pmf","decrease",0.2
2026-02-21,"05",2,"wk flu hosp rate change",2026-03-07,"pmf","increase",0.2
2026-02-21,"05",2,"wk flu hosp rate change",2026-03-07,"pmf","large_decrease",0.2
2026-02-21,"05",2,"wk flu hosp rate change",2026-03-07,"pmf","large_increase",0.2
2026-02-21,"05",2,"wk flu hosp rate change",2026-03-07,"pmf","stable",0.2
2026-02-21,"06",2,"wk flu hosp rate change",2026-03-07,"pmf","decrease",0.2
2026-02-21,"06",2,"wk flu hosp rate change",2026-03-07,"pmf","increase",0.2
2026-02-21,"06",2,"wk flu hosp rate change",2026-03-07,"pmf","large_decrease",0.2
2026-02-21,"06",2,"wk flu hosp rate change",2026-03-07,"pmf","large_increase",0.2
2026-02-21,"06",2,"wk flu hosp rate change",2026-03-07,"pmf","stable",0.2
2026-02-21,"08",2,"wk flu hosp rate change",2026-03-07,"pmf","decrease",0.2
2026-02-21,"08",2,"wk flu hosp rate change",2026-03-07,"pmf","increase",0.2
2026-02-21,"08",2,"wk flu hosp rate change",2026-03-07,"pmf","large_decrease",0.2
2026-02-21,"08",2,"wk flu hosp rate change",2026-03-07,"pmf","large_increase",0.2
2026-02-21,"08",2,"wk flu hosp rate change",2026-03-07,"pmf","stable",0.2
2026-02-21,"09",2,"wk flu hosp rate change",2026-03-07,"pmf","decrease",0.2
2026-02-21,"09",2,"wk flu hosp rate change",2026-03-07,"pmf","increase",0.2
2026-02-21,"09",2,"wk flu hosp rate change",2026-03-07,"pmf","large_decrease",0.2
2026-02-21,"09",2,"wk flu hosp rate change",2026-03-07,"pmf","large_increase",0.2
2026-02-21,"09",2,"wk flu hosp rate change",2026-03-07,"pmf","stable",0.2
2026-02-21,"10",2,"wk flu hosp rate change",2026-03-07,"pmf","decrease",0.2
2026-02-21,"10",2,"wk flu hosp rate change",2026-03-07,"pmf","increase",0.2
2026-02-21,"10",2,"wk flu hosp rate change",2026-03-07,"pmf","large_decrease",0.2
2026-02-21,"10",2,"wk flu hosp rate change",2026-03-07,"pmf","large_increase",0.2
2026-02-21,"10",2,"wk flu hosp rate change",2026-03-07,"pmf","stable",0.2
2026-02-21,"11",2,"wk flu hosp rate change",2026-03-07,"pmf","decrease",0.2
2026-02-21,"11",2,"wk flu hosp rate change",2026-03-07,"pmf","increase",0.2
2026-02-21,"11",2,"wk flu hosp rate change",2026-03-07,"pmf","large_decrease",0.2
2026-02-21,"11",2,"wk flu hosp rate change",2026-03-07,"pmf","large_increase",0.2
2026-02-21,"11",2,"wk flu hosp rate change",2026-03-07,"pmf","stable",0.2
2026-02-21,"12",2,"wk flu hosp rate change",2026-03-07,"pmf","decrease",0.2
2026-02-21,"12",2,"wk flu hosp rate change",2026-03-07,"pmf","increase",0.2
2026-02-21,"12",2,"wk flu hosp rate change",2026-03-07,"pmf","large_decrease",0.2
2026-02-21,"12",2,"wk flu hosp rate change",2026-03-07,"pmf","large_increase",0.2
2026-02-21,"12",2,"wk flu hosp rate change",2026-03-07,"pmf","stable",0.2
2026-02-21,"13",2,"wk flu hosp rate change",2026-03-07,"pmf","decrease",0.2
2026-02-21,"13",2,"wk flu hosp rate change",2026-03-07,"pmf","increase",0.2
2026-02-21,"13",2,"wk flu hosp rate change",2026-03-07,"pmf","large_decrease",0.2
2026-02-21,"13",2,"wk flu hosp rate change",2026-03-07,"pmf","large_increase",0.2
2026-02-21,"13",2,"wk flu hosp rate change",2026-03-07,"pmf","stable",0.2
2026-02-21,"15",2,"wk flu hosp rate change",2026-03-07,"pmf","decrease",0.2
2026-02-21,"15",2,"wk flu hosp rate change",2026-03-07,"pmf","increase",0.2
2026-02-21,"15",2,"wk flu hosp rate change",2026-03-07,"pmf","large_decrease",0.2
2026-02-21,"15",2,"wk flu hosp rate change",2026-03-07,"pmf","large_increase",0.2
2026-02-21,"15",2,"wk flu hosp rate change",2026-03-07,"pmf","stable",0.2
2026-02-21,"16",2,"wk flu hosp rate change",2026-03-07,"pmf","decrease",0.2
2026-02-21,"16",2,"wk flu hosp rate change",2026-03-07,"pmf","increase",0.2
2026-02-21,"16",2,"wk flu hosp rate change",2026-03-07,"pmf","large_decrease",0.2
2026-02-21,"16",2,"wk flu hosp rate change",2026-03-07,"pmf","large_increase",0.2
2026-02-21,"16",2,"wk flu hosp rate change",2026-03-07,"pmf","stable",0.2
2026-02-21,"17",2,"wk flu hosp rate change",2026-03-07,"pmf","decrease",0.2
2026-02-21,"17",2,"wk flu hosp rate change",2026-03-07,"pmf","increase",0.2
2026-02-21,"17",2,"wk flu hosp rate change",2026-03-07,"pmf","large_decrease",0.2
2026-02-21,"17",2,"wk flu hosp rate change",2026-03-07,"pmf","large_increase",0.2
2026-02-21,"17",2,"wk flu hosp rate change",2026-03-07,"pmf","stable",0.2
2026-02-21,"18",2,"wk flu hosp rate change",2026-03-07,"pmf","decrease",0.2
2026-02-21,"18",2,"wk flu hosp rate change",2026-03-07,"pmf","increase",0.2
2026-02-21,"18",2,"wk flu hosp rate change",2026-03-07,"pmf","large_decrease",0.2
2026-02-21,"18",2,"wk flu hosp rate change",2026-03-07,"pmf","large_increase",0.2
2026-02-21,"18",2,"wk flu hosp rate change",2026-03-07,"pmf","stable",0.2
2026-02-21,"19",2,"wk flu hosp rate change",2026-03-07,"pmf","decrease",0.2
2026-02-21,"19",2,"wk flu hosp rate change",2026-03-07,"pmf","increase",0.2
2026-02-21,"19",2,"wk flu hosp rate change",2026-03-07,"pmf","large_decrease",0.2
2026-02-21,"19",2,"wk flu hosp rate change",2026-03-07,"pmf","large_increase",0.2
2026-02-21,"19",2,"wk flu hosp rate change",2026-03-07,"pmf","stable",0.2
2026-02-21,"20",2,"wk flu hosp rate change",2026-03-07,"pmf","decrease",0.2
2026-02-21,"20",2,"wk flu hosp rate change",2026-03-07,"pmf","increase",0.2
2026-02-21,"20",2,"wk flu hosp rate change",2026-03-07,"pmf","large_decrease",0.2
2026-02-21,"20",2,"wk flu hosp rate change",2026-03-07,"pmf","large_increase",0.2
2026-02-21,"20",2,"wk flu hosp rate change",2026-03-07,"pmf","stable",0.2
2026-02-21,"21",2,"wk flu hosp rate change",2026-03-07,"pmf","decrease",0.2
2026-02-21,"21",2,"wk flu hosp rate change",2026-03-07,"pmf","increase",0.2
2026-02-21,"21",2,"wk flu hosp rate change",2026-03-07,"pmf","large_decrease",0.2
2026-02-21,"21",2,"wk flu hosp rate change",2026-03-07,"pmf","large_increase",0.2
2026-02-21,"21",2,"wk flu hosp rate change",2026-03-07,"pmf","stable",0.2
2026-02-21,"22",2,"wk flu hosp rate change",2026-03-07,"pmf","decrease",0.2
2026-02-21,"22",2,"wk flu hosp rate change",2026-03-07,"pmf","increase",0.2
2026-02-21,"22",2,"wk flu hosp rate change",2026-03-07,"pmf","large_decrease",0.2
2026-02-21,"22",2,"wk flu hosp rate change",2026-03-07,"pmf","large_increase",0.2
2026-02-21,"22",2,"wk flu hosp rate change",2026-03-07,"pmf","stable",0.2
2026-02-21,"23",2,"wk flu hosp rate change",2026-03-07,"pmf","decrease",0.2
2026-02-21,"23",2,"wk flu hosp rate change",2026-03-07,"pmf","increase",0.2
2026-02-21,"23",2,"wk flu hosp rate change",2026-03-07,"pmf","large_decrease",0.2
2026-02-21,"23",2,"wk flu hosp rate change",2026-03-07,"pmf","large_increase",0.2
2026-02-21,"23",2,"wk flu hosp rate change",2026-03-07,"pmf","stable",0.2
2026-02-21,"24",2,"wk flu hosp rate change",2026-03-07,"pmf","decrease",0.2
2026-02-21,"24",2,"wk flu hosp rate change",2026-03-07,"pmf","increase",0.2
2026-02-21,"24",2,"wk flu hosp rate change",2026-03-07,"pmf","large_decrease",0.2
2026-02-21,"24",2,"wk flu hosp rate change",2026-03-07,"pmf","large_increase",0.2
2026-02-21,"24",2,"wk flu hosp rate change",2026-03-07,"pmf","stable",0.2
2026-02-21,"25",2,"wk flu hosp rate change",2026-03-07,"pmf","decrease",0.2
2026-02-21,"25",2,"wk flu hosp rate change",2026-03-07,"pmf","increase",0.2
2026-02-21,"25",2,"wk flu hosp rate change",2026-03-07,"pmf","large_decrease",0.2
2026-02-21,"25",2,"wk flu hosp rate change",2026-03-07,"pmf","large_increase",0.2
2026-02-21,"25",2,"wk flu hosp rate change",2026-03-07,"pmf","stable",0.2
2026-02-21,"26",2,"wk flu hosp rate change",2026-03-07,"pmf","decrease",0.2
2026-02-21,"26",2,"wk flu hosp rate change",2026-03-07,"pmf","increase",0.2
2026-02-21,"26",2,"wk flu hosp rate change",2026-03-07,"pmf","large_decrease",0.2
2026-02-21,"26",2,"wk flu hosp rate change",2026-03-07,"pmf","large_increase",0.2
2026-02-21,"26",2,"wk flu hosp rate change",2026-03-07,"pmf","stable",0.2
2026-02-21,"27",2,"wk flu hosp rate change",2026-03-07,"pmf","decrease",0.2
2026-02-21,"27",2,"wk flu hosp rate change",2026-03-07,"pmf","increase",0.2
2026-02-21,"27",2,"wk flu hosp rate change",2026-03-07,"pmf","large_decrease",0.2
2026-02-21,"27",2,"wk flu hosp rate change",2026-03-07,"pmf","large_increase",0.2
2026-02-21,"27",2,"wk flu hosp rate change",2026-03-07,"pmf","stable",0.2
2026-02-21,"28",2,"wk flu hosp rate change",2026-03-07,"pmf","decrease",0.2
2026-02-21,"28",2,"wk flu hosp rate change",2026-03-07,"pmf","increase",0.2
2026-02-21,"28",2,"wk flu hosp rate change",2026-03-07,"pmf","large_decrease",0.2
2026-02-21,"28",2,"wk flu hosp rate change",2026-03-07,"pmf","large_increase",0.2
2026-02-21,"28",2,"wk flu hosp rate change",2026-03-07,"pmf","stable",0.2
2026-02-21,"29",2,"wk flu hosp rate change",2026-03-07,"pmf","decrease",0.2
2026-02-21,"29",2,"wk flu hosp rate change",2026-03-07,"pmf","increase",0.2
2026-02-21,"29",2,"wk flu hosp rate change",2026-03-07,"pmf","large_decrease",0.2
2026-02-21,"29",2,"wk flu hosp rate change",2026-03-07,"pmf","large_increase",0.2
2026-02-21,"29",2,"wk flu hosp rate change",2026-03-07,"pmf","stable",0.2
2026-02-21,"30",2,"wk flu hosp rate change",2026-03-07,"pmf","decrease",0.2
2026-02-21,"30",2,"wk flu hosp rate change",2026-03-07,"pmf","increase",0.2
2026-02-21,"30",2,"wk flu hosp rate change",2026-03-07,"pmf","large_decrease",0.2
2026-02-21,"30",2,"wk flu hosp rate change",2026-03-07,"pmf","large_increase",0.2
2026-02-21,"30",2,"wk flu hosp rate change",2026-03-07,"pmf","stable",0.2
2026-02-21,"31",2,"wk flu hosp rate change",2026-03-07,"pmf","decrease",0.2
2026-02-21,"31",2,"wk flu hosp rate change",2026-03-07,"pmf","increase",0.2
2026-02-21,"31",2,"wk flu hosp rate change",2026-03-07,"pmf","large_decrease",0.2
2026-02-21,"31",2,"wk flu hosp rate change",2026-03-07,"pmf","large_increase",0.2
2026-02-21,"31",2,"wk flu hosp rate change",2026-03-07,"pmf","stable",0.2
2026-02-21,"32",2,"wk flu hosp rate change",2026-03-07,"pmf","decrease",0.2
2026-02-21,"32",2,"wk flu hosp rate change",2026-03-07,"pmf","increase",0.2
2026-02-21,"32",2,"wk flu hosp rate change",2026-03-07,"pmf","large_decrease",0.2
2026-02-21,"32",2,"wk flu hosp rate change",2026-03-07,"pmf","large_increase",0.2
2026-02-21,"32",2,"wk flu hosp rate change",2026-03-07,"pmf","stable",0.2
2026-02-21,"33",2,"wk flu hosp rate change",2026-03-07,"pmf","decrease",0.2
2026-02-21,"33",2,"wk flu hosp rate change",2026-03-07,"pmf","increase",0.2
2026-02-21,"33",2,"wk flu hosp rate change",2026-03-07,"pmf","large_decrease",0.2
2026-02-21,"33",2,"wk flu hosp rate change",2026-03-07,"pmf","large_increase",0.2
2026-02-21,"33",2,"wk flu hosp rate change",2026-03-07,"pmf","stable",0.2
2026-02-21,"34",2,"wk flu hosp rate change",2026-03-07,"pmf","decrease",0.2
2026-02-21,"34",2,"wk flu hosp rate change",2026-03-07,"pmf","increase",0.2
2026-02-21,"34",2,"wk flu hosp rate change",2026-03-07,"pmf","large_decrease",0.2
2026-02-21,"34",2,"wk flu hosp rate change",2026-03-07,"pmf","large_increase",0.2
2026-02-21,"34",2,"wk flu hosp rate change",2026-03-07,"pmf","stable",0.2
2026-02-21,"35",2,"wk flu hosp rate change",2026-03-07,"pmf","decrease",0.2
2026-02-21,"35",2,"wk flu hosp rate change",2026-03-07,"pmf","increase",0.2
2026-02-21,"35",2,"wk flu hosp rate change",2026-03-07,"pmf","large_decrease",0.2
2026-02-21,"35",2,"wk flu hosp rate change",2026-03-07,"pmf","large_increase",0.2
2026-02-21,"35",2,"wk flu hosp rate change",2026-03-07,"pmf","stable",0.2
2026-02-21,"36",2,"wk flu hosp rate change",2026-03-07,"pmf","decrease",0.2
2026-02-21,"36",2,"wk flu hosp rate change",2026-03-07,"pmf","increase",0.2
2026-02-21,"36",2,"wk flu hosp rate change",2026-03-07,"pmf","large_decrease",0.2
2026-02-21,"36",2,"wk flu hosp rate change",2026-03-07,"pmf","large_increase",0.2
2026-02-21,"36",2,"wk flu hosp rate change",2026-03-07,"pmf","stable",0.2
2026-02-21,"37",2,"wk flu hosp rate change",2026-03-07,"pmf","decrease",0.2
2026-02-21,"37",2,"wk flu hosp rate change",2026-03-07,"pmf","increase",0.2
2026-02-21,"37",2,"wk flu hosp rate change",2026-03-07,"pmf","large_decrease",0.2
2026-02-21,"37",2,"wk flu hosp rate change",2026-03-07,"pmf","large_increase",0.2
2026-02-21,"37",2,"wk flu hosp rate change",2026-03-07,"pmf","stable",0.2
2026-02-21,"38",2,"wk flu hosp rate change",2026-03-07,"pmf","decrease",0.2
2026-02-21,"38",2,"wk flu hosp rate change",2026-03-07,"pmf","increase",0.2
2026-02-21,"38",2,"wk flu hosp rate change",2026-03-07,"pmf","large_decrease",0.2
2026-02-21,"38",2,"wk flu hosp rate change",2026-03-07,"pmf","large_increase",0.2
2026-02-21,"38",2,"wk flu hosp rate change",2026-03-07,"pmf","stable",0.2
2026-02-21,"39",2,"wk flu hosp rate change",2026-03-07,"pmf","decrease",0.2
2026-02-21,"39",2,"wk flu hosp rate change",2026-03-07,"pmf","increase",0.2
2026-02-21,"39",2,"wk flu hosp rate change",2026-03-07,"pmf","large_decrease",0.2
2026-02-21,"39",2,"wk flu hosp rate change",2026-03-07,"pmf","large_increase",0.2
2026-02-21,"39",2,"wk flu hosp rate change",2026-03-07,"pmf","stable",0.2
2026-02-21,"40",2,"wk flu hosp rate change",2026-03-07,"pmf","decrease",0.2
2026-02-21,"40",2,"wk flu hosp rate change",2026-03-07,"pmf","increase",0.2
2026-02-21,"40",2,"wk flu hosp rate change",2026-03-07,"pmf","large_decrease",0.2
2026-02-21,"40",2,"wk flu hosp rate change",2026-03-07,"pmf","large_increase",0.2
2026-02-21,"40",2,"wk flu hosp rate change",2026-03-07,"pmf","stable",0.2
2026-02-21,"41",2,"wk flu hosp rate change",2026-03-07,"pmf","decrease",0.2
2026-02-21,"41",2,"wk flu hosp rate change",2026-03-07,"pmf","increase",0.2
2026-02-21,"41",2,"wk flu hosp rate change",2026-03-07,"pmf","large_decrease",0.2
2026-02-21,"41",2,"wk flu hosp rate change",2026-03-07,"pmf","large_increase",0.2
2026-02-21,"41",2,"wk flu hosp rate change",2026-03-07,"pmf","stable",0.2
2026-02-21,"42",2,"wk flu hosp rate change",2026-03-07,"pmf","decrease",0.2
2026-02-21,"42",2,"wk flu hosp rate change",2026-03-07,"pmf","increase",0.2
2026-02-21,"42",2,"wk flu hosp rate change",2026-03-07,"pmf","large_decrease",0.2
2026-02-21,"42",2,"wk flu hosp rate change",2026-03-07,"pmf","large_increase",0.2
2026-02-21,"42",2,"wk flu hosp rate change",2026-03-07,"pmf","stable",0.2
2026-02-21,"44",2,"wk flu hosp rate change",2026-03-07,"pmf","decrease",0.2
2026-02-21,"44",2,"wk flu hosp rate change",2026-03-07,"pmf","increase",0.2
2026-02-21,"44",2,"wk flu hosp rate change",2026-03-07,"pmf","large_decrease",0.2
2026-02-21,"44",2,"wk flu hosp rate change",2026-03-07,"pmf","large_increase",0.2
2026-02-21,"44",2,"wk flu hosp rate change",2026-03-07,"pmf","stable",0.2
2026-02-21,"45",2,"wk flu hosp rate change",2026-03-07,"pmf","decrease",0.2
2026-02-21,"45",2,"wk flu hosp rate change",2026-03-07,"pmf","increase",0.2
2026-02-21,"45",2,"wk flu hosp rate change",2026-03-07,"pmf","large_decrease",0.2
2026-02-21,"45",2,"wk flu hosp rate change",2026-03-07,"pmf","large_increase",0.2
2026-02-21,"45",2,"wk flu hosp rate change",2026-03-07,"pmf","stable",0.2
2026-02-21,"46",2,"wk flu hosp rate change",2026-03-07,"pmf","decrease",0.2
2026-02-21,"46",2,"wk flu hosp rate change",2026-03-07,"pmf","increase",0.2
2026-02-21,"46",2,"wk flu hosp rate change",2026-03-07,"pmf","large_decrease",0.2
2026-02-21,"46",2,"wk flu hosp rate change",2026-03-07,"pmf","large_increase",0.2
2026-02-21,"46",2,"wk flu hosp rate change",2026-03-07,"pmf","stable",0.2
2026-02-21,"47",2,"wk flu hosp rate change",2026-03-07,"pmf","decrease",0.2
2026-02-21,"47",2,"wk flu hosp rate change",2026-03-07,"pmf","increase",0.2
2026-02-21,"47",2,"wk flu hosp rate change",2026-03-07,"pmf","large_decrease",0.2
2026-02-21,"47",2,"wk flu hosp rate change",2026-03-07,"pmf","large_increase",0.2
2026-02-21,"47",2,"wk flu hosp rate change",2026-03-07,"pmf","stable",0.2
2026-02-21,"48",2,"wk flu hosp rate change",2026-03-07,"pmf","decrease",0.2
2026-02-21,"48",2,"wk flu hosp rate change",2026-03-07,"pmf","increase",0.2
2026-02-21,"48",2,"wk flu hosp rate change",2026-03-07,"pmf","large_decrease",0.2
2026-02-21,"48",2,"wk flu hosp rate change",2026-03-07,"pmf","large_increase",0.2
2026-02-21,"48",2,"wk flu hosp rate change",2026-03-07,"pmf","stable",0.2
2026-02-21,"49",2,"wk flu hosp rate change",2026-03-07,"pmf","decrease",0.2
2026-02-21,"49",2,"wk flu hosp rate change",2026-03-07,"pmf","increase",0.2
2026-02-21,"49",2,"wk flu hosp rate change",2026-03-07,"pmf","large_decrease",0.2
2026-02-21,"49",2,"wk flu hosp rate change",2026-03-07,"pmf","large_increase",0.2
2026-02-21,"49",2,"wk flu hosp rate change",2026-03-07,"pmf","stable",0.2
2026-02-21,"50",2,"wk flu hosp rate change",2026-03-07,"pmf","decrease",0.2
2026-02-21,"50",2,"wk flu hosp rate change",2026-03-07,"pmf","increase",0.2
2026-02-21,"50",2,"wk flu hosp rate change",2026-03-07,"pmf","large_decrease",0.2
2026-02-21,"50",2,"wk flu hosp rate change",2026-03-07,"pmf","large_increase",0.2
2026-02-21,"50",2,"wk flu hosp rate change",2026-03-07,"pmf","stable",0.2
2026-02-21,"51",2,"wk flu hosp rate change",2026-03-07,"pmf","decrease",0.2
2026-02-21,"51",2,"wk flu hosp rate change",2026-03-07,"pmf","increase",0.2
2026-02-21,"51",2,"wk flu hosp rate change",2026-03-07,"pmf","large_decrease",0.2
2026-02-21,"51",2,"wk flu hosp rate change",2026-03-07,"pmf","large_increase",0.2
2026-02-21,"51",2,"wk flu hosp rate change",2026-03-07,"pmf","stable",0.2
2026-02-21,"53",2,"wk flu hosp rate change",2026-03-07,"pmf","decrease",0.2
2026-02-21,"53",2,"wk flu hosp rate change",2026-03-07,"pmf","increase",0.2
2026-02-21,"53",2,"wk flu hosp rate change",2026-03-07,"pmf","large_decrease",0.2
2026-02-21,"53",2,"wk flu hosp rate change",2026-03-07,"pmf","large_increase",0.2
2026-02-21,"53",2,"wk flu hosp rate change",2026-03-07,"pmf","stable",0.2
2026-02-21,"54",2,"wk flu hosp rate change",2026-03-07,"pmf","decrease",0.2
2026-02-21,"54",2,"wk flu hosp rate change",2026-03-07,"pmf","increase",0.2
2026-02-21,"54",2,"wk flu hosp rate change",2026-03-07,"pmf","large_decrease",0.2
2026-02-21,"54",2,"wk flu hosp rate change",2026-03-07,"pmf","large_increase",0.2
2026-02-21,"54",2,"wk flu hosp rate change",2026-03-07,"pmf","stable",0.2
2026-02-21,"55",2,"wk flu hosp rate change",2026-03-07,"pmf","decrease",0.2
2026-02-21,"55",2,"wk flu hosp rate change",2026-03-07,"pmf","increase",0.2
2026-02-21,"55",2,"wk flu hosp rate change",2026-03-07,"pmf","large_decrease",0.2
2026-02-21,"55",2,"wk flu hosp rate change",2026-03-07,"pmf","large_increase",0.2
2026-02-21,"55",2,"wk flu hosp rate change",2026-03-07,"pmf","stable",0.2
2026-02-21,"56",2,"wk flu hosp rate change",2026-03-07,"pmf","decrease",0.2
2026-02-21,"56",2,"wk flu hosp rate change",2026-03-07,"pmf","increase",0.2
2026-02-21,"56",2,"wk flu hosp rate change",2026-03-07,"pmf","large_decrease",0.2
2026-02-21,"56",2,"wk flu hosp rate change",2026-03-07,"pmf","large_increase",0.2
2026-02-21,"56",2,"wk flu hosp rate change",2026-03-07,"pmf","stable",0.2
2026-02-21,"72",2,"wk flu hosp rate change",2026-03-07,"pmf","decrease",0.2
2026-02-21,"72",2,"wk flu hosp rate change",2026-03-07,"pmf","increase",0.2
2026-02-21,"72",2,"wk flu hosp rate change",2026-03-07,"pmf","large_decrease",0.2
2026-02-21,"72",2,"wk flu hosp rate change",2026-03-07,"pmf","large_increase",0.2
2026-02-21,"72",2,"wk flu hosp rate change",2026-03-07,"pmf","stable",0.2
2026-02-21,"US",2,"wk flu hosp rate change",2026-03-07,"pmf","decrease",0.2
2026-02-21,"US",2,"wk flu hosp rate change",2026-03-07,"pmf","increase",0.2
2026-02-21,"US",2,"wk flu hosp rate change",2026-03-07,"pmf","large_decrease",0.2
2026-02-21,"US",2,"wk flu hosp rate change",2026-03-07,"pmf","large_increase",0.2
2026-02-21,"US",2,"wk flu hosp rate change",2026-03-07,"pmf","stable",0.2
2026-02-21,"01",3,"wk flu hosp rate change",2026-03-14,"pmf","decrease",0.2
2026-02-21,"01",3,"wk flu hosp rate change",2026-03-14,"pmf","increase",0.2
2026-02-21,"01",3,"wk flu hosp rate change",2026-03-14,"pmf","large_decrease",0.2
2026-02-21,"01",3,"wk flu hosp rate change",2026-03-14,"pmf","large_increase",0.2
2026-02-21,"01",3,"wk flu hosp rate change",2026-03-14,"pmf","stable",0.2
2026-02-21,"02",3,"wk flu hosp rate change",2026-03-14,"pmf","decrease",0.2
2026-02-21,"02",3,"wk flu hosp rate change",2026-03-14,"pmf","increase",0.2
2026-02-21,"02",3,"wk flu hosp rate change",2026-03-14,"pmf","large_decrease",0.2
2026-02-21,"02",3,"wk flu hosp rate change",2026-03-14,"pmf","large_increase",0.2
2026-02-21,"02",3,"wk flu hosp rate change",2026-03-14,"pmf","stable",0.2
2026-02-21,"04",3,"wk flu hosp rate change",2026-03-14,"pmf","decrease",0.2
2026-02-21,"04",3,"wk flu hosp rate change",2026-03-14,"pmf","increase",0.2
2026-02-21,"04",3,"wk flu hosp rate change",2026-03-14,"pmf","large_decrease",0.2
2026-02-21,"04",3,"wk flu hosp rate change",2026-03-14,"pmf","large_increase",0.2
2026-02-21,"04",3,"wk flu hosp rate change",2026-03-14,"pmf","stable",0.2
2026-02-21,"05",3,"wk flu hosp rate change",2026-03-14,"pmf","decrease",0.2
2026-02-21,"05",3,"wk flu hosp rate change",2026-03-14,"pmf","increase",0.2
2026-02-21,"05",3,"wk flu hosp rate change",2026-03-14,"pmf","large_decrease",0.2
2026-02-21,"05",3,"wk flu hosp rate change",2026-03-14,"pmf","large_increase",0.2
2026-02-21,"05",3,"wk flu hosp rate change",2026-03-14,"pmf","stable",0.2
2026-02-21,"06",3,"wk flu hosp rate change",2026-03-14,"pmf","decrease",0.2
2026-02-21,"06",3,"wk flu hosp rate change",2026-03-14,"pmf","increase",0.2
2026-02-21,"06",3,"wk flu hosp rate change",2026-03-14,"pmf","large_decrease",0.2
2026-02-21,"06",3,"wk flu hosp rate change",2026-03-14,"pmf","large_increase",0.2
2026-02-21,"06",3,"wk flu hosp rate change",2026-03-14,"pmf","stable",0.2
2026-02-21,"08",3,"wk flu hosp rate change",2026-03-14,"pmf","decrease",0.2
2026-02-21,"08",3,"wk flu hosp rate change",2026-03-14,"pmf","increase",0.2
2026-02-21,"08",3,"wk flu hosp rate change",2026-03-14,"pmf","large_decrease",0.2
2026-02-21,"08",3,"wk flu hosp rate change",2026-03-14,"pmf","large_increase",0.2
2026-02-21,"08",3,"wk flu hosp rate change",2026-03-14,"pmf","stable",0.2
2026-02-21,"09",3,"wk flu hosp rate change",2026-03-14,"pmf","decrease",0.2
2026-02-21,"09",3,"wk flu hosp rate change",2026-03-14,"pmf","increase",0.2
2026-02-21,"09",3,"wk flu hosp rate change",2026-03-14,"pmf","large_decrease",0.2
2026-02-21,"09",3,"wk flu hosp rate change",2026-03-14,"pmf","large_increase",0.2
2026-02-21,"09",3,"wk flu hosp rate change",2026-03-14,"pmf","stable",0.2
2026-02-21,"10",3,"wk flu hosp rate change",2026-03-14,"pmf","decrease",0.2
2026-02-21,"10",3,"wk flu hosp rate change",2026-03-14,"pmf","increase",0.2
2026-02-21,"10",3,"wk flu hosp rate change",2026-03-14,"pmf","large_decrease",0.2
2026-02-21,"10",3,"wk flu hosp rate change",2026-03-14,"pmf","large_increase",0.2
2026-02-21,"10",3,"wk flu hosp rate change",2026-03-14,"pmf","stable",0.2
2026-02-21,"11",3,"wk flu hosp rate change",2026-03-14,"pmf","decrease",0.2
2026-02-21,"11",3,"wk flu hosp rate change",2026-03-14,"pmf","increase",0.2
2026-02-21,"11",3,"wk flu hosp rate change",2026-03-14,"pmf","large_decrease",0.2
2026-02-21,"11",3,"wk flu hosp rate change",2026-03-14,"pmf","large_increase",0.2
2026-02-21,"11",3,"wk flu hosp rate change",2026-03-14,"pmf","stable",0.2
2026-02-21,"12",3,"wk flu hosp rate change",2026-03-14,"pmf","decrease",0.2
2026-02-21,"12",3,"wk flu hosp rate change",2026-03-14,"pmf","increase",0.2
2026-02-21,"12",3,"wk flu hosp rate change",2026-03-14,"pmf","large_decrease",0.2
2026-02-21,"12",3,"wk flu hosp rate change",2026-03-14,"pmf","large_increase",0.2
2026-02-21,"12",3,"wk flu hosp rate change",2026-03-14,"pmf","stable",0.2
2026-02-21,"13",3,"wk flu hosp rate change",2026-03-14,"pmf","decrease",0.2
2026-02-21,"13",3,"wk flu hosp rate change",2026-03-14,"pmf","increase",0.2
2026-02-21,"13",3,"wk flu hosp rate change",2026-03-14,"pmf","large_decrease",0.2
2026-02-21,"13",3,"wk flu hosp rate change",2026-03-14,"pmf","large_increase",0.2
2026-02-21,"13",3,"wk flu hosp rate change",2026-03-14,"pmf","stable",0.2
2026-02-21,"15",3,"wk flu hosp rate change",2026-03-14,"pmf","decrease",0.2
2026-02-21,"15",3,"wk flu hosp rate change",2026-03-14,"pmf","increase",0.2
2026-02-21,"15",3,"wk flu hosp rate change",2026-03-14,"pmf","large_decrease",0.2
2026-02-21,"15",3,"wk flu hosp rate change",2026-03-14,"pmf","large_increase",0.2
2026-02-21,"15",3,"wk flu hosp rate change",2026-03-14,"pmf","stable",0.2
2026-02-21,"16",3,"wk flu hosp rate change",2026-03-14,"pmf","decrease",0.2
2026-02-21,"16",3,"wk flu hosp rate change",2026-03-14,"pmf","increase",0.2
2026-02-21,"16",3,"wk flu hosp rate change",2026-03-14,"pmf","large_decrease",0.2
2026-02-21,"16",3,"wk flu hosp rate change",2026-03-14,"pmf","large_increase",0.2
2026-02-21,"16",3,"wk flu hosp rate change",2026-03-14,"pmf","stable",0.2
2026-02-21,"17",3,"wk flu hosp rate change",2026-03-14,"pmf","decrease",0.2
2026-02-21,"17",3,"wk flu hosp rate change",2026-03-14,"pmf","increase",0.2
2026-02-21,"17",3,"wk flu hosp rate change",2026-03-14,"pmf","large_decrease",0.2
2026-02-21,"17",3,"wk flu hosp rate change",2026-03-14,"pmf","large_increase",0.2
2026-02-21,"17",3,"wk flu hosp rate change",2026-03-14,"pmf","stable",0.2
2026-02-21,"18",3,"wk flu hosp rate change",2026-03-14,"pmf","decrease",0.2
2026-02-21,"18",3,"wk flu hosp rate change",2026-03-14,"pmf","increase",0.2
2026-02-21,"18",3,"wk flu hosp rate change",2026-03-14,"pmf","large_decrease",0.2
2026-02-21,"18",3,"wk flu hosp rate change",2026-03-14,"pmf","large_increase",0.2
2026-02-21,"18",3,"wk flu hosp rate change",2026-03-14,"pmf","stable",0.2
2026-02-21,"19",3,"wk flu hosp rate change",2026-03-14,"pmf","decrease",0.2
2026-02-21,"19",3,"wk flu hosp rate change",2026-03-14,"pmf","increase",0.2
2026-02-21,"19",3,"wk flu hosp rate change",2026-03-14,"pmf","large_decrease",0.2
2026-02-21,"19",3,"wk flu hosp rate change",2026-03-14,"pmf","large_increase",0.2
2026-02-21,"19",3,"wk flu hosp rate change",2026-03-14,"pmf","stable",0.2
2026-02-21,"20",3,"wk flu hosp rate change",2026-03-14,"pmf","decrease",0.2
2026-02-21,"20",3,"wk flu hosp rate change",2026-03-14,"pmf","increase",0.2
2026-02-21,"20",3,"wk flu hosp rate change",2026-03-14,"pmf","large_decrease",0.2
2026-02-21,"20",3,"wk flu hosp rate change",2026-03-14,"pmf","large_increase",0.2
2026-02-21,"20",3,"wk flu hosp rate change",2026-03-14,"pmf","stable",0.2
2026-02-21,"21",3,"wk flu hosp rate change",2026-03-14,"pmf","decrease",0.2
2026-02-21,"21",3,"wk flu hosp rate change",2026-03-14,"pmf","increase",0.2
2026-02-21,"21",3,"wk flu hosp rate change",2026-03-14,"pmf","large_decrease",0.2
2026-02-21,"21",3,"wk flu hosp rate change",2026-03-14,"pmf","large_increase",0.2
2026-02-21,"21",3,"wk flu hosp rate change",2026-03-14,"pmf","stable",0.2
2026-02-21,"22",3,"wk flu hosp rate change",2026-03-14,"pmf","decrease",0.2
2026-02-21,"22",3,"wk flu hosp rate change",2026-03-14,"pmf","increase",0.2
2026-02-21,"22",3,"wk flu hosp rate change",2026-03-14,"pmf","large_decrease",0.2
2026-02-21,"22",3,"wk flu hosp rate change",2026-03-14,"pmf","large_increase",0.2
2026-02-21,"22",3,"wk flu hosp rate change",2026-03-14,"pmf","stable",0.2
2026-02-21,"23",3,"wk flu hosp rate change",2026-03-14,"pmf","decrease",0.2
2026-02-21,"23",3,"wk flu hosp rate change",2026-03-14,"pmf","increase",0.2
2026-02-21,"23",3,"wk flu hosp rate change",2026-03-14,"pmf","large_decrease",0.2
2026-02-21,"23",3,"wk flu hosp rate change",2026-03-14,"pmf","large_increase",0.2
2026-02-21,"23",3,"wk flu hosp rate change",2026-03-14,"pmf","stable",0.2
2026-02-21,"24",3,"wk flu hosp rate change",2026-03-14,"pmf","decrease",0.2
2026-02-21,"24",3,"wk flu hosp rate change",2026-03-14,"pmf","increase",0.2
2026-02-21,"24",3,"wk flu hosp rate change",2026-03-14,"pmf","large_decrease",0.2
2026-02-21,"24",3,"wk flu hosp rate change",2026-03-14,"pmf","large_increase",0.2
2026-02-21,"24",3,"wk flu hosp rate change",2026-03-14,"pmf","stable",0.2
2026-02-21,"25",3,"wk flu hosp rate change",2026-03-14,"pmf","decrease",0.2
2026-02-21,"25",3,"wk flu hosp rate change",2026-03-14,"pmf","increase",0.2
2026-02-21,"25",3,"wk flu hosp rate change",2026-03-14,"pmf","large_decrease",0.2
2026-02-21,"25",3,"wk flu hosp rate change",2026-03-14,"pmf","large_increase",0.2
2026-02-21,"25",3,"wk flu hosp rate change",2026-03-14,"pmf","stable",0.2
2026-02-21,"26",3,"wk flu hosp rate change",2026-03-14,"pmf","decrease",0.2
2026-02-21,"26",3,"wk flu hosp rate change",2026-03-14,"pmf","increase",0.2
2026-02-21,"26",3,"wk flu hosp rate change",2026-03-14,"pmf","large_decrease",0.2
2026-02-21,"26",3,"wk flu hosp rate change",2026-03-14,"pmf","large_increase",0.2
2026-02-21,"26",3,"wk flu hosp rate change",2026-03-14,"pmf","stable",0.2
2026-02-21,"27",3,"wk flu hosp rate change",2026-03-14,"pmf","decrease",0.2
2026-02-21,"27",3,"wk flu hosp rate change",2026-03-14,"pmf","increase",0.2
2026-02-21,"27",3,"wk flu hosp rate change",2026-03-14,"pmf","large_decrease",0.2
2026-02-21,"27",3,"wk flu hosp rate change",2026-03-14,"pmf","large_increase",0.2
2026-02-21,"27",3,"wk flu hosp rate change",2026-03-14,"pmf","stable",0.2
2026-02-21,"28",3,"wk flu hosp rate change",2026-03-14,"pmf","decrease",0.2
2026-02-21,"28",3,"wk flu hosp rate change",2026-03-14,"pmf","increase",0.2
2026-02-21,"28",3,"wk flu hosp rate change",2026-03-14,"pmf","large_decrease",0.2
2026-02-21,"28",3,"wk flu hosp rate change",2026-03-14,"pmf","large_increase",0.2
2026-02-21,"28",3,"wk flu hosp rate change",2026-03-14,"pmf","stable",0.2
2026-02-21,"29",3,"wk flu hosp rate change",2026-03-14,"pmf","decrease",0.2
2026-02-21,"29",3,"wk flu hosp rate change",2026-03-14,"pmf","increase",0.2
2026-02-21,"29",3,"wk flu hosp rate change",2026-03-14,"pmf","large_decrease",0.2
2026-02-21,"29",3,"wk flu hosp rate change",2026-03-14,"pmf","large_increase",0.2
2026-02-21,"29",3,"wk flu hosp rate change",2026-03-14,"pmf","stable",0.2
2026-02-21,"30",3,"wk flu hosp rate change",2026-03-14,"pmf","decrease",0.2
2026-02-21,"30",3,"wk flu hosp rate change",2026-03-14,"pmf","increase",0.2
2026-02-21,"30",3,"wk flu hosp rate change",2026-03-14,"pmf","large_decrease",0.2
2026-02-21,"30",3,"wk flu hosp rate change",2026-03-14,"pmf","large_increase",0.2
2026-02-21,"30",3,"wk flu hosp rate change",2026-03-14,"pmf","stable",0.2
2026-02-21,"31",3,"wk flu hosp rate change",2026-03-14,"pmf","decrease",0.2
2026-02-21,"31",3,"wk flu hosp rate change",2026-03-14,"pmf","increase",0.2
2026-02-21,"31",3,"wk flu hosp rate change",2026-03-14,"pmf","large_decrease",0.2
2026-02-21,"31",3,"wk flu hosp rate change",2026-03-14,"pmf","large_increase",0.2
2026-02-21,"31",3,"wk flu hosp rate change",2026-03-14,"pmf","stable",0.2
2026-02-21,"32",3,"wk flu hosp rate change",2026-03-14,"pmf","decrease",0.2
2026-02-21,"32",3,"wk flu hosp rate change",2026-03-14,"pmf","increase",0.2
2026-02-21,"32",3,"wk flu hosp rate change",2026-03-14,"pmf","large_decrease",0.2
2026-02-21,"32",3,"wk flu hosp rate change",2026-03-14,"pmf","large_increase",0.2
2026-02-21,"32",3,"wk flu hosp rate change",2026-03-14,"pmf","stable",0.2
2026-02-21,"33",3,"wk flu hosp rate change",2026-03-14,"pmf","decrease",0.2
2026-02-21,"33",3,"wk flu hosp rate change",2026-03-14,"pmf","increase",0.2
2026-02-21,"33",3,"wk flu hosp rate change",2026-03-14,"pmf","large_decrease",0.2
2026-02-21,"33",3,"wk flu hosp rate change",2026-03-14,"pmf","large_increase",0.2
2026-02-21,"33",3,"wk flu hosp rate change",2026-03-14,"pmf","stable",0.2
2026-02-21,"34",3,"wk flu hosp rate change",2026-03-14,"pmf","decrease",0.2
2026-02-21,"34",3,"wk flu hosp rate change",2026-03-14,"pmf","increase",0.2
2026-02-21,"34",3,"wk flu hosp rate change",2026-03-14,"pmf","large_decrease",0.2
2026-02-21,"34",3,"wk flu hosp rate change",2026-03-14,"pmf","large_increase",0.2
2026-02-21,"34",3,"wk flu hosp rate change",2026-03-14,"pmf","stable",0.2
2026-02-21,"35",3,"wk flu hosp rate change",2026-03-14,"pmf","decrease",0.2
2026-02-21,"35",3,"wk flu hosp rate change",2026-03-14,"pmf","increase",0.2
2026-02-21,"35",3,"wk flu hosp rate change",2026-03-14,"pmf","large_decrease",0.2
2026-02-21,"35",3,"wk flu hosp rate change",2026-03-14,"pmf","large_increase",0.2
2026-02-21,"35",3,"wk flu hosp rate change",2026-03-14,"pmf","stable",0.2
2026-02-21,"36",3,"wk flu hosp rate change",2026-03-14,"pmf","decrease",0.2
2026-02-21,"36",3,"wk flu hosp rate change",2026-03-14,"pmf","increase",0.2
2026-02-21,"36",3,"wk flu hosp rate change",2026-03-14,"pmf","large_decrease",0.2
2026-02-21,"36",3,"wk flu hosp rate change",2026-03-14,"pmf","large_increase",0.2
2026-02-21,"36",3,"wk flu hosp rate change",2026-03-14,"pmf","stable",0.2
2026-02-21,"37",3,"wk flu hosp rate change",2026-03-14,"pmf","decrease",0.2
2026-02-21,"37",3,"wk flu hosp rate change",2026-03-14,"pmf","increase",0.2
2026-02-21,"37",3,"wk flu hosp rate change",2026-03-14,"pmf","large_decrease",0.2
2026-02-21,"37",3,"wk flu hosp rate change",2026-03-14,"pmf","large_increase",0.2
2026-02-21,"37",3,"wk flu hosp rate change",2026-03-14,"pmf","stable",0.2
2026-02-21,"38",3,"wk flu hosp rate change",2026-03-14,"pmf","decrease",0.2
2026-02-21,"38",3,"wk flu hosp rate change",2026-03-14,"pmf","increase",0.2
2026-02-21,"38",3,"wk flu hosp rate change",2026-03-14,"pmf","large_decrease",0.2
2026-02-21,"38",3,"wk flu hosp rate change",2026-03-14,"pmf","large_increase",0.2
2026-02-21,"38",3,"wk flu hosp rate change",2026-03-14,"pmf","stable",0.2
2026-02-21,"39",3,"wk flu hosp rate change",2026-03-14,"pmf","decrease",0.2
2026-02-21,"39",3,"wk flu hosp rate change",2026-03-14,"pmf","increase",0.2
2026-02-21,"39",3,"wk flu hosp rate change",2026-03-14,"pmf","large_decrease",0.2
2026-02-21,"39",3,"wk flu hosp rate change",2026-03-14,"pmf","large_increase",0.2
2026-02-21,"39",3,"wk flu hosp rate change",2026-03-14,"pmf","stable",0.2
2026-02-21,"40",3,"wk flu hosp rate change",2026-03-14,"pmf","decrease",0.2
2026-02-21,"40",3,"wk flu hosp rate change",2026-03-14,"pmf","increase",0.2
2026-02-21,"40",3,"wk flu hosp rate change",2026-03-14,"pmf","large_decrease",0.2
2026-02-21,"40",3,"wk flu hosp rate change",2026-03-14,"pmf","large_increase",0.2
2026-02-21,"40",3,"wk flu hosp rate change",2026-03-14,"pmf","stable",0.2
2026-02-21,"41",3,"wk flu hosp rate change",2026-03-14,"pmf","decrease",0.2
2026-02-21,"41",3,"wk flu hosp rate change",2026-03-14,"pmf","increase",0.2
2026-02-21,"41",3,"wk flu hosp rate change",2026-03-14,"pmf","large_decrease",0.2
2026-02-21,"41",3,"wk flu hosp rate change",2026-03-14,"pmf","large_increase",0.2
2026-02-21,"41",3,"wk flu hosp rate change",2026-03-14,"pmf","stable",0.2
2026-02-21,"42",3,"wk flu hosp rate change",2026-03-14,"pmf","decrease",0.2
2026-02-21,"42",3,"wk flu hosp rate change",2026-03-14,"pmf","increase",0.2
2026-02-21,"42",3,"wk flu hosp rate change",2026-03-14,"pmf","large_decrease",0.2
2026-02-21,"42",3,"wk flu hosp rate change",2026-03-14,"pmf","large_increase",0.2
2026-02-21,"42",3,"wk flu hosp rate change",2026-03-14,"pmf","stable",0.2
2026-02-21,"44",3,"wk flu hosp rate change",2026-03-14,"pmf","decrease",0.2
2026-02-21,"44",3,"wk flu hosp rate change",2026-03-14,"pmf","increase",0.2
2026-02-21,"44",3,"wk flu hosp rate change",2026-03-14,"pmf","large_decrease",0.2
2026-02-21,"44",3,"wk flu hosp rate change",2026-03-14,"pmf","large_increase",0.2
2026-02-21,"44",3,"wk flu hosp rate change",2026-03-14,"pmf","stable",0.2
2026-02-21,"45",3,"wk flu hosp rate change",2026-03-14,"pmf","decrease",0.2
2026-02-21,"45",3,"wk flu hosp rate change",2026-03-14,"pmf","increase",0.2
2026-02-21,"45",3,"wk flu hosp rate change",2026-03-14,"pmf","large_decrease",0.2
2026-02-21,"45",3,"wk flu hosp rate change",2026-03-14,"pmf","large_increase",0.2
2026-02-21,"45",3,"wk flu hosp rate change",2026-03-14,"pmf","stable",0.2
2026-02-21,"46",3,"wk flu hosp rate change",2026-03-14,"pmf","decrease",0.2
2026-02-21,"46",3,"wk flu hosp rate change",2026-03-14,"pmf","increase",0.2
2026-02-21,"46",3,"wk flu hosp rate change",2026-03-14,"pmf","large_decrease",0.2
2026-02-21,"46",3,"wk flu hosp rate change",2026-03-14,"pmf","large_increase",0.2
2026-02-21,"46",3,"wk flu hosp rate change",2026-03-14,"pmf","stable",0.2
2026-02-21,"47",3,"wk flu hosp rate change",2026-03-14,"pmf","decrease",0.2
2026-02-21,"47",3,"wk flu hosp rate change",2026-03-14,"pmf","increase",0.2
2026-02-21,"47",3,"wk flu hosp rate change",2026-03-14,"pmf","large_decrease",0.2
2026-02-21,"47",3,"wk flu hosp rate change",2026-03-14,"pmf","large_increase",0.2
2026-02-21,"47",3,"wk flu hosp rate change",2026-03-14,"pmf","stable",0.2
2026-02-21,"48",3,"wk flu hosp rate change",2026-03-14,"pmf","decrease",0.2
2026-02-21,"48",3,"wk flu hosp rate change",2026-03-14,"pmf","increase",0.2
2026-02-21,"48",3,"wk flu hosp rate change",2026-03-14,"pmf","large_decrease",0.2
2026-02-21,"48",3,"wk flu hosp rate change",2026-03-14,"pmf","large_increase",0.2
2026-02-21,"48",3,"wk flu hosp rate change",2026-03-14,"pmf","stable",0.2
2026-02-21,"49",3,"wk flu hosp rate change",2026-03-14,"pmf","decrease",0.2
2026-02-21,"49",3,"wk flu hosp rate change",2026-03-14,"pmf","increase",0.2
2026-02-21,"49",3,"wk flu hosp rate change",2026-03-14,"pmf","large_decrease",0.2
2026-02-21,"49",3,"wk flu hosp rate change",2026-03-14,"pmf","large_increase",0.2
2026-02-21,"49",3,"wk flu hosp rate change",2026-03-14,"pmf","stable",0.2
2026-02-21,"50",3,"wk flu hosp rate change",2026-03-14,"pmf","decrease",0.2
2026-02-21,"50",3,"wk flu hosp rate change",2026-03-14,"pmf","increase",0.2
2026-02-21,"50",3,"wk flu hosp rate change",2026-03-14,"pmf","large_decrease",0.2
2026-02-21,"50",3,"wk flu hosp rate change",2026-03-14,"pmf","large_increase",0.2
2026-02-21,"50",3,"wk flu hosp rate change",2026-03-14,"pmf","stable",0.2
2026-02-21,"51",3,"wk flu hosp rate change",2026-03-14,"pmf","decrease",0.2
2026-02-21,"51",3,"wk flu hosp rate change",2026-03-14,"pmf","increase",0.2
2026-02-21,"51",3,"wk flu hosp rate change",2026-03-14,"pmf","large_decrease",0.2
2026-02-21,"51",3,"wk flu hosp rate change",2026-03-14,"pmf","large_increase",0.2
2026-02-21,"51",3,"wk flu hosp rate change",2026-03-14,"pmf","stable",0.2
2026-02-21,"53",3,"wk flu hosp rate change",2026-03-14,"pmf","decrease",0.2
2026-02-21,"53",3,"wk flu hosp rate change",2026-03-14,"pmf","increase",0.2
2026-02-21,"53",3,"wk flu hosp rate change",2026-03-14,"pmf","large_decrease",0.2
2026-02-21,"53",3,"wk flu hosp rate change",2026-03-14,"pmf","large_increase",0.2
2026-02-21,"53",3,"wk flu hosp rate change",2026-03-14,"pmf","stable",0.2
2026-02-21,"54",3,"wk flu hosp rate change",2026-03-14,"pmf","decrease",0.2
2026-02-21,"54",3,"wk flu hosp rate change",2026-03-14,"pmf","increase",0.2
2026-02-21,"54",3,"wk flu hosp rate change",2026-03-14,"pmf","large_decrease",0.2
2026-02-21,"54",3,"wk flu hosp rate change",2026-03-14,"pmf","large_increase",0.2
2026-02-21,"54",3,"wk flu hosp rate change",2026-03-14,"pmf","stable",0.2
2026-02-21,"55",3,"wk flu hosp rate change",2026-03-14,"pmf","decrease",0.2
2026-02-21,"55",3,"wk flu hosp rate change",2026-03-14,"pmf","increase",0.2
2026-02-21,"55",3,"wk flu hosp rate change",2026-03-14,"pmf","large_decrease",0.2
2026-02-21,"55",3,"wk flu hosp rate change",2026-03-14,"pmf","large_increase",0.2
2026-02-21,"55",3,"wk flu hosp rate change",2026-03-14,"pmf","stable",0.2
2026-02-21,"56",3,"wk flu hosp rate change",2026-03-14,"pmf","decrease",0.2
2026-02-21,"56",3,"wk flu hosp rate change",2026-03-14,"pmf","increase",0.2
2026-02-21,"56",3,"wk flu hosp rate change",2026-03-14,"pmf","large_decrease",0.2
2026-02-21,"56",3,"wk flu hosp rate change",2026-03-14,"pmf","large_increase",0.2
2026-02-21,"56",3,"wk flu hosp rate change",2026-03-14,"pmf","stable",0.2
2026-02-21,"72",3,"wk flu hosp rate change",2026-03-14,"pmf","decrease",0.2
2026-02-21,"72",3,"wk flu hosp rate change",2026-03-14,"pmf","increase",0.2
2026-02-21,"72",3,"wk flu hosp rate change",2026-03-14,"pmf","large_decrease",0.2
2026-02-21,"72",3,"wk flu hosp rate change",2026-03-14,"pmf","large_increase",0.2
2026-02-21,"72",3,"wk flu hosp rate change",2026-03-14,"pmf","stable",0.2
2026-02-21,"US",3,"wk flu hosp rate change",2026-03-14,"pmf","decrease",0.2
2026-02-21,"US",3,"wk flu hosp rate change",2026-03-14,"pmf","increase",0.2
2026-02-21,"US",3,"wk flu hosp rate change",2026-03-14,"pmf","large_decrease",0.2
2026-02-21,"US",3,"wk flu hosp rate change",2026-03-14,"pmf","large_increase",0.2
2026-02-21,"US",3,"wk flu hosp rate change",2026-03-14,"pmf","stable",0.2
