location,output_type_id,reference_date,target,horizon,target_end_date,output_type,value
01,0.01,2024-11-30,wk inc flu hosp,0,2024-11-30,quantile,5
01,0.025,2024-11-30,wk inc flu hosp,0,2024-11-30,quantile,7
01,0.05,2024-11-30,wk inc flu hosp,0,2024-11-30,quantile,9
01,0.1,2024-11-30,wk inc flu hosp,0,2024-11-30,quantile,12
01,0.15,2024-11-30,wk inc flu hosp,0,2024-11-30,quantile,15
01,0.2,2024-11-30,wk inc flu hosp,0,2024-11-30,quantile,17
01,0.25,2024-11-30,wk inc flu hosp,0,2024-11-30,quantile,19
01,0.3,2024-11-30,wk inc flu hosp,0,2024-11-30,quantile,21
01,0.35,2024-11-30,wk inc flu hosp,0,2024-11-30,quantile,24
01,0.4,2024-11-30,wk inc flu hosp,0,2024-11-30,quantile,26
01,0.45,2024-11-30,wk inc flu hosp,0,2024-11-30,quantile,28
01,0.5,2024-11-30,wk inc flu hosp,0,2024-11-30,quantile,30
01,0.55,2024-11-30,wk inc flu hosp,0,2024-11-30,quantile,32
01,0.6,2024-11-30,wk inc flu hosp,0,2024-11-30,quantile,35
01,0.65,2024-11-30,wk inc flu hosp,0,2024-11-30,quantile,37
01,0.7,2024-11-30,wk inc flu hosp,0,2024-11-30,quantile,40
01,0.75,2024-11-30,wk inc flu hosp,0,2024-11-30,quantile,43
01,0.8,2024-11-30,wk inc flu hosp,0,2024-11-30,quantile,47
01,0.85,2024-11-30,wk inc flu hosp,0,2024-11-30,quantile,52
01,0.9,2024-11-30,wk inc flu hosp,0,2024-11-30,quantile,58
01,0.95,2024-11-30,wk inc flu hosp,0,2024-11-30,quantile,68
01,0.975,2024-11-30,wk inc flu hosp,0,2024-11-30,quantile,77
01,0.99,2024-11-30,wk inc flu hosp,0,2024-11-30,quantile,88
02,0.01,2024-11-30,wk inc flu hosp,0,2024-11-30,quantile,0
02,0.025,2024-11-30,wk inc flu hosp,0,2024-11-30,quantile,0
02,0.05,2024-11-30,wk inc flu hosp,0,2024-11-30,quantile,1
02,0.1,2024-11-30,wk inc flu hosp,0,2024-11-30,quantile,1
02,0.15,2024-11-30,wk inc flu hosp,0,2024-11-30,quantile,2
02,0.2,2024-11-30,wk inc flu hosp,0,2024-11-30,quantile,2
02,0.25,2024-11-30,wk inc flu hosp,0,2024-11-30,quantile,3
02,0.3,2024-11-30,wk inc flu hosp,0,2024-11-30,quantile,3
02,0.35,2024-11-30,wk inc flu hosp,0,2024-11-30,quantile,3
02,0.4,2024-11-30,wk inc flu hosp,0,2024-11-30,quantile,4
02,0.45,2024-11-30,wk inc flu hosp,0,2024-11-30,quantile,4
02,0.5,2024-11-30,wk inc flu hosp,0,2024-11-30,quantile,5
02,0.55,2024-11-30,wk inc flu hosp,0,2024-11-30,quantile,5
02,0.6,2024-11-30,wk inc flu hosp,0,2024-11-30,quantile,6
02,0.65,2024-11-30,wk inc flu hosp,0,2024-11-30,quantile,6
02,0.7,2024-11-30,wk inc flu hosp,0,2024-11-30,quantile,7
02,0.75,2024-11-30,wk inc flu hosp,0,2024-11-30,quantile,7
02,0.8,2024-11-30,wk inc flu hosp,0,2024-11-30,quantile,8
02,0.85,2024-11-30,wk inc flu hosp,0,2024-11-30,quantile,9
02,0.9,2024-11-30,wk inc flu hosp,0,2024-11-30,quantile,10
02,0.95,2024-11-30,wk inc flu hosp,0,2024-11-30,quantile,12
02,0.975,2024-11-30,wk inc flu hosp,0,2024-11-30,quantile,14
02,0.99,2024-11-30,wk inc flu hosp,0,2024-11-30,quantile,16
04,0.01,2024-11-30,wk inc flu hosp,0,2024-11-30,quantile,125
04,0.025,2024-11-30,wk inc flu hosp,0,2024-11-30,quantile,143
04,0.05,2024-11-30,wk inc flu hosp,0,2024-11-30,quantile,161
04,0.1,2024-11-30,wk inc flu hosp,0,2024-11-30,quantile,183
04,0.15,2024-11-30,wk inc flu hosp,0,2024-11-30,quantile,200
04,0.2,2024-11-30,wk inc flu hosp,0,2024-11-30,quantile,214
04,0.25,2024-11-30,wk inc flu hosp,0,2024-11-30,quantile,226
04,0.3,2024-11-30,wk inc flu hosp,0,2024-11-30,quantile,238
04,0.35,2024-11-30,wk inc flu hosp,0,2024-11-30,quantile,249
04,0.4,2024-11-30,wk inc flu hosp,0,2024-11-30,quantile,260
04,0.45,2024-11-30,wk inc flu hosp,0,2024-11-30,quantile,271
04,0.5,2024-11-30,wk inc flu hosp,0,2024-11-30,quantile,282
04,0.55,2024-11-30,wk inc flu hosp,0,2024-11-30,quantile,293
04,0.6,2024-11-30,wk inc flu hosp,0,2024-11-30,quantile,305
04,0.65,2024-11-30,wk inc flu hosp,0,2024-11-30,quantile,317
04,0.7,2024-11-30,wk inc flu hosp,0,2024-11-30,quantile,331
04,0.75,2024-11-30,wk inc flu hosp,0,2024-11-30,quantile,345
04,0.8,2024-11-30,wk inc flu hosp,0,2024-11-30,quantile,362
04,0.85,2024-11-30,wk inc flu hosp,0,2024-11-30,quantile,383
04,0.9,2024-11-30,wk inc flu hosp,0,2024-11-30,quantile,409
04,0.95,2024-11-30,wk inc flu hosp,0,2024-11-30,quantile,451
04,0.975,2024-11-30,wk inc flu hosp,0,2024-11-30,quantile,489
04,0.99,2024-11-30,wk inc flu hosp,0,2024-11-30,quantile,535
05,0.01,2024-11-30,wk inc flu hosp,0,2024-11-30,quantile,0
05,0.025,2024-11-30,wk inc flu hosp,0,2024-11-30,quantile,0
05,0.05,2024-11-30,wk inc flu hosp,0,2024-11-30,quantile,0
05,0.1,2024-11-30,wk inc flu hosp,0,2024-11-30,quantile,0
05,0.15,2024-11-30,wk inc flu hosp,0,2024-11-30,quantile,1
05,0.2,2024-11-30,wk inc flu hosp,0,2024-11-30,quantile,1
05,0.25,2024-11-30,wk inc flu hosp,0,2024-11-30,quantile,2
05,0.3,2024-11-30,wk inc flu hosp,0,2024-11-30,quantile,2
05,0.35,2024-11-30,wk inc flu hosp,0,2024-11-30,quantile,3
05,0.4,2024-11-30,wk inc flu hosp,0,2024-11-30,quantile,3
05,0.45,2024-11-30,wk inc flu hosp,0,2024-11-30,quantile,4
05,0.5,2024-11-30,wk inc flu hosp,0,2024-11-30,quantile,5
05,0.55,2024-11-30,wk inc flu hosp,0,2024-11-30,quantile,5
05,0.6,2024-11-30,wk inc flu hosp,0,2024-11-30,quantile,6
05,0.65,2024-11-30,wk inc flu hosp,0,2024-11-30,quantile,7
05,0.7,2024-11-30,wk inc flu hosp,0,2024-11-30,quantile,8
05,0.75,2024-11-30,wk inc flu hosp,0,2024-11-30,quantile,10
05,0.8,2024-11-30,wk inc flu hosp,0,2024-11-30,quantile,11
05,0.85,2024-11-30,wk inc flu hosp,0,2024-11-30,quantile,13
05,0.9,2024-11-30,wk inc flu hosp,0,2024-11-30,quantile,16
05,0.95,2024-11-30,wk inc flu hosp,0,2024-11-30,quantile,20
05,0.975,2024-11-30,wk inc flu hosp,0,2024-11-30,quantile,25
05,0.99,2024-11-30,wk inc flu hosp,0,2024-11-30,quantile,31
06,0.01,2024-11-30,wk inc flu hosp,0,2024-11-30,quantile,68
06,0.025,2024-11-30,wk inc flu hosp,0,2024-11-30,quantile,90
06,0.05,2024-11-30,wk inc flu hosp,0,2024-11-30,quantile,114
06,0.1,2024-11-30,wk inc flu hosp,0,2024-11-30,quantile,146
06,0.15,2024-11-30,wk inc flu hosp,0,2024-11-30,quantile,170
06,0.2,2024-11-30,wk inc flu hosp,0,2024-11-30,quantile,191
06,0.25,2024-11-30,wk inc flu hosp,0,2024-11-30,quantile,210
06,0.3,2024-11-30,wk inc flu hosp,0,2024-11-30,quantile,229
06,0.35,2024-11-30,wk inc flu hosp,0,2024-11-30,quantile,246
06,0.4,2024-11-30,wk inc flu hosp,0,2024-11-30,quantile,264
06,0.45,2024-11-30,wk inc flu hosp,0,2024-11-30,quantile,281
06,0.5,2024-11-30,wk inc flu hosp,0,2024-11-30,quantile,299
06,0.55,2024-11-30,wk inc flu hosp,0,2024-11-30,quantile,318
06,0.6,2024-11-30,wk inc flu hosp,0,2024-11-30,quantile,337
06,0.65,2024-11-30,wk inc flu hosp,0,2024-11-30,quantile,358
06,0.7,2024-11-30,wk inc flu hosp,0,2024-11-30,quantile,380
06,0.75,2024-11-30,wk inc flu hosp,0,2024-11-30,quantile,406
06,0.8,2024-11-30,wk inc flu hosp,0,2024-11-30,quantile,435
06,0.85,2024-11-30,wk inc flu hosp,0,2024-11-30,quantile,470
06,0.9,2024-11-30,wk inc flu hosp,0,2024-11-30,quantile,517
06,0.95,2024-11-30,wk inc flu hosp,0,2024-11-30,quantile,590
06,0.975,2024-11-30,wk inc flu hosp,0,2024-11-30,quantile,658
06,0.99,2024-11-30,wk inc flu hosp,0,2024-11-30,quantile,742
08,0.01,2024-11-30,wk inc flu hosp,0,2024-11-30,quantile,4
08,0.025,2024-11-30,wk inc flu hosp,0,2024-11-30,quantile,6
08,0.05,2024-11-30,wk inc flu hosp,0,2024-11-30,quantile,8
08,0.1,2024-11-30,wk inc flu hosp,0,2024-11-30,quantile,10
08,0.15,2024-11-30,wk inc flu hosp,0,2024-11-30,quantile,13
08,0.2,2024-11-30,wk inc flu hosp,0,2024-11-30,quantile,14
08,0.25,2024-11-30,wk inc flu hosp,0,2024-11-30,quantile,16
08,0.3,2024-11-30,wk inc flu hosp,0,2024-11-30,quantile,18
08,0.35,2024-11-30,wk inc flu hosp,0,2024-11-30,quantile,19
08,0.4,2024-11-30,wk inc flu hosp,0,2024-11-30,quantile,21
08,0.45,2024-11-30,wk inc flu hosp,0,2024-11-30,quantile,23
08,0.5,2024-11-30,wk inc flu hosp,0,2024-11-30,quantile,24
08,0.55,2024-11-30,wk inc flu hosp,0,2024-11-30,quantile,26
08,0.6,2024-11-30,wk inc flu hosp,0,2024-11-30,quantile,28
08,0.65,2024-11-30,wk inc flu hosp,0,2024-11-30,quantile,30
08,0.7,2024-11-30,wk inc flu hosp,0,2024-11-30,quantile,32
08,0.75,2024-11-30,wk inc flu hosp,0,2024-11-30,quantile,34
08,0.8,2024-11-30,wk inc flu hosp,0,2024-11-30,quantile,37
08,0.85,2024-11-30,wk inc flu hosp,0,2024-11-30,quantile,40
08,0.9,2024-11-30,wk inc flu hosp,0,2024-11-30,quantile,45
08,0.95,2024-11-30,wk inc flu hosp,0,2024-11-30,quantile,52
08,0.975,2024-11-30,wk inc flu hosp,0,2024-11-30,quantile,58
08,0.99,2024-11-30,wk inc flu hosp,0,2024-11-30,quantile,67
09,0.01,2024-11-30,wk inc flu hosp,0,2024-11-30,quantile,0
09,0.025,2024-11-30,wk inc flu hosp,0,2024-11-30,quantile,0
09,0.05,2024-11-30,wk inc flu hosp,0,2024-11-30,quantile,0
09,0.1,2024-11-30,wk inc flu hosp,0,2024-11-30,quantile,1
09,0.15,2024-11-30,wk inc flu hosp,0,2024-11-30,quantile,1
09,0.2,2024-11-30,wk inc flu hosp,0,2024-11-30,quantile,2
09,0.25,2024-11-30,wk inc flu hosp,0,2024-11-30,quantile,2
09,0.3,2024-11-30,wk inc flu hosp,0,2024-11-30,quantile,3
09,0.35,2024-11-30,wk inc flu hosp,0,2024-11-30,quantile,4
09,0.4,2024-11-30,wk inc flu hosp,0,2024-11-30,quantile,5
09,0.45,2024-11-30,wk inc flu hosp,0,2024-11-30,quantile,5
09,0.5,2024-11-30,wk inc flu hosp,0,2024-11-30,quantile,6
09,0.55,2024-11-30,wk inc flu hosp,0,2024-11-30,quantile,7
09,0.6,2024-11-30,wk inc flu hosp,0,2024-11-30,quantile,8
09,0.65,2024-11-30,wk inc flu hosp,0,2024-11-30,quantile,9
09,0.7,2024-11-30,wk inc flu hosp,0,2024-11-30,quantile,11
09,0.75,2024-11-30,wk inc flu hosp,0,2024-11-30,quantile,12
09,0.8,2024-11-30,wk inc flu hosp,0,2024-11-30,quantile,14
09,0.85,2024-11-30,wk inc flu hosp,0,2024-11-30,quantile,16
09,0.9,2024-11-30,wk inc flu hosp,0,2024-11-30,quantile,20
09,0.95,2024-11-30,wk inc flu hosp,0,2024-11-30,quantile,25
09,0.975,2024-11-30,wk inc flu hosp,0,2024-11-30,quantile,30
09,0.99,2024-11-30,wk inc flu hosp,0,2024-11-30,quantile,36
10,0.01,2024-11-30,wk inc flu hosp,0,2024-11-30,quantile,1
10,0.025,2024-11-30,wk inc flu hosp,0,2024-11-30,quantile,1
10,0.05,2024-11-30,wk inc flu hosp,0,2024-11-30,quantile,1
10,0.1,2024-11-30,wk inc flu hosp,0,2024-11-30,quantile,2
10,0.15,2024-11-30,wk inc flu hosp,0,2024-11-30,quantile,2
10,0.2,2024-11-30,wk inc flu hosp,0,2024-11-30,quantile,3
10,0.25,2024-11-30,wk inc flu hosp,0,2024-11-30,quantile,3
10,0.3,2024-11-30,wk inc flu hosp,0,2024-11-30,quantile,4
10,0.35,2024-11-30,wk inc flu hosp,0,2024-11-30,quantile,4
10,0.4,2024-11-30,wk inc flu hosp,0,2024-11-30,quantile,5
10,0.45,2024-11-30,wk inc flu hosp,0,2024-11-30,quantile,5
10,0.5,2024-11-30,wk inc flu hosp,0,2024-11-30,quantile,6
10,0.55,2024-11-30,wk inc flu hosp,0,2024-11-30,quantile,6
10,0.6,2024-11-30,wk inc flu hosp,0,2024-11-30,quantile,7
10,0.65,2024-11-30,wk inc flu hosp,0,2024-11-30,quantile,7
10,0.7,2024-11-30,wk inc flu hosp,0,2024-11-30,quantile,8
10,0.75,2024-11-30,wk inc flu hosp,0,2024-11-30,quantile,8
10,0.8,2024-11-30,wk inc flu hosp,0,2024-11-30,quantile,9
10,0.85,2024-11-30,wk inc flu hosp,0,2024-11-30,quantile,10
10,0.9,2024-11-30,wk inc flu hosp,0,2024-11-30,quantile,12
10,0.95,2024-11-30,wk inc flu hosp,0,2024-11-30,quantile,14
10,0.975,2024-11-30,wk inc flu hosp,0,2024-11-30,quantile,16
10,0.99,2024-11-30,wk inc flu hosp,0,2024-11-30,quantile,18
11,0.01,2024-11-30,wk inc flu hosp,0,2024-11-30,quantile,0
11,0.025,2024-11-30,wk inc flu hosp,0,2024-11-30,quantile,0
11,0.05,2024-11-30,wk inc flu hosp,0,2024-11-30,quantile,0
11,0.1,2024-11-30,wk inc flu hosp,0,2024-11-30,quantile,0
11,0.15,2024-11-30,wk inc flu hosp,0,2024-11-30,quantile,1
11,0.2,2024-11-30,wk inc flu hosp,0,2024-11-30,quantile,1
11,0.25,2024-11-30,wk inc flu hosp,0,2024-11-30,quantile,1
11,0.3,2024-11-30,wk inc flu hosp,0,2024-11-30,quantile,2
11,0.35,2024-11-30,wk inc flu hosp,0,2024-11-30,quantile,2
11,0.4,2024-11-30,wk inc flu hosp,0,2024-11-30,quantile,2
11,0.45,2024-11-30,wk inc flu hosp,0,2024-11-30,quantile,3
11,0.5,2024-11-30,wk inc flu hosp,0,2024-11-30,quantile,3
11,0.55,2024-11-30,wk inc flu hosp,0,2024-11-30,quantile,4
11,0.6,2024-11-30,wk inc flu hosp,0,2024-11-30,quantile,4
11,0.65,2024-11-30,wk inc flu hosp,0,2024-11-30,quantile,4
11,0.7,2024-11-30,wk inc flu hosp,0,2024-11-30,quantile,5
11,0.75,2024-11-30,wk inc flu hosp,0,2024-11-30,quantile,6
11,0.8,2024-11-30,wk inc flu hosp,0,2024-11-30,quantile,6
11,0.85,2024-11-30,wk inc flu hosp,0,2024-11-30,quantile,7
11,0.9,2024-11-30,wk inc flu hosp,0,2024-11-30,quantile,8
11,0.95,2024-11-30,wk inc flu hosp,0,2024-11-30,quantile,10
11,0.975,2024-11-30,wk inc flu hosp,0,2024-11-30,quantile,12
11,0.99,2024-11-30,wk inc flu hosp,0,2024-11-30,quantile,14
12,0.01,2024-11-30,wk inc flu hosp,0,2024-11-30,quantile,127
12,0.025,2024-11-30,wk inc flu hosp,0,2024-11-30,quantile,147
12,0.05,2024-11-30,wk inc flu hosp,0,2024-11-30,quantile,166
12,0.1,2024-11-30,wk inc flu hosp,0,2024-11-30,quantile,189
12,0.15,2024-11-30,wk inc flu hosp,0,2024-11-30,quantile,205
12,0.2,2024-11-30,wk inc flu hosp,0,2024-11-30,quantile,219
12,0.25,2024-11-30,wk inc flu hosp,0,2024-11-30,quantile,231
12,0.3,2024-11-30,wk inc flu hosp,0,2024-11-30,quantile,243
12,0.35,2024-11-30,wk inc flu hosp,0,2024-11-30,quantile,254
12,0.4,2024-11-30,wk inc flu hosp,0,2024-11-30,quantile,264
12,0.45,2024-11-30,wk inc flu hosp,0,2024-11-30,quantile,274
12,0.5,2024-11-30,wk inc flu hosp,0,2024-11-30,quantile,285
12,0.55,2024-11-30,wk inc flu hosp,0,2024-11-30,quantile,296
12,0.6,2024-11-30,wk inc flu hosp,0,2024-11-30,quantile,307
12,0.65,2024-11-30,wk inc flu hosp,0,2024-11-30,quantile,318
12,0.7,2024-11-30,wk inc flu hosp,0,2024-11-30,quantile,331
12,0.75,2024-11-30,wk inc flu hosp,0,2024-11-30,quantile,345
12,0.8,2024-11-30,wk inc flu hosp,0,2024-11-30,quantile,361
12,0.85,2024-11-30,wk inc flu hosp,0,2024-11-30,quantile,379
12,0.9,2024-11-30,wk inc flu hosp,0,2024-11-30,quantile,404
12,0.95,2024-11-30,wk inc flu hosp,0,2024-11-30,quantile,442
12,0.975,2024-11-30,wk inc flu hosp,0,2024-11-30,quantile,476
12,0.99,2024-11-30,wk inc flu hosp,0,2024-11-30,quantile,518
13,0.01,2024-11-30,wk inc flu hosp,0,2024-11-30,quantile,2
13,0.025,2024-11-30,wk inc flu hosp,0,2024-11-30,quantile,3
13,0.05,2024-11-30,wk inc flu hosp,0,2024-11-30,quantile,4
13,0.1,2024-11-30,wk inc flu hosp,0,2024-11-30,quantile,7
13,0.15,2024-11-30,wk inc flu hosp,0,2024-11-30,quantile,9
13,0.2,2024-11-30,wk inc flu hosp,0,2024-11-30,quantile,11
13,0.25,2024-11-30,wk inc flu hosp,0,2024-11-30,quantile,14
13,0.3,2024-11-30,wk inc flu hosp,0,2024-11-30,quantile,16
13,0.35,2024-11-30,wk inc flu hosp,0,2024-11-30,quantile,18
13,0.4,2024-11-30,wk inc flu hosp,0,2024-11-30,quantile,20
13,0.45,2024-11-30,wk inc flu hosp,0,2024-11-30,quantile,22
13,0.5,2024-11-30,wk inc flu hosp,0,2024-11-30,quantile,25
13,0.55,2024-11-30,wk inc flu hosp,0,2024-11-30,quantile,27
13,0.6,2024-11-30,wk inc flu hosp,0,2024-11-30,quantile,30
13,0.65,2024-11-30,wk inc flu hosp,0,2024-11-30,quantile,33
13,0.7,2024-11-30,wk inc flu hosp,0,2024-11-30,quantile,36
13,0.75,2024-11-30,wk inc flu hosp,0,2024-11-30,quantile,40
13,0.8,2024-11-30,wk inc flu hosp,0,2024-11-30,quantile,44
13,0.85,2024-11-30,wk inc flu hosp,0,2024-11-30,quantile,49
13,0.9,2024-11-30,wk inc flu hosp,0,2024-11-30,quantile,57
13,0.95,2024-11-30,wk inc flu hosp,0,2024-11-30,quantile,68
13,0.975,2024-11-30,wk inc flu hosp,0,2024-11-30,quantile,79
13,0.99,2024-11-30,wk inc flu hosp,0,2024-11-30,quantile,93
15,0.01,2024-11-30,wk inc flu hosp,0,2024-11-30,quantile,1
15,0.025,2024-11-30,wk inc flu hosp,0,2024-11-30,quantile,2
15,0.05,2024-11-30,wk inc flu hosp,0,2024-11-30,quantile,2
15,0.1,2024-11-30,wk inc flu hosp,0,2024-11-30,quantile,3
15,0.15,2024-11-30,wk inc flu hosp,0,2024-11-30,quantile,4
15,0.2,2024-11-30,wk inc flu hosp,0,2024-11-30,quantile,5
15,0.25,2024-11-30,wk inc flu hosp,0,2024-11-30,quantile,5
15,0.3,2024-11-30,wk inc flu hosp,0,2024-11-30,quantile,6
15,0.35,2024-11-30,wk inc flu hosp,0,2024-11-30,quantile,6
15,0.4,2024-11-30,wk inc flu hosp,0,2024-11-30,quantile,7
15,0.45,2024-11-30,wk inc flu hosp,0,2024-11-30,quantile,7
15,0.5,2024-11-30,wk inc flu hosp,0,2024-11-30,quantile,8
15,0.55,2024-11-30,wk inc flu hosp,0,2024-11-30,quantile,8
15,0.6,2024-11-30,wk inc flu hosp,0,2024-11-30,quantile,9
15,0.65,2024-11-30,wk inc flu hosp,0,2024-11-30,quantile,9
15,0.7,2024-11-30,wk inc flu hosp,0,2024-11-30,quantile,10
15,0.75,2024-11-30,wk inc flu hosp,0,2024-11-30,quantile,11
15,0.8,2024-11-30,wk inc flu hosp,0,2024-11-30,quantile,11
15,0.85,2024-11-30,wk inc flu hosp,0,2024-11-30,quantile,12
15,0.9,2024-11-30,wk inc flu hosp,0,2024-11-30,quantile,14
15,0.95,2024-11-30,wk inc flu hosp,0,2024-11-30,quantile,16
15,0.975,2024-11-30,wk inc flu hosp,0,2024-11-30,quantile,18
15,0.99,2024-11-30,wk inc flu hosp,0,2024-11-30,quantile,20
16,0.01,2024-11-30,wk inc flu hosp,0,2024-11-30,quantile,2
16,0.025,2024-11-30,wk inc flu hosp,0,2024-11-30,quantile,3
16,0.05,2024-11-30,wk inc flu hosp,0,2024-11-30,quantile,4
16,0.1,2024-11-30,wk inc flu hosp,0,2024-11-30,quantile,5
16,0.15,2024-11-30,wk inc flu hosp,0,2024-11-30,quantile,6
16,0.2,2024-11-30,wk inc flu hosp,0,2024-11-30,quantile,7
16,0.25,2024-11-30,wk inc flu hosp,0,2024-11-30,quantile,8
16,0.3,2024-11-30,wk inc flu hosp,0,2024-11-30,quantile,9
16,0.35,2024-11-30,wk inc flu hosp,0,2024-11-30,quantile,10
16,0.4,2024-11-30,wk inc flu hosp,0,2024-11-30,quantile,11
16,0.45,2024-11-30,wk inc flu hosp,0,2024-11-30,quantile,12
16,0.5,2024-11-30,wk inc flu hosp,0,2024-11-30,quantile,13
16,0.55,2024-11-30,wk inc flu hosp,0,2024-11-30,quantile,14
16,0.6,2024-11-30,wk inc flu hosp,0,2024-11-30,quantile,15
16,0.65,2024-11-30,wk inc flu hosp,0,2024-11-30,quantile,17
16,0.7,2024-11-30,wk inc flu hosp,0,2024-11-30,quantile,18
16,0.75,2024-11-30,wk inc flu hosp,0,2024-11-30,quantile,20
16,0.8,2024-11-30,wk inc flu hosp,0,2024-11-30,quantile,22
16,0.85,2024-11-30,wk inc flu hosp,0,2024-11-30,quantile,24
16,0.9,2024-11-30,wk inc flu hosp,0,2024-11-30,quantile,27
16,0.95,2024-11-30,wk inc flu hosp,0,2024-11-30,quantile,33
16,0.975,2024-11-30,wk inc flu hosp,0,2024-11-30,quantile,38
16,0.99,2024-11-30,wk inc flu hosp,0,2024-11-30,quantile,44
17,0.01,2024-11-30,wk inc flu hosp,0,2024-11-30,quantile,5
17,0.025,2024-11-30,wk inc flu hosp,0,2024-11-30,quantile,7
17,0.05,2024-11-30,wk inc flu hosp,0,2024-11-30,quantile,9
17,0.1,2024-11-30,wk inc flu hosp,0,2024-11-30,quantile,13
17,0.15,2024-11-30,wk inc flu hosp,0,2024-11-30,quantile,16
17,0.2,2024-11-30,wk inc flu hosp,0,2024-11-30,quantile,19
17,0.25,2024-11-30,wk inc flu hosp,0,2024-11-30,quantile,23
17,0.3,2024-11-30,wk inc flu hosp,0,2024-11-30,quantile,26
17,0.35,2024-11-30,wk inc flu hosp,0,2024-11-30,quantile,29
17,0.4,2024-11-30,wk inc flu hosp,0,2024-11-30,quantile,32
17,0.45,2024-11-30,wk inc flu hosp,0,2024-11-30,quantile,35
17,0.5,2024-11-30,wk inc flu hosp,0,2024-11-30,quantile,39
17,0.55,2024-11-30,wk inc flu hosp,0,2024-11-30,quantile,42
17,0.6,2024-11-30,wk inc flu hosp,0,2024-11-30,quantile,46
17,0.65,2024-11-30,wk inc flu hosp,0,2024-11-30,quantile,51
17,0.7,2024-11-30,wk inc flu hosp,0,2024-11-30,quantile,55
17,0.75,2024-11-30,wk inc flu hosp,0,2024-11-30,quantile,61
17,0.8,2024-11-30,wk inc flu hosp,0,2024-11-30,quantile,67
17,0.85,2024-11-30,wk inc flu hosp,0,2024-11-30,quantile,75
17,0.9,2024-11-30,wk inc flu hosp,0,2024-11-30,quantile,85
17,0.95,2024-11-30,wk inc flu hosp,0,2024-11-30,quantile,102
17,0.975,2024-11-30,wk inc flu hosp,0,2024-11-30,quantile,118
17,0.99,2024-11-30,wk inc flu hosp,0,2024-11-30,quantile,138
18,0.01,2024-11-30,wk inc flu hosp,0,2024-11-30,quantile,2
18,0.025,2024-11-30,wk inc flu hosp,0,2024-11-30,quantile,3
18,0.05,2024-11-30,wk inc flu hosp,0,2024-11-30,quantile,4
18,0.1,2024-11-30,wk inc flu hosp,0,2024-11-30,quantile,5
18,0.15,2024-11-30,wk inc flu hosp,0,2024-11-30,quantile,7
18,0.2,2024-11-30,wk inc flu hosp,0,2024-11-30,quantile,8
18,0.25,2024-11-30,wk inc flu hosp,0,2024-11-30,quantile,10
18,0.3,2024-11-30,wk inc flu hosp,0,2024-11-30,quantile,12
18,0.35,2024-11-30,wk inc flu hosp,0,2024-11-30,quantile,13
18,0.4,2024-11-30,wk inc flu hosp,0,2024-11-30,quantile,15
18,0.45,2024-11-30,wk inc flu hosp,0,2024-11-30,quantile,17
18,0.5,2024-11-30,wk inc flu hosp,0,2024-11-30,quantile,19
18,0.55,2024-11-30,wk inc flu hosp,0,2024-11-30,quantile,21
18,0.6,2024-11-30,wk inc flu hosp,0,2024-11-30,quantile,23
18,0.65,2024-11-30,wk inc flu hosp,0,2024-11-30,quantile,25
18,0.7,2024-11-30,wk inc flu hosp,0,2024-11-30,quantile,28
18,0.75,2024-11-30,wk inc flu hosp,0,2024-11-30,quantile,31
18,0.8,2024-11-30,wk inc flu hosp,0,2024-11-30,quantile,34
18,0.85,2024-11-30,wk inc flu hosp,0,2024-11-30,quantile,39
18,0.9,2024-11-30,wk inc flu hosp,0,2024-11-30,quantile,45
18,0.95,2024-11-30,wk inc flu hosp,0,2024-11-30,quantile,54
18,0.975,2024-11-30,wk inc flu hosp,0,2024-11-30,quantile,64
18,0.99,2024-11-30,wk inc flu hosp,0,2024-11-30,quantile,75
19,0.01,2024-11-30,wk inc flu hosp,0,2024-11-30,quantile,0
19,0.025,2024-11-30,wk inc flu hosp,0,2024-11-30,quantile,0
19,0.05,2024-11-30,wk inc flu hosp,0,2024-11-30,quantile,0
19,0.1,2024-11-30,wk inc flu hosp,0,2024-11-30,quantile,0
19,0.15,2024-11-30,wk inc flu hosp,0,2024-11-30,quantile,0
19,0.2,2024-11-30,wk inc flu hosp,0,2024-11-30,quantile,0
19,0.25,2024-11-30,wk inc flu hosp,0,2024-11-30,quantile,1
19,0.3,2024-11-30,wk inc flu hosp,0,2024-11-30,quantile,1
19,0.35,2024-11-30,wk inc flu hosp,0,2024-11-30,quantile,1
19,0.4,2024-11-30,wk inc flu hosp,0,2024-11-30,quantile,1
19,0.45,2024-11-30,wk inc flu hosp,0,2024-11-30,quantile,2
19,0.5,2024-11-30,wk inc flu hosp,0,2024-11-30,quantile,2
19,0.55,2024-11-30,wk inc flu hosp,0,2024-11-30,quantile,2
19,0.6,2024-11-30,wk inc flu hosp,0,2024-11-30,quantile,3
19,0.65,2024-11-30,wk inc flu hosp,0,2024-11-30,quantile,3
19,0.7,2024-11-30,wk inc flu hosp,0,2024-11-30,quantile,4
19,0.75,2024-11-30,wk inc flu hosp,0,2024-11-30,quantile,4
19,0.8,2024-11-30,wk inc flu hosp,0,2024-11-30,quantile,5
19,0.85,2024-11-30,wk inc flu hosp,0,2024-11-30,quantile,7
19,0.9,2024-11-30,wk inc flu hosp,0,2024-11-30,quantile,8
19,0.95,2024-11-30,wk inc flu hosp,0,2024-11-30,quantile,11
19,0.975,2024-11-30,wk inc flu hosp,0,2024-11-30,quantile,14
19,0.99,2024-11-30,wk inc flu hosp,0,2024-11-30,quantile,18
20,0.01,2024-11-30,wk inc flu hosp,0,2024-11-30,quantile,1
20,0.025,2024-11-30,wk inc flu hosp,0,2024-11-30,quantile,1
20,0.05,2024-11-30,wk inc flu hosp,0,2024-11-30,quantile,2
20,0.1,2024-11-30,wk inc flu hosp,0,2024-11-30,quantile,3
20,0.15,2024-11-30,wk inc flu hosp,0,2024-11-30,quantile,3
20,0.2,2024-11-30,wk inc flu hosp,0,2024-11-30,quantile,4
20,0.25,2024-11-30,wk inc flu hosp,0,2024-11-30,quantile,5
20,0.3,2024-11-30,wk inc flu hosp,0,2024-11-30,quantile,6
20,0.35,2024-11-30,wk inc flu hosp,0,2024-11-30,quantile,7
20,0.4,2024-11-30,wk inc flu hosp,0,2024-11-30,quantile,8
20,0.45,2024-11-30,wk inc flu hosp,0,2024-11-30,quantile,8
20,0.5,2024-11-30,wk inc flu hosp,0,2024-11-30,quantile,9
20,0.55,2024-11-30,wk inc flu hosp,0,2024-11-30,quantile,10
20,0.6,2024-11-30,wk inc flu hosp,0,2024-11-30,quantile,11
20,0.65,2024-11-30,wk inc flu hosp,0,2024-11-30,quantile,13
20,0.7,2024-11-30,wk inc flu hosp,0,2024-11-30,quantile,14
20,0.75,2024-11-30,wk inc flu hosp,0,2024-11-30,quantile,15
20,0.8,2024-11-30,wk inc flu hosp,0,2024-11-30,quantile,17
20,0.85,2024-11-30,wk inc flu hosp,0,2024-11-30,quantile,19
20,0.9,2024-11-30,wk inc flu hosp,0,2024-11-30,quantile,22
20,0.95,2024-11-30,wk inc flu hosp,0,2024-11-30,quantile,26
20,0.975,2024-11-30,wk inc flu hosp,0,2024-11-30,quantile,31
20,0.99,2024-11-30,wk inc flu hosp,0,2024-11-30,quantile,36
21,0.01,2024-11-30,wk inc flu hosp,0,2024-11-30,quantile,0
21,0.025,2024-11-30,wk inc flu hosp,0,2024-11-30,quantile,0
21,0.05,2024-11-30,wk inc flu hosp,0,2024-11-30,quantile,1
21,0.1,2024-11-30,wk inc flu hosp,0,2024-11-30,quantile,1
21,0.15,2024-11-30,wk inc flu hosp,0,2024-11-30,quantile,2
21,0.2,2024-11-30,wk inc flu hosp,0,2024-11-30,quantile,3
21,0.25,2024-11-30,wk inc flu hosp,0,2024-11-30,quantile,3
21,0.3,2024-11-30,wk inc flu hosp,0,2024-11-30,quantile,4
21,0.35,2024-11-30,wk inc flu hosp,0,2024-11-30,quantile,5
21,0.4,2024-11-30,wk inc flu hosp,0,2024-11-30,quantile,6
21,0.45,2024-11-30,wk inc flu hosp,0,2024-11-30,quantile,8
21,0.5,2024-11-30,wk inc flu hosp,0,2024-11-30,quantile,9
21,0.55,2024-11-30,wk inc flu hosp,0,2024-11-30,quantile,10
21,0.6,2024-11-30,wk inc flu hosp,0,2024-11-30,quantile,12
21,0.65,2024-11-30,wk inc flu hosp,0,2024-11-30,quantile,14
21,0.7,2024-11-30,wk inc flu hosp,0,2024-11-30,quantile,16
21,0.75,2024-11-30,wk inc flu hosp,0,2024-11-30,quantile,19
21,0.8,2024-11-30,wk inc flu hosp,0,2024-11-30,quantile,22
21,0.85,2024-11-30,wk inc flu hosp,0,2024-11-30,quantile,26
21,0.9,2024-11-30,wk inc flu hosp,0,2024-11-30,quantile,32
21,0.95,2024-11-30,wk inc flu hosp,0,2024-11-30,quantile,41
21,0.975,2024-11-30,wk inc flu hosp,0,2024-11-30,quantile,51
21,0.99,2024-11-30,wk inc flu hosp,0,2024-11-30,quantile,63
22,0.01,2024-11-30,wk inc flu hosp,0,2024-11-30,quantile,19
22,0.025,2024-11-30,wk inc flu hosp,0,2024-11-30,quantile,24
22,0.05,2024-11-30,wk inc flu hosp,0,2024-11-30,quantile,29
22,0.1,2024-11-30,wk inc flu hosp,0,2024-11-30,quantile,36
22,0.15,2024-11-30,wk inc flu hosp,0,2024-11-30,quantile,41
22,0.2,2024-11-30,wk inc flu hosp,0,2024-11-30,quantile,46
22,0.25,2024-11-30,wk inc flu hosp,0,2024-11-30,quantile,49
22,0.3,2024-11-30,wk inc flu hosp,0,2024-11-30,quantile,53
22,0.35,2024-11-30,wk inc flu hosp,0,2024-11-30,quantile,56
22,0.4,2024-11-30,wk inc flu hosp,0,2024-11-30,quantile,60
22,0.45,2024-11-30,wk inc flu hosp,0,2024-11-30,quantile,63
22,0.5,2024-11-30,wk inc flu hosp,0,2024-11-30,quantile,67
22,0.55,2024-11-30,wk inc flu hosp,0,2024-11-30,quantile,70
22,0.6,2024-11-30,wk inc flu hosp,0,2024-11-30,quantile,74
22,0.65,2024-11-30,wk inc flu hosp,0,2024-11-30,quantile,78
22,0.7,2024-11-30,wk inc flu hosp,0,2024-11-30,quantile,82
22,0.75,2024-11-30,wk inc flu hosp,0,2024-11-30,quantile,87
22,0.8,2024-11-30,wk inc flu hosp,0,2024-11-30,quantile,92
22,0.85,2024-11-30,wk inc flu hosp,0,2024-11-30,quantile,98
22,0.9,2024-11-30,wk inc flu hosp,0,2024-11-30,quantile,107
22,0.95,2024-11-30,wk inc flu hosp,0,2024-11-30,quantile,120
22,0.975,2024-11-30,wk inc flu hosp,0,2024-11-30,quantile,132
22,0.99,2024-11-30,wk inc flu hosp,0,2024-11-30,quantile,147
23,0.01,2024-11-30,wk inc flu hosp,0,2024-11-30,quantile,0
23,0.025,2024-11-30,wk inc flu hosp,0,2024-11-30,quantile,0
23,0.05,2024-11-30,wk inc flu hosp,0,2024-11-30,quantile,0
23,0.1,2024-11-30,wk inc flu hosp,0,2024-11-30,quantile,0
23,0.15,2024-11-30,wk inc flu hosp,0,2024-11-30,quantile,0
23,0.2,2024-11-30,wk inc flu hosp,0,2024-11-30,quantile,0
23,0.25,2024-11-30,wk inc flu hosp,0,2024-11-30,quantile,0
23,0.3,2024-11-30,wk inc flu hosp,0,2024-11-30,quantile,0
23,0.35,2024-11-30,wk inc flu hosp,0,2024-11-30,quantile,0
23,0.4,2024-11-30,wk inc flu hosp,0,2024-11-30,quantile,0
23,0.45,2024-11-30,wk inc flu hosp,0,2024-11-30,quantile,0
23,0.5,2024-11-30,wk inc flu hosp,0,2024-11-30,quantile,0
23,0.55,2024-11-30,wk inc flu hosp,0,2024-11-30,quantile,0
23,0.6,2024-11-30,wk inc flu hosp,0,2024-11-30,quantile,1
23,0.65,2024-11-30,wk inc flu hosp,0,2024-11-30,quantile,1
23,0.7,2024-11-30,wk inc flu hosp,0,2024-11-30,quantile,1
23,0.75,2024-11-30,wk inc flu hosp,0,2024-11-30,quantile,1
23,0.8,2024-11-30,wk inc flu hosp,0,2024-11-30,quantile,2
23,0.85,2024-11-30,wk inc flu hosp,0,2024-11-30,quantile,2
23,0.9,2024-11-30,wk inc flu hosp,0,2024-11-30,quantile,3
23,0.95,2024-11-30,wk inc flu hosp,0,2024-11-30,quantile,5
23,0.975,2024-11-30,wk inc flu hosp,0,2024-11-30,quantile,7
23,0.99,2024-11-30,wk inc flu hosp,0,2024-11-30,quantile,9
24,0.01,2024-11-30,wk inc flu hosp,0,2024-11-30,quantile,0
24,0.025,2024-11-30,wk inc flu hosp,0,2024-11-30,quantile,0
24,0.05,2024-11-30,wk inc flu hosp,0,2024-11-30,quantile,1
24,0.1,2024-11-30,wk inc flu hosp,0,2024-11-30,quantile,1
24,0.15,2024-11-30,wk inc flu hosp,0,2024-11-30,quantile,2
24,0.2,2024-11-30,wk inc flu hosp,0,2024-11-30,quantile,3
24,0.25,2024-11-30,wk inc flu hosp,0,2024-11-30,quantile,3
24,0.3,2024-11-30,wk inc flu hosp,0,2024-11-30,quantile,4
24,0.35,2024-11-30,wk inc flu hosp,0,2024-11-30,quantile,5
24,0.4,2024-11-30,wk inc flu hosp,0,2024-11-30,quantile,6
24,0.45,2024-11-30,wk inc flu hosp,0,2024-11-30,quantile,7
24,0.5,2024-11-30,wk inc flu hosp,0,2024-11-30,quantile,8
24,0.55,2024-11-30,wk inc flu hosp,0,2024-11-30,quantile,9
24,0.6,2024-11-30,wk inc flu hosp,0,2024-11-30,quantile,10
24,0.65,2024-11-30,wk inc flu hosp,0,2024-11-30,quantile,12
24,0.7,2024-11-30,wk inc flu hosp,0,2024-11-30,quantile,13
24,0.75,2024-11-30,wk inc flu hosp,0,2024-11-30,quantile,15
24,0.8,2024-11-30,wk inc flu hosp,0,2024-11-30,quantile,17
24,0.85,2024-11-30,wk inc flu hosp,0,2024-11-30,quantile,20
24,0.9,2024-11-30,wk inc flu hosp,0,2024-11-30,quantile,23
24,0.95,2024-11-30,wk inc flu hosp,0,2024-11-30,quantile,29
24,0.975,2024-11-30,wk inc flu hosp,0,2024-11-30,quantile,35
24,0.99,2024-11-30,wk inc flu hosp,0,2024-11-30,quantile,42
25,0.01,2024-11-30,wk inc flu hosp,0,2024-11-30,quantile,2
25,0.025,2024-11-30,wk inc flu hosp,0,2024-11-30,quantile,3
25,0.05,2024-11-30,wk inc flu hosp,0,2024-11-30,quantile,4
25,0.1,2024-11-30,wk inc flu hosp,0,2024-11-30,quantile,6
25,0.15,2024-11-30,wk inc flu hosp,0,2024-11-30,quantile,8
25,0.2,2024-11-30,wk inc flu hosp,0,2024-11-30,quantile,10
25,0.25,2024-11-30,wk inc flu hosp,0,2024-11-30,quantile,12
25,0.3,2024-11-30,wk inc flu hosp,0,2024-11-30,quantile,13
25,0.35,2024-11-30,wk inc flu hosp,0,2024-11-30,quantile,15
25,0.4,2024-11-30,wk inc flu hosp,0,2024-11-30,quantile,17
25,0.45,2024-11-30,wk inc flu hosp,0,2024-11-30,quantile,19
25,0.5,2024-11-30,wk inc flu hosp,0,2024-11-30,quantile,21
25,0.55,2024-11-30,wk inc flu hosp,0,2024-11-30,quantile,23
25,0.6,2024-11-30,wk inc flu hosp,0,2024-11-30,quantile,25
25,0.65,2024-11-30,wk inc flu hosp,0,2024-11-30,quantile,28
25,0.7,2024-11-30,wk inc flu hosp,0,2024-11-30,quantile,31
25,0.75,2024-11-30,wk inc flu hosp,0,2024-11-30,quantile,34
25,0.8,2024-11-30,wk inc flu hosp,0,2024-11-30,quantile,37
25,0.85,2024-11-30,wk inc flu hosp,0,2024-11-30,quantile,42
25,0.9,2024-11-30,wk inc flu hosp,0,2024-11-30,quantile,48
25,0.95,2024-11-30,wk inc flu hosp,0,2024-11-30,quantile,58
25,0.975,2024-11-30,wk inc flu hosp,0,2024-11-30,quantile,67
25,0.99,2024-11-30,wk inc flu hosp,0,2024-11-30,quantile,79
26,0.01,2024-11-30,wk inc flu hosp,0,2024-11-30,quantile,5
26,0.025,2024-11-30,wk inc flu hosp,0,2024-11-30,quantile,6
26,0.05,2024-11-30,wk inc flu hosp,0,2024-11-30,quantile,8
26,0.1,2024-11-30,wk inc flu hosp,0,2024-11-30,quantile,11
26,0.15,2024-11-30,wk inc flu hosp,0,2024-11-30,quantile,13
26,0.2,2024-11-30,wk inc flu hosp,0,2024-11-30,quantile,15
26,0.25,2024-11-30,wk inc flu hosp,0,2024-11-30,quantile,17
26,0.3,2024-11-30,wk inc flu hosp,0,2024-11-30,quantile,19
26,0.35,2024-11-30,wk inc flu hosp,0,2024-11-30,quantile,21
26,0.4,2024-11-30,wk inc flu hosp,0,2024-11-30,quantile,23
26,0.45,2024-11-30,wk inc flu hosp,0,2024-11-30,quantile,26
26,0.5,2024-11-30,wk inc flu hosp,0,2024-11-30,quantile,28
26,0.55,2024-11-30,wk inc flu hosp,0,2024-11-30,quantile,31
26,0.6,2024-11-30,wk inc flu hosp,0,2024-11-30,quantile,34
26,0.65,2024-11-30,wk inc flu hosp,0,2024-11-30,quantile,37
26,0.7,2024-11-30,wk inc flu hosp,0,2024-11-30,quantile,41
26,0.75,2024-11-30,wk inc flu hosp,0,2024-11-30,quantile,45
26,0.8,2024-11-30,wk inc flu hosp,0,2024-11-30,quantile,50
26,0.85,2024-11-30,wk inc flu hosp,0,2024-11-30,quantile,56
26,0.9,2024-11-30,wk inc flu hosp,0,2024-11-30,quantile,65
26,0.95,2024-11-30,wk inc flu hosp,0,2024-11-30,quantile,80
26,0.975,2024-11-30,wk inc flu hosp,0,2024-11-30,quantile,94
26,0.99,2024-11-30,wk inc flu hosp,0,2024-11-30,quantile,112
27,0.01,2024-11-30,wk inc flu hosp,0,2024-11-30,quantile,1
27,0.025,2024-11-30,wk inc flu hosp,0,2024-11-30,quantile,1
27,0.05,2024-11-30,wk inc flu hosp,0,2024-11-30,quantile,2
27,0.1,2024-11-30,wk inc flu hosp,0,2024-11-30,quantile,3
27,0.15,2024-11-30,wk inc flu hosp,0,2024-11-30,quantile,4
27,0.2,2024-11-30,wk inc flu hosp,0,2024-11-30,quantile,5
27,0.25,2024-11-30,wk inc flu hosp,0,2024-11-30,quantile,6
27,0.3,2024-11-30,wk inc flu hosp,0,2024-11-30,quantile,7
27,0.35,2024-11-30,wk inc flu hosp,0,2024-11-30,quantile,8
27,0.4,2024-11-30,wk inc flu hosp,0,2024-11-30,quantile,10
27,0.45,2024-11-30,wk inc flu hosp,0,2024-11-30,quantile,11
27,0.5,2024-11-30,wk inc flu hosp,0,2024-11-30,quantile,12
27,0.55,2024-11-30,wk inc flu hosp,0,2024-11-30,quantile,14
27,0.6,2024-11-30,wk inc flu hosp,0,2024-11-30,quantile,16
27,0.65,2024-11-30,wk inc flu hosp,0,2024-11-30,quantile,17
27,0.7,2024-11-30,wk inc flu hosp,0,2024-11-30,quantile,19
27,0.75,2024-11-30,wk inc flu hosp,0,2024-11-30,quantile,22
27,0.8,2024-11-30,wk inc flu hosp,0,2024-11-30,quantile,25
27,0.85,2024-11-30,wk inc flu hosp,0,2024-11-30,quantile,28
27,0.9,2024-11-30,wk inc flu hosp,0,2024-11-30,quantile,33
27,0.95,2024-11-30,wk inc flu hosp,0,2024-11-30,quantile,41
27,0.975,2024-11-30,wk inc flu hosp,0,2024-11-30,quantile,48
27,0.99,2024-11-30,wk inc flu hosp,0,2024-11-30,quantile,58
28,0.01,2024-11-30,wk inc flu hosp,0,2024-11-30,quantile,1
28,0.025,2024-11-30,wk inc flu hosp,0,2024-11-30,quantile,1
28,0.05,2024-11-30,wk inc flu hosp,0,2024-11-30,quantile,2
28,0.1,2024-11-30,wk inc flu hosp,0,2024-11-30,quantile,4
28,0.15,2024-11-30,wk inc flu hosp,0,2024-11-30,quantile,5
28,0.2,2024-11-30,wk inc flu hosp,0,2024-11-30,quantile,7
28,0.25,2024-11-30,wk inc flu hosp,0,2024-11-30,quantile,8
28,0.3,2024-11-30,wk inc flu hosp,0,2024-11-30,quantile,9
28,0.35,2024-11-30,wk inc flu hosp,0,2024-11-30,quantile,10
28,0.4,2024-11-30,wk inc flu hosp,0,2024-11-30,quantile,11
28,0.45,2024-11-30,wk inc flu hosp,0,2024-11-30,quantile,12
28,0.5,2024-11-30,wk inc flu hosp,0,2024-11-30,quantile,14
28,0.55,2024-11-30,wk inc flu hosp,0,2024-11-30,quantile,15
28,0.6,2024-11-30,wk inc flu hosp,0,2024-11-30,quantile,16
28,0.65,2024-11-30,wk inc flu hosp,0,2024-11-30,quantile,18
28,0.7,2024-11-30,wk inc flu hosp,0,2024-11-30,quantile,20
28,0.75,2024-11-30,wk inc flu hosp,0,2024-11-30,quantile,21
28,0.8,2024-11-30,wk inc flu hosp,0,2024-11-30,quantile,24
28,0.85,2024-11-30,wk inc flu hosp,0,2024-11-30,quantile,26
28,0.9,2024-11-30,wk inc flu hosp,0,2024-11-30,quantile,30
28,0.95,2024-11-30,wk inc flu hosp,0,2024-11-30,quantile,36
28,0.975,2024-11-30,wk inc flu hosp,0,2024-11-30,quantile,41
28,0.99,2024-11-30,wk inc flu hosp,0,2024-11-30,quantile,48
29,0.01,2024-11-30,wk inc flu hosp,0,2024-11-30,quantile,2
29,0.025,2024-11-30,wk inc flu hosp,0,2024-11-30,quantile,3
29,0.05,2024-11-30,wk inc flu hosp,0,2024-11-30,quantile,4
29,0.1,2024-11-30,wk inc flu hosp,0,2024-11-30,quantile,6
29,0.15,2024-11-30,wk inc flu hosp,0,2024-11-30,quantile,8
29,0.2,2024-11-30,wk inc flu hosp,0,2024-11-30,quantile,9
29,0.25,2024-11-30,wk inc flu hosp,0,2024-11-30,quantile,11
29,0.3,2024-11-30,wk inc flu hosp,0,2024-11-30,quantile,13
29,0.35,2024-11-30,wk inc flu hosp,0,2024-11-30,quantile,15
29,0.4,2024-11-30,wk inc flu hosp,0,2024-11-30,quantile,17
29,0.45,2024-11-30,wk inc flu hosp,0,2024-11-30,quantile,19
29,0.5,2024-11-30,wk inc flu hosp,0,2024-11-30,quantile,21
29,0.55,2024-11-30,wk inc flu hosp,0,2024-11-30,quantile,24
29,0.6,2024-11-30,wk inc flu hosp,0,2024-11-30,quantile,26
29,0.65,2024-11-30,wk inc flu hosp,0,2024-11-30,quantile,29
29,0.7,2024-11-30,wk inc flu hosp,0,2024-11-30,quantile,32
29,0.75,2024-11-30,wk inc flu hosp,0,2024-11-30,quantile,36
29,0.8,2024-11-30,wk inc flu hosp,0,2024-11-30,quantile,40
29,0.85,2024-11-30,wk inc flu hosp,0,2024-11-30,quantile,46
29,0.9,2024-11-30,wk inc flu hosp,0,2024-11-30,quantile,53
29,0.95,2024-11-30,wk inc flu hosp,0,2024-11-30,quantile,65
29,0.975,2024-11-30,wk inc flu hosp,0,2024-11-30,quantile,76
29,0.99,2024-11-30,wk inc flu hosp,0,2024-11-30,quantile,91
30,0.01,2024-11-30,wk inc flu hosp,0,2024-11-30,quantile,0
30,0.025,2024-11-30,wk inc flu hosp,0,2024-11-30,quantile,0
30,0.05,2024-11-30,wk inc flu hosp,0,2024-11-30,quantile,0
30,0.1,2024-11-30,wk inc flu hosp,0,2024-11-30,quantile,0
30,0.15,2024-11-30,wk inc flu hosp,0,2024-11-30,quantile,0
30,0.2,2024-11-30,wk inc flu hosp,0,2024-11-30,quantile,0
30,0.25,2024-11-30,wk inc flu hosp,0,2024-11-30,quantile,1
30,0.3,2024-11-30,wk inc flu hosp,0,2024-11-30,quantile,1
30,0.35,2024-11-30,wk inc flu hosp,0,2024-11-30,quantile,1
30,0.4,2024-11-30,wk inc flu hosp,0,2024-11-30,quantile,1
30,0.45,2024-11-30,wk inc flu hosp,0,2024-11-30,quantile,2
30,0.5,2024-11-30,wk inc flu hosp,0,2024-11-30,quantile,2
30,0.55,2024-11-30,wk inc flu hosp,0,2024-11-30,quantile,2
30,0.6,2024-11-30,wk inc flu hosp,0,2024-11-30,quantile,3
30,0.65,2024-11-30,wk inc flu hosp,0,2024-11-30,quantile,3
30,0.7,2024-11-30,wk inc flu hosp,0,2024-11-30,quantile,4
30,0.75,2024-11-30,wk inc flu hosp,0,2024-11-30,quantile,4
30,0.8,2024-11-30,wk inc flu hosp,0,2024-11-30,quantile,5
30,0.85,2024-11-30,wk inc flu hosp,0,2024-11-30,quantile,6
30,0.9,2024-11-30,wk inc flu hosp,0,2024-11-30,quantile,7
30,0.95,2024-11-30,wk inc flu hosp,0,2024-11-30,quantile,9
30,0.975,2024-11-30,wk inc flu hosp,0,2024-11-30,quantile,10
30,0.99,2024-11-30,wk inc flu hosp,0,2024-11-30,quantile,13
31,0.01,2024-11-30,wk inc flu hosp,0,2024-11-30,quantile,0
31,0.025,2024-11-30,wk inc flu hosp,0,2024-11-30,quantile,0
31,0.05,2024-11-30,wk inc flu hosp,0,2024-11-30,quantile,0
31,0.1,2024-11-30,wk inc flu hosp,0,2024-11-30,quantile,0
31,0.15,2024-11-30,wk inc flu hosp,0,2024-11-30,quantile,0
31,0.2,2024-11-30,wk inc flu hosp,0,2024-11-30,quantile,1
31,0.25,2024-11-30,wk inc flu hosp,0,2024-11-30,quantile,1
31,0.3,2024-11-30,wk inc flu hosp,0,2024-11-30,quantile,1
31,0.35,2024-11-30,wk inc flu hosp,0,2024-11-30,quantile,1
31,0.4,2024-11-30,wk inc flu hosp,0,2024-11-30,quantile,2
31,0.45,2024-11-30,wk inc flu hosp,0,2024-11-30,quantile,2
31,0.5,2024-11-30,wk inc flu hosp,0,2024-11-30,quantile,2
31,0.55,2024-11-30,wk inc flu hosp,0,2024-11-30,quantile,3
31,0.6,2024-11-30,wk inc flu hosp,0,2024-11-30,quantile,3
31,0.65,2024-11-30,wk inc flu hosp,0,2024-11-30,quantile,3
31,0.7,2024-11-30,wk inc flu hosp,0,2024-11-30,quantile,4
31,0.75,2024-11-30,wk inc flu hosp,0,2024-11-30,quantile,4
31,0.8,2024-11-30,wk inc flu hosp,0,2024-11-30,quantile,5
31,0.85,2024-11-30,wk inc flu hosp,0,2024-11-30,quantile,6
31,0.9,2024-11-30,wk inc flu hosp,0,2024-11-30,quantile,7
31,0.95,2024-11-30,wk inc flu hosp,0,2024-11-30,quantile,9
31,0.975,2024-11-30,wk inc flu hosp,0,2024-11-30,quantile,11
31,0.99,2024-11-30,wk inc flu hosp,0,2024-11-30,quantile,13
32,0.01,2024-11-30,wk inc flu hosp,0,2024-11-30,quantile,4
32,0.025,2024-11-30,wk inc flu hosp,0,2024-11-30,quantile,5
32,0.05,2024-11-30,wk inc flu hosp,0,2024-11-30,quantile,7
32,0.1,2024-11-30,wk inc flu hosp,0,2024-11-30,quantile,10
32,0.15,2024-11-30,wk inc flu hosp,0,2024-11-30,quantile,12
32,0.2,2024-11-30,wk inc flu hosp,0,2024-11-30,quantile,14
32,0.25,2024-11-30,wk inc flu hosp,0,2024-11-30,quantile,16
32,0.3,2024-11-30,wk inc flu hosp,0,2024-11-30,quantile,18
32,0.35,2024-11-30,wk inc flu hosp,0,2024-11-30,quantile,19
32,0.4,2024-11-30,wk inc flu hosp,0,2024-11-30,quantile,21
32,0.45,2024-11-30,wk inc flu hosp,0,2024-11-30,quantile,23
32,0.5,2024-11-30,wk inc flu hosp,0,2024-11-30,quantile,25
32,0.55,2024-11-30,wk inc flu hosp,0,2024-11-30,quantile,27
32,0.6,2024-11-30,wk inc flu hosp,0,2024-11-30,quantile,29
32,0.65,2024-11-30,wk inc flu hosp,0,2024-11-30,quantile,32
32,0.7,2024-11-30,wk inc flu hosp,0,2024-11-30,quantile,34
32,0.75,2024-11-30,wk inc flu hosp,0,2024-11-30,quantile,37
32,0.8,2024-11-30,wk inc flu hosp,0,2024-11-30,quantile,41
32,0.85,2024-11-30,wk inc flu hosp,0,2024-11-30,quantile,45
32,0.9,2024-11-30,wk inc flu hosp,0,2024-11-30,quantile,51
32,0.95,2024-11-30,wk inc flu hosp,0,2024-11-30,quantile,60
32,0.975,2024-11-30,wk inc flu hosp,0,2024-11-30,quantile,69
32,0.99,2024-11-30,wk inc flu hosp,0,2024-11-30,quantile,79
33,0.01,2024-11-30,wk inc flu hosp,0,2024-11-30,quantile,1
33,0.025,2024-11-30,wk inc flu hosp,0,2024-11-30,quantile,1
33,0.05,2024-11-30,wk inc flu hosp,0,2024-11-30,quantile,2
33,0.1,2024-11-30,wk inc flu hosp,0,2024-11-30,quantile,3
33,0.15,2024-11-30,wk inc flu hosp,0,2024-11-30,quantile,3
33,0.2,2024-11-30,wk inc flu hosp,0,2024-11-30,quantile,4
33,0.25,2024-11-30,wk inc flu hosp,0,2024-11-30,quantile,5
33,0.3,2024-11-30,wk inc flu hosp,0,2024-11-30,quantile,5
33,0.35,2024-11-30,wk inc flu hosp,0,2024-11-30,quantile,6
33,0.4,2024-11-30,wk inc flu hosp,0,2024-11-30,quantile,6
33,0.45,2024-11-30,wk inc flu hosp,0,2024-11-30,quantile,7
33,0.5,2024-11-30,wk inc flu hosp,0,2024-11-30,quantile,8
33,0.55,2024-11-30,wk inc flu hosp,0,2024-11-30,quantile,8
33,0.6,2024-11-30,wk inc flu hosp,0,2024-11-30,quantile,9
33,0.65,2024-11-30,wk inc flu hosp,0,2024-11-30,quantile,10
33,0.7,2024-11-30,wk inc flu hosp,0,2024-11-30,quantile,11
33,0.75,2024-11-30,wk inc flu hosp,0,2024-11-30,quantile,12
33,0.8,2024-11-30,wk inc flu hosp,0,2024-11-30,quantile,13
33,0.85,2024-11-30,wk inc flu hosp,0,2024-11-30,quantile,14
33,0.9,2024-11-30,wk inc flu hosp,0,2024-11-30,quantile,16
33,0.95,2024-11-30,wk inc flu hosp,0,2024-11-30,quantile,19
33,0.975,2024-11-30,wk inc flu hosp,0,2024-11-30,quantile,22
33,0.99,2024-11-30,wk inc flu hosp,0,2024-11-30,quantile,26
34,0.01,2024-11-30,wk inc flu hosp,0,2024-11-30,quantile,0
34,0.025,2024-11-30,wk inc flu hosp,0,2024-11-30,quantile,0
34,0.05,2024-11-30,wk inc flu hosp,0,2024-11-30,quantile,1
34,0.1,2024-11-30,wk inc flu hosp,0,2024-11-30,quantile,1
34,0.15,2024-11-30,wk inc flu hosp,0,2024-11-30,quantile,2
34,0.2,2024-11-30,wk inc flu hosp,0,2024-11-30,quantile,3
34,0.25,2024-11-30,wk inc flu hosp,0,2024-11-30,quantile,4
34,0.3,2024-11-30,wk inc flu hosp,0,2024-11-30,quantile,5
34,0.35,2024-11-30,wk inc flu hosp,0,2024-11-30,quantile,6
34,0.4,2024-11-30,wk inc flu hosp,0,2024-11-30,quantile,8
34,0.45,2024-11-30,wk inc flu hosp,0,2024-11-30,quantile,9
34,0.5,2024-11-30,wk inc flu hosp,0,2024-11-30,quantile,11
34,0.55,2024-11-30,wk inc flu hosp,0,2024-11-30,quantile,12
34,0.6,2024-11-30,wk inc flu hosp,0,2024-11-30,quantile,14
34,0.65,2024-11-30,wk inc flu hosp,0,2024-11-30,quantile,16
34,0.7,2024-11-30,wk inc flu hosp,0,2024-11-30,quantile,19
34,0.75,2024-11-30,wk inc flu hosp,0,2024-11-30,quantile,21
34,0.8,2024-11-30,wk inc flu hosp,0,2024-11-30,quantile,25
34,0.85,2024-11-30,wk inc flu hosp,0,2024-11-30,quantile,29
34,0.9,2024-11-30,wk inc flu hosp,0,2024-11-30,quantile,35
34,0.95,2024-11-30,wk inc flu hosp,0,2024-11-30,quantile,44
34,0.975,2024-11-30,wk inc flu hosp,0,2024-11-30,quantile,53
34,0.99,2024-11-30,wk inc flu hosp,0,2024-11-30,quantile,65
35,0.01,2024-11-30,wk inc flu hosp,0,2024-11-30,quantile,1
35,0.025,2024-11-30,wk inc flu hosp,0,2024-11-30,quantile,2
35,0.05,2024-11-30,wk inc flu hosp,0,2024-11-30,quantile,3
35,0.1,2024-11-30,wk inc flu hosp,0,2024-11-30,quantile,4
35,0.15,2024-11-30,wk inc flu hosp,0,2024-11-30,quantile,6
35,0.2,2024-11-30,wk inc flu hosp,0,2024-11-30,quantile,7
35,0.25,2024-11-30,wk inc flu hosp,0,2024-11-30,quantile,8
35,0.3,2024-11-30,wk inc flu hosp,0,2024-11-30,quantile,10
35,0.35,2024-11-30,wk inc flu hosp,0,2024-11-30,quantile,11
35,0.4,2024-11-30,wk inc flu hosp,0,2024-11-30,quantile,12
35,0.45,2024-11-30,wk inc flu hosp,0,2024-11-30,quantile,13
35,0.5,2024-11-30,wk inc flu hosp,0,2024-11-30,quantile,15
35,0.55,2024-11-30,wk inc flu hosp,0,2024-11-30,quantile,16
35,0.6,2024-11-30,wk inc flu hosp,0,2024-11-30,quantile,18
35,0.65,2024-11-30,wk inc flu hosp,0,2024-11-30,quantile,19
35,0.7,2024-11-30,wk inc flu hosp,0,2024-11-30,quantile,21
35,0.75,2024-11-30,wk inc flu hosp,0,2024-11-30,quantile,23
35,0.8,2024-11-30,wk inc flu hosp,0,2024-11-30,quantile,26
35,0.85,2024-11-30,wk inc flu hosp,0,2024-11-30,quantile,29
35,0.9,2024-11-30,wk inc flu hosp,0,2024-11-30,quantile,33
35,0.95,2024-11-30,wk inc flu hosp,0,2024-11-30,quantile,39
35,0.975,2024-11-30,wk inc flu hosp,0,2024-11-30,quantile,45
35,0.99,2024-11-30,wk inc flu hosp,0,2024-11-30,quantile,53
36,0.01,2024-11-30,wk inc flu hosp,0,2024-11-30,quantile,7
36,0.025,2024-11-30,wk inc flu hosp,0,2024-11-30,quantile,10
36,0.05,2024-11-30,wk inc flu hosp,0,2024-11-30,quantile,13
36,0.1,2024-11-30,wk inc flu hosp,0,2024-11-30,quantile,19
36,0.15,2024-11-30,wk inc flu hosp,0,2024-11-30,quantile,24
36,0.2,2024-11-30,wk inc flu hosp,0,2024-11-30,quantile,28
36,0.25,2024-11-30,wk inc flu hosp,0,2024-11-30,quantile,32
36,0.3,2024-11-30,wk inc flu hosp,0,2024-11-30,quantile,36
36,0.35,2024-11-30,wk inc flu hosp,0,2024-11-30,quantile,40
36,0.4,2024-11-30,wk inc flu hosp,0,2024-11-30,quantile,45
36,0.45,2024-11-30,wk inc flu hosp,0,2024-11-30,quantile,49
36,0.5,2024-11-30,wk inc flu hosp,0,2024-11-30,quantile,53
36,0.55,2024-11-30,wk inc flu hosp,0,2024-11-30,quantile,58
36,0.6,2024-11-30,wk inc flu hosp,0,2024-11-30,quantile,63
36,0.65,2024-11-30,wk inc flu hosp,0,2024-11-30,quantile,68
36,0.7,2024-11-30,wk inc flu hosp,0,2024-11-30,quantile,74
36,0.75,2024-11-30,wk inc flu hosp,0,2024-11-30,quantile,81
36,0.8,2024-11-30,wk inc flu hosp,0,2024-11-30,quantile,88
36,0.85,2024-11-30,wk inc flu hosp,0,2024-11-30,quantile,98
36,0.9,2024-11-30,wk inc flu hosp,0,2024-11-30,quantile,111
36,0.95,2024-11-30,wk inc flu hosp,0,2024-11-30,quantile,132
36,0.975,2024-11-30,wk inc flu hosp,0,2024-11-30,quantile,151
36,0.99,2024-11-30,wk inc flu hosp,0,2024-11-30,quantile,175
37,0.01,2024-11-30,wk inc flu hosp,0,2024-11-30,quantile,0
37,0.025,2024-11-30,wk inc flu hosp,0,2024-11-30,quantile,1
37,0.05,2024-11-30,wk inc flu hosp,0,2024-11-30,quantile,3
37,0.1,2024-11-30,wk inc flu hosp,0,2024-11-30,quantile,6
37,0.15,2024-11-30,wk inc flu hosp,0,2024-11-30,quantile,10
37,0.2,2024-11-30,wk inc flu hosp,0,2024-11-30,quantile,13
37,0.25,2024-11-30,wk inc flu hosp,0,2024-11-30,quantile,15
37,0.3,2024-11-30,wk inc flu hosp,0,2024-11-30,quantile,18
37,0.35,2024-11-30,wk inc flu hosp,0,2024-11-30,quantile,21
37,0.4,2024-11-30,wk inc flu hosp,0,2024-11-30,quantile,24
37,0.45,2024-11-30,wk inc flu hosp,0,2024-11-30,quantile,27
37,0.5,2024-11-30,wk inc flu hosp,0,2024-11-30,quantile,30
37,0.55,2024-11-30,wk inc flu hosp,0,2024-11-30,quantile,33
37,0.6,2024-11-30,wk inc flu hosp,0,2024-11-30,quantile,37
37,0.65,2024-11-30,wk inc flu hosp,0,2024-11-30,quantile,41
37,0.7,2024-11-30,wk inc flu hosp,0,2024-11-30,quantile,45
37,0.75,2024-11-30,wk inc flu hosp,0,2024-11-30,quantile,49
37,0.8,2024-11-30,wk inc flu hosp,0,2024-11-30,quantile,55
37,0.85,2024-11-30,wk inc flu hosp,0,2024-11-30,quantile,62
37,0.9,2024-11-30,wk inc flu hosp,0,2024-11-30,quantile,71
37,0.95,2024-11-30,wk inc flu hosp,0,2024-11-30,quantile,86
37,0.975,2024-11-30,wk inc flu hosp,0,2024-11-30,quantile,100
37,0.99,2024-11-30,wk inc flu hosp,0,2024-11-30,quantile,118
38,0.01,2024-11-30,wk inc flu hosp,0,2024-11-30,quantile,0
38,0.025,2024-11-30,wk inc flu hosp,0,2024-11-30,quantile,0
38,0.05,2024-11-30,wk inc flu hosp,0,2024-11-30,quantile,0
38,0.1,2024-11-30,wk inc flu hosp,0,2024-11-30,quantile,0
38,0.15,2024-11-30,wk inc flu hosp,0,2024-11-30,quantile,0
38,0.2,2024-11-30,wk inc flu hosp,0,2024-11-30,quantile,0
38,0.25,2024-11-30,wk inc flu hosp,0,2024-11-30,quantile,1
38,0.3,2024-11-30,wk inc flu hosp,0,2024-11-30,quantile,1
38,0.35,2024-11-30,wk inc flu hosp,0,2024-11-30,quantile,1
38,0.4,2024-11-30,wk inc flu hosp,0,2024-11-30,quantile,1
38,0.45,2024-11-30,wk inc flu hosp,0,2024-11-30,quantile,1
38,0.5,2024-11-30,wk inc flu hosp,0,2024-11-30,quantile,2
38,0.55,2024-11-30,wk inc flu hosp,0,2024-11-30,quantile,2
38,0.6,2024-11-30,wk inc flu hosp,0,2024-11-30,quantile,2
38,0.65,2024-11-30,wk inc flu hosp,0,2024-11-30,quantile,3
38,0.7,2024-11-30,wk inc flu hosp,0,2024-11-30,quantile,3
38,0.75,2024-11-30,wk inc flu hosp,0,2024-11-30,quantile,3
38,0.8,2024-11-30,wk inc flu hosp,0,2024-11-30,quantile,4
38,0.85,2024-11-30,wk inc flu hosp,0,2024-11-30,quantile,4
38,0.9,2024-11-30,wk inc flu hosp,0,2024-11-30,quantile,5
38,0.95,2024-11-30,wk inc flu hosp,0,2024-11-30,quantile,6
38,0.975,2024-11-30,wk inc flu hosp,0,2024-11-30,quantile,8
38,0.99,2024-11-30,wk inc flu hosp,0,2024-11-30,quantile,9
39,0.01,2024-11-30,wk inc flu hosp,0,2024-11-30,quantile,170
39,0.025,2024-11-30,wk inc flu hosp,0,2024-11-30,quantile,198
39,0.05,2024-11-30,wk inc flu hosp,0,2024-11-30,quantile,225
39,0.1,2024-11-30,wk inc flu hosp,0,2024-11-30,quantile,259
39,0.15,2024-11-30,wk inc flu hosp,0,2024-11-30,quantile,284
39,0.2,2024-11-30,wk inc flu hosp,0,2024-11-30,quantile,305
39,0.25,2024-11-30,wk inc flu hosp,0,2024-11-30,quantile,323
39,0.3,2024-11-30,wk inc flu hosp,0,2024-11-30,quantile,340
39,0.35,2024-11-30,wk inc flu hosp,0,2024-11-30,quantile,357
39,0.4,2024-11-30,wk inc flu hosp,0,2024-11-30,quantile,373
39,0.45,2024-11-30,wk inc flu hosp,0,2024-11-30,quantile,389
39,0.5,2024-11-30,wk inc flu hosp,0,2024-11-30,quantile,405
39,0.55,2024-11-30,wk inc flu hosp,0,2024-11-30,quantile,421
39,0.6,2024-11-30,wk inc flu hosp,0,2024-11-30,quantile,438
39,0.65,2024-11-30,wk inc flu hosp,0,2024-11-30,quantile,457
39,0.7,2024-11-30,wk inc flu hosp,0,2024-11-30,quantile,476
39,0.75,2024-11-30,wk inc flu hosp,0,2024-11-30,quantile,498
39,0.8,2024-11-30,wk inc flu hosp,0,2024-11-30,quantile,522
39,0.85,2024-11-30,wk inc flu hosp,0,2024-11-30,quantile,552
39,0.9,2024-11-30,wk inc flu hosp,0,2024-11-30,quantile,591
39,0.95,2024-11-30,wk inc flu hosp,0,2024-11-30,quantile,650
39,0.975,2024-11-30,wk inc flu hosp,0,2024-11-30,quantile,705
39,0.99,2024-11-30,wk inc flu hosp,0,2024-11-30,quantile,771
40,0.01,2024-11-30,wk inc flu hosp,0,2024-11-30,quantile,0
40,0.025,2024-11-30,wk inc flu hosp,0,2024-11-30,quantile,0
40,0.05,2024-11-30,wk inc flu hosp,0,2024-11-30,quantile,1
40,0.1,2024-11-30,wk inc flu hosp,0,2024-11-30,quantile,1
40,0.15,2024-11-30,wk inc flu hosp,0,2024-11-30,quantile,2
40,0.2,2024-11-30,wk inc flu hosp,0,2024-11-30,quantile,2
40,0.25,2024-11-30,wk inc flu hosp,0,2024-11-30,quantile,3
40,0.3,2024-11-30,wk inc flu hosp,0,2024-11-30,quantile,3
40,0.35,2024-11-30,wk inc flu hosp,0,2024-11-30,quantile,4
40,0.4,2024-11-30,wk inc flu hosp,0,2024-11-30,quantile,5
40,0.45,2024-11-30,wk inc flu hosp,0,2024-11-30,quantile,6
40,0.5,2024-11-30,wk inc flu hosp,0,2024-11-30,quantile,7
40,0.55,2024-11-30,wk inc flu hosp,0,2024-11-30,quantile,8
40,0.6,2024-11-30,wk inc flu hosp,0,2024-11-30,quantile,10
40,0.65,2024-11-30,wk inc flu hosp,0,2024-11-30,quantile,11
40,0.7,2024-11-30,wk inc flu hosp,0,2024-11-30,quantile,13
40,0.75,2024-11-30,wk inc flu hosp,0,2024-11-30,quantile,15
40,0.8,2024-11-30,wk inc flu hosp,0,2024-11-30,quantile,18
40,0.85,2024-11-30,wk inc flu hosp,0,2024-11-30,quantile,21
40,0.9,2024-11-30,wk inc flu hosp,0,2024-11-30,quantile,25
40,0.95,2024-11-30,wk inc flu hosp,0,2024-11-30,quantile,33
40,0.975,2024-11-30,wk inc flu hosp,0,2024-11-30,quantile,41
40,0.99,2024-11-30,wk inc flu hosp,0,2024-11-30,quantile,51
41,0.01,2024-11-30,wk inc flu hosp,0,2024-11-30,quantile,3
41,0.025,2024-11-30,wk inc flu hosp,0,2024-11-30,quantile,4
41,0.05,2024-11-30,wk inc flu hosp,0,2024-11-30,quantile,6
41,0.1,2024-11-30,wk inc flu hosp,0,2024-11-30,quantile,9
41,0.15,2024-11-30,wk inc flu hosp,0,2024-11-30,quantile,11
41,0.2,2024-11-30,wk inc flu hosp,0,2024-11-30,quantile,13
41,0.25,2024-11-30,wk inc flu hosp,0,2024-11-30,quantile,15
41,0.3,2024-11-30,wk inc flu hosp,0,2024-11-30,quantile,18
41,0.35,2024-11-30,wk inc flu hosp,0,2024-11-30,quantile,20
41,0.4,2024-11-30,wk inc flu hosp,0,2024-11-30,quantile,22
41,0.45,2024-11-30,wk inc flu hosp,0,2024-11-30,quantile,25
41,0.5,2024-11-30,wk inc flu hosp,0,2024-11-30,quantile,27
41,0.55,2024-11-30,wk inc flu hosp,0,2024-11-30,quantile,30
41,0.6,2024-11-30,wk inc flu hosp,0,2024-11-30,quantile,33
41,0.65,2024-11-30,wk inc flu hosp,0,2024-11-30,quantile,36
41,0.7,2024-11-30,wk inc flu hosp,0,2024-11-30,quantile,39
41,0.75,2024-11-30,wk inc flu hosp,0,2024-11-30,quantile,43
41,0.8,2024-11-30,wk inc flu hosp,0,2024-11-30,quantile,47
41,0.85,2024-11-30,wk inc flu hosp,0,2024-11-30,quantile,53
41,0.9,2024-11-30,wk inc flu hosp,0,2024-11-30,quantile,61
41,0.95,2024-11-30,wk inc flu hosp,0,2024-11-30,quantile,73
41,0.975,2024-11-30,wk inc flu hosp,0,2024-11-30,quantile,84
41,0.99,2024-11-30,wk inc flu hosp,0,2024-11-30,quantile,99
42,0.01,2024-11-30,wk inc flu hosp,0,2024-11-30,quantile,24
42,0.025,2024-11-30,wk inc flu hosp,0,2024-11-30,quantile,31
42,0.05,2024-11-30,wk inc flu hosp,0,2024-11-30,quantile,38
42,0.1,2024-11-30,wk inc flu hosp,0,2024-11-30,quantile,48
42,0.15,2024-11-30,wk inc flu hosp,0,2024-11-30,quantile,56
42,0.2,2024-11-30,wk inc flu hosp,0,2024-11-30,quantile,63
42,0.25,2024-11-30,wk inc flu hosp,0,2024-11-30,quantile,69
42,0.3,2024-11-30,wk inc flu hosp,0,2024-11-30,quantile,75
42,0.35,2024-11-30,wk inc flu hosp,0,2024-11-30,quantile,81
42,0.4,2024-11-30,wk inc flu hosp,0,2024-11-30,quantile,87
42,0.45,2024-11-30,wk inc flu hosp,0,2024-11-30,quantile,93
42,0.5,2024-11-30,wk inc flu hosp,0,2024-11-30,quantile,99
42,0.55,2024-11-30,wk inc flu hosp,0,2024-11-30,quantile,105
42,0.6,2024-11-30,wk inc flu hosp,0,2024-11-30,quantile,111
42,0.65,2024-11-30,wk inc flu hosp,0,2024-11-30,quantile,118
42,0.7,2024-11-30,wk inc flu hosp,0,2024-11-30,quantile,126
42,0.75,2024-11-30,wk inc flu hosp,0,2024-11-30,quantile,134
42,0.8,2024-11-30,wk inc flu hosp,0,2024-11-30,quantile,144
42,0.85,2024-11-30,wk inc flu hosp,0,2024-11-30,quantile,155
42,0.9,2024-11-30,wk inc flu hosp,0,2024-11-30,quantile,171
42,0.95,2024-11-30,wk inc flu hosp,0,2024-11-30,quantile,195
42,0.975,2024-11-30,wk inc flu hosp,0,2024-11-30,quantile,218
42,0.99,2024-11-30,wk inc flu hosp,0,2024-11-30,quantile,246
44,0.01,2024-11-30,wk inc flu hosp,0,2024-11-30,quantile,0
44,0.025,2024-11-30,wk inc flu hosp,0,2024-11-30,quantile,0
44,0.05,2024-11-30,wk inc flu hosp,0,2024-11-30,quantile,0
44,0.1,2024-11-30,wk inc flu hosp,0,2024-11-30,quantile,0
44,0.15,2024-11-30,wk inc flu hosp,0,2024-11-30,quantile,0
44,0.2,2024-11-30,wk inc flu hosp,0,2024-11-30,quantile,0
44,0.25,2024-11-30,wk inc flu hosp,0,2024-11-30,quantile,0
44,0.3,2024-11-30,wk inc flu hosp,0,2024-11-30,quantile,0
44,0.35,2024-11-30,wk inc flu hosp,0,2024-11-30,quantile,0
44,0.4,2024-11-30,wk inc flu hosp,0,2024-11-30,quantile,1
44,0.45,2024-11-30,wk inc flu hosp,0,2024-11-30,quantile,1
44,0.5,2024-11-30,wk inc flu hosp,0,2024-11-30,quantile,1
44,0.55,2024-11-30,wk inc flu hosp,0,2024-11-30,quantile,1
44,0.6,2024-11-30,wk inc flu hosp,0,2024-11-30,quantile,1
44,0.65,2024-11-30,wk inc flu hosp,0,2024-11-30,quantile,1
44,0.7,2024-11-30,wk inc flu hosp,0,2024-11-30,quantile,2
44,0.75,2024-11-30,wk inc flu hosp,0,2024-11-30,quantile,2
44,0.8,2024-11-30,wk inc flu hosp,0,2024-11-30,quantile,2
44,0.85,2024-11-30,wk inc flu hosp,0,2024-11-30,quantile,3
44,0.9,2024-11-30,wk inc flu hosp,0,2024-11-30,quantile,3
44,0.95,2024-11-30,wk inc flu hosp,0,2024-11-30,quantile,4
44,0.975,2024-11-30,wk inc flu hosp,0,2024-11-30,quantile,5
44,0.99,2024-11-30,wk inc flu hosp,0,2024-11-30,quantile,6
45,0.01,2024-11-30,wk inc flu hosp,0,2024-11-30,quantile,0
45,0.025,2024-11-30,wk inc flu hosp,0,2024-11-30,quantile,0
45,0.05,2024-11-30,wk inc flu hosp,0,2024-11-30,quantile,0
45,0.1,2024-11-30,wk inc flu hosp,0,2024-11-30,quantile,1
45,0.15,2024-11-30,wk inc flu hosp,0,2024-11-30,quantile,1
45,0.2,2024-11-30,wk inc flu hosp,0,2024-11-30,quantile,2
45,0.25,2024-11-30,wk inc flu hosp,0,2024-11-30,quantile,3
45,0.3,2024-11-30,wk inc flu hosp,0,2024-11-30,quantile,3
45,0.35,2024-11-30,wk inc flu hosp,0,2024-11-30,quantile,4
45,0.4,2024-11-30,wk inc flu hosp,0,2024-11-30,quantile,5
45,0.45,2024-11-30,wk inc flu hosp,0,2024-11-30,quantile,5
45,0.5,2024-11-30,wk inc flu hosp,0,2024-11-30,quantile,6
45,0.55,2024-11-30,wk inc flu hosp,0,2024-11-30,quantile,7
45,0.6,2024-11-30,wk inc flu hosp,0,2024-11-30,quantile,8
45,0.65,2024-11-30,wk inc flu hosp,0,2024-11-30,quantile,9
45,0.7,2024-11-30,wk inc flu hosp,0,2024-11-30,quantile,10
45,0.75,2024-11-30,wk inc flu hosp,0,2024-11-30,quantile,12
45,0.8,2024-11-30,wk inc flu hosp,0,2024-11-30,quantile,13
45,0.85,2024-11-30,wk inc flu hosp,0,2024-11-30,quantile,15
45,0.9,2024-11-30,wk inc flu hosp,0,2024-11-30,quantile,18
45,0.95,2024-11-30,wk inc flu hosp,0,2024-11-30,quantile,23
45,0.975,2024-11-30,wk inc flu hosp,0,2024-11-30,quantile,28
45,0.99,2024-11-30,wk inc flu hosp,0,2024-11-30,quantile,35
46,0.01,2024-11-30,wk inc flu hosp,0,2024-11-30,quantile,0
46,0.025,2024-11-30,wk inc flu hosp,0,2024-11-30,quantile,0
46,0.05,2024-11-30,wk inc flu hosp,0,2024-11-30,quantile,0
46,0.1,2024-11-30,wk inc flu hosp,0,2024-11-30,quantile,0
46,0.15,2024-11-30,wk inc flu hosp,0,2024-11-30,quantile,0
46,0.2,2024-11-30,wk inc flu hosp,0,2024-11-30,quantile,0
46,0.25,2024-11-30,wk inc flu hosp,0,2024-11-30,quantile,0
46,0.3,2024-11-30,wk inc flu hosp,0,2024-11-30,quantile,0
46,0.35,2024-11-30,wk inc flu hosp,0,2024-11-30,quantile,0
46,0.4,2024-11-30,wk inc flu hosp,0,2024-11-30,quantile,0
46,0.45,2024-11-30,wk inc flu hosp,0,2024-11-30,quantile,0
46,0.5,2024-11-30,wk inc flu hosp,0,2024-11-30,quantile,0
46,0.55,2024-11-30,wk inc flu hosp,0,2024-11-30,quantile,0
46,0.6,2024-11-30,wk inc flu hosp,0,2024-11-30,quantile,0
46,0.65,2024-11-30,wk inc flu hosp,0,2024-11-30,quantile,0
46,0.7,2024-11-30,wk inc flu hosp,0,2024-11-30,quantile,1
46,0.75,2024-11-30,wk inc flu hosp,0,2024-11-30,quantile,1
46,0.8,2024-11-30,wk inc flu hosp,0,2024-11-30,quantile,1
46,0.85,2024-11-30,wk inc flu hosp,0,2024-11-30,quantile,1
46,0.9,2024-11-30,wk inc flu hosp,0,2024-11-30,quantile,2
46,0.95,2024-11-30,wk inc flu hosp,0,2024-11-30,quantile,3
46,0.975,2024-11-30,wk inc flu hosp,0,2024-11-30,quantile,4
46,0.99,2024-11-30,wk inc flu hosp,0,2024-11-30,quantile,5
47,0.01,2024-11-30,wk inc flu hosp,0,2024-11-30,quantile,8
47,0.025,2024-11-30,wk inc flu hosp,0,2024-11-30,quantile,11
47,0.05,2024-11-30,wk inc flu hosp,0,2024-11-30,quantile,14
47,0.1,2024-11-30,wk inc flu hosp,0,2024-11-30,quantile,19
47,0.15,2024-11-30,wk inc flu hosp,0,2024-11-30,quantile,23
47,0.2,2024-11-30,wk inc flu hosp,0,2024-11-30,quantile,26
47,0.25,2024-11-30,wk inc flu hosp,0,2024-11-30,quantile,29
47,0.3,2024-11-30,wk inc flu hosp,0,2024-11-30,quantile,32
47,0.35,2024-11-30,wk inc flu hosp,0,2024-11-30,quantile,35
47,0.4,2024-11-30,wk inc flu hosp,0,2024-11-30,quantile,38
47,0.45,2024-11-30,wk inc flu hosp,0,2024-11-30,quantile,41
47,0.5,2024-11-30,wk inc flu hosp,0,2024-11-30,quantile,44
47,0.55,2024-11-30,wk inc flu hosp,0,2024-11-30,quantile,47
47,0.6,2024-11-30,wk inc flu hosp,0,2024-11-30,quantile,50
47,0.65,2024-11-30,wk inc flu hosp,0,2024-11-30,quantile,54
47,0.7,2024-11-30,wk inc flu hosp,0,2024-11-30,quantile,58
47,0.75,2024-11-30,wk inc flu hosp,0,2024-11-30,quantile,62
47,0.8,2024-11-30,wk inc flu hosp,0,2024-11-30,quantile,67
47,0.85,2024-11-30,wk inc flu hosp,0,2024-11-30,quantile,74
47,0.9,2024-11-30,wk inc flu hosp,0,2024-11-30,quantile,82
47,0.95,2024-11-30,wk inc flu hosp,0,2024-11-30,quantile,95
47,0.975,2024-11-30,wk inc flu hosp,0,2024-11-30,quantile,107
47,0.99,2024-11-30,wk inc flu hosp,0,2024-11-30,quantile,123
48,0.01,2024-11-30,wk inc flu hosp,0,2024-11-30,quantile,47
48,0.025,2024-11-30,wk inc flu hosp,0,2024-11-30,quantile,60
48,0.05,2024-11-30,wk inc flu hosp,0,2024-11-30,quantile,75
48,0.1,2024-11-30,wk inc flu hosp,0,2024-11-30,quantile,94
48,0.15,2024-11-30,wk inc flu hosp,0,2024-11-30,quantile,109
48,0.2,2024-11-30,wk inc flu hosp,0,2024-11-30,quantile,121
48,0.25,2024-11-30,wk inc flu hosp,0,2024-11-30,quantile,133
48,0.3,2024-11-30,wk inc flu hosp,0,2024-11-30,quantile,144
48,0.35,2024-11-30,wk inc flu hosp,0,2024-11-30,quantile,154
48,0.4,2024-11-30,wk inc flu hosp,0,2024-11-30,quantile,165
48,0.45,2024-11-30,wk inc flu hosp,0,2024-11-30,quantile,175
48,0.5,2024-11-30,wk inc flu hosp,0,2024-11-30,quantile,186
48,0.55,2024-11-30,wk inc flu hosp,0,2024-11-30,quantile,197
48,0.6,2024-11-30,wk inc flu hosp,0,2024-11-30,quantile,208
48,0.65,2024-11-30,wk inc flu hosp,0,2024-11-30,quantile,221
48,0.7,2024-11-30,wk inc flu hosp,0,2024-11-30,quantile,234
48,0.75,2024-11-30,wk inc flu hosp,0,2024-11-30,quantile,249
48,0.8,2024-11-30,wk inc flu hosp,0,2024-11-30,quantile,266
48,0.85,2024-11-30,wk inc flu hosp,0,2024-11-30,quantile,287
48,0.9,2024-11-30,wk inc flu hosp,0,2024-11-30,quantile,315
48,0.95,2024-11-30,wk inc flu hosp,0,2024-11-30,quantile,358
48,0.975,2024-11-30,wk inc flu hosp,0,2024-11-30,quantile,398
48,0.99,2024-11-30,wk inc flu hosp,0,2024-11-30,quantile,448
49,0.01,2024-11-30,wk inc flu hosp,0,2024-11-30,quantile,3
49,0.025,2024-11-30,wk inc flu hosp,0,2024-11-30,quantile,4
49,0.05,2024-11-30,wk inc flu hosp,0,2024-11-30,quantile,5
49,0.1,2024-11-30,wk inc flu hosp,0,2024-11-30,quantile,7
49,0.15,2024-11-30,wk inc flu hosp,0,2024-11-30,quantile,8
49,0.2,2024-11-30,wk inc flu hosp,0,2024-11-30,quantile,9
49,0.25,2024-11-30,wk inc flu hosp,0,2024-11-30,quantile,10
49,0.3,2024-11-30,wk inc flu hosp,0,2024-11-30,quantile,10
49,0.35,2024-11-30,wk inc flu hosp,0,2024-11-30,quantile,11
49,0.4,2024-11-30,wk inc flu hosp,0,2024-11-30,quantile,12
49,0.45,2024-11-30,wk inc flu hosp,0,2024-11-30,quantile,13
49,0.5,2024-11-30,wk inc flu hosp,0,2024-11-30,quantile,13
49,0.55,2024-11-30,wk inc flu hosp,0,2024-11-30,quantile,14
49,0.6,2024-11-30,wk inc flu hosp,0,2024-11-30,quantile,15
49,0.65,2024-11-30,wk inc flu hosp,0,2024-11-30,quantile,16
49,0.7,2024-11-30,wk inc flu hosp,0,2024-11-30,quantile,17
49,0.75,2024-11-30,wk inc flu hosp,0,2024-11-30,quantile,18
49,0.8,2024-11-30,wk inc flu hosp,0,2024-11-30,quantile,19
49,0.85,2024-11-30,wk inc flu hosp,0,2024-11-30,quantile,20
49,0.9,2024-11-30,wk inc flu hosp,0,2024-11-30,quantile,22
49,0.95,2024-11-30,wk inc flu hosp,0,2024-11-30,quantile,25
49,0.975,2024-11-30,wk inc flu hosp,0,2024-11-30,quantile,28
49,0.99,2024-11-30,wk inc flu hosp,0,2024-11-30,quantile,31
50,0.01,2024-11-30,wk inc flu hosp,0,2024-11-30,quantile,0
50,0.025,2024-11-30,wk inc flu hosp,0,2024-11-30,quantile,0
50,0.05,2024-11-30,wk inc flu hosp,0,2024-11-30,quantile,0
50,0.1,2024-11-30,wk inc flu hosp,0,2024-11-30,quantile,0
50,0.15,2024-11-30,wk inc flu hosp,0,2024-11-30,quantile,0
50,0.2,2024-11-30,wk inc flu hosp,0,2024-11-30,quantile,0
50,0.25,2024-11-30,wk inc flu hosp,0,2024-11-30,quantile,0
50,0.3,2024-11-30,wk inc flu hosp,0,2024-11-30,quantile,0
50,0.35,2024-11-30,wk inc flu hosp,0,2024-11-30,quantile,0
50,0.4,2024-11-30,wk inc flu hosp,0,2024-11-30,quantile,0
50,0.45,2024-11-30,wk inc flu hosp,0,2024-11-30,quantile,0
50,0.5,2024-11-30,wk inc flu hosp,0,2024-11-30,quantile,0
50,0.55,2024-11-30,wk inc flu hosp,0,2024-11-30,quantile,0
50,0.6,2024-11-30,wk inc flu hosp,0,2024-11-30,quantile,1
50,0.65,2024-11-30,wk inc flu hosp,0,2024-11-30,quantile,1
50,0.7,2024-11-30,wk inc flu hosp,0,2024-11-30,quantile,1
50,0.75,2024-11-30,wk inc flu hosp,0,2024-11-30,quantile,1
50,0.8,2024-11-30,wk inc flu hosp,0,2024-11-30,quantile,1
50,0.85,2024-11-30,wk inc flu hosp,0,2024-11-30,quantile,2
50,0.9,2024-11-30,wk inc flu hosp,0,2024-11-30,quantile,2
50,0.95,2024-11-30,wk inc flu hosp,0,2024-11-30,quantile,3
50,0.975,2024-11-30,wk inc flu hosp,0,2024-11-30,quantile,4
50,0.99,2024-11-30,wk inc flu hosp,0,2024-11-30,quantile,5
51,0.01,2024-11-30,wk inc flu hosp,0,2024-11-30,quantile,1
51,0.025,2024-11-30,wk inc flu hosp,0,2024-11-30,quantile,2
51,0.05,2024-11-30,wk inc flu hosp,0,2024-11-30,quantile,4
51,0.1,2024-11-30,wk inc flu hosp,0,2024-11-30,quantile,6
51,0.15,2024-11-30,wk inc flu hosp,0,2024-11-30,quantile,8
51,0.2,2024-11-30,wk inc flu hosp,0,2024-11-30,quantile,11
51,0.25,2024-11-30,wk inc flu hosp,0,2024-11-30,quantile,13
51,0.3,2024-11-30,wk inc flu hosp,0,2024-11-30,quantile,14
51,0.35,2024-11-30,wk inc flu hosp,0,2024-11-30,quantile,16
51,0.4,2024-11-30,wk inc flu hosp,0,2024-11-30,quantile,18
51,0.45,2024-11-30,wk inc flu hosp,0,2024-11-30,quantile,20
51,0.5,2024-11-30,wk inc flu hosp,0,2024-11-30,quantile,22
51,0.55,2024-11-30,wk inc flu hosp,0,2024-11-30,quantile,24
51,0.6,2024-11-30,wk inc flu hosp,0,2024-11-30,quantile,27
51,0.65,2024-11-30,wk inc flu hosp,0,2024-11-30,quantile,29
51,0.7,2024-11-30,wk inc flu hosp,0,2024-11-30,quantile,32
51,0.75,2024-11-30,wk inc flu hosp,0,2024-11-30,quantile,35
51,0.8,2024-11-30,wk inc flu hosp,0,2024-11-30,quantile,38
51,0.85,2024-11-30,wk inc flu hosp,0,2024-11-30,quantile,43
51,0.9,2024-11-30,wk inc flu hosp,0,2024-11-30,quantile,48
51,0.95,2024-11-30,wk inc flu hosp,0,2024-11-30,quantile,58
51,0.975,2024-11-30,wk inc flu hosp,0,2024-11-30,quantile,66
51,0.99,2024-11-30,wk inc flu hosp,0,2024-11-30,quantile,77
53,0.01,2024-11-30,wk inc flu hosp,0,2024-11-30,quantile,1
53,0.025,2024-11-30,wk inc flu hosp,0,2024-11-30,quantile,1
53,0.05,2024-11-30,wk inc flu hosp,0,2024-11-30,quantile,3
53,0.1,2024-11-30,wk inc flu hosp,0,2024-11-30,quantile,5
53,0.15,2024-11-30,wk inc flu hosp,0,2024-11-30,quantile,7
53,0.2,2024-11-30,wk inc flu hosp,0,2024-11-30,quantile,9
53,0.25,2024-11-30,wk inc flu hosp,0,2024-11-30,quantile,11
53,0.3,2024-11-30,wk inc flu hosp,0,2024-11-30,quantile,13
53,0.35,2024-11-30,wk inc flu hosp,0,2024-11-30,quantile,15
53,0.4,2024-11-30,wk inc flu hosp,0,2024-11-30,quantile,17
53,0.45,2024-11-30,wk inc flu hosp,0,2024-11-30,quantile,19
53,0.5,2024-11-30,wk inc flu hosp,0,2024-11-30,quantile,21
53,0.55,2024-11-30,wk inc flu hosp,0,2024-11-30,quantile,23
53,0.6,2024-11-30,wk inc flu hosp,0,2024-11-30,quantile,26
53,0.65,2024-11-30,wk inc flu hosp,0,2024-11-30,quantile,29
53,0.7,2024-11-30,wk inc flu hosp,0,2024-11-30,quantile,32
53,0.75,2024-11-30,wk inc flu hosp,0,2024-11-30,quantile,36
53,0.8,2024-11-30,wk inc flu hosp,0,2024-11-30,quantile,40
53,0.85,2024-11-30,wk inc flu hosp,0,2024-11-30,quantile,45
53,0.9,2024-11-30,wk inc flu hosp,0,2024-11-30,quantile,52
53,0.95,2024-11-30,wk inc flu hosp,0,2024-11-30,quantile,64
53,0.975,2024-11-30,wk inc flu hosp,0,2024-11-30,quantile,75
53,0.99,2024-11-30,wk inc flu hosp,0,2024-11-30,quantile,89
54,0.01,2024-11-30,wk inc flu hosp,0,2024-11-30,quantile,0
54,0.025,2024-11-30,wk inc flu hosp,0,2024-11-30,quantile,0
54,0.05,2024-11-30,wk inc flu hosp,0,2024-11-30,quantile,0
54,0.1,2024-11-30,wk inc flu hosp,0,2024-11-30,quantile,0
54,0.15,2024-11-30,wk inc flu hosp,0,2024-11-30,quantile,0
54,0.2,2024-11-30,wk inc flu hosp,0,2024-11-30,quantile,0
54,0.25,2024-11-30,wk inc flu hosp,0,2024-11-30,quantile,0
54,0.3,2024-11-30,wk inc flu hosp,0,2024-11-30,quantile,0
54,0.35,2024-11-30,wk inc flu hosp,0,2024-11-30,quantile,0
54,0.4,2024-11-30,wk inc flu hosp,0,2024-11-30,quantile,1
54,0.45,2024-11-30,wk inc flu hosp,0,2024-11-30,quantile,1
54,0.5,2024-11-30,wk inc flu hosp,0,2024-11-30,quantile,1
54,0.55,2024-11-30,wk inc flu hosp,0,2024-11-30,quantile,2
54,0.6,2024-11-30,wk inc flu hosp,0,2024-11-30,quantile,2
54,0.65,2024-11-30,wk inc flu hosp,0,2024-11-30,quantile,3
54,0.7,2024-11-30,wk inc flu hosp,0,2024-11-30,quantile,3
54,0.75,2024-11-30,wk inc flu hosp,0,2024-11-30,quantile,4
54,0.8,2024-11-30,wk inc flu hosp,0,2024-11-30,quantile,5
54,0.85,2024-11-30,wk inc flu hosp,0,2024-11-30,quantile,6
54,0.9,2024-11-30,wk inc flu hosp,0,2024-11-30,quantile,8
54,0.95,2024-11-30,wk inc flu hosp,0,2024-11-30,quantile,11
54,0.975,2024-11-30,wk inc flu hosp,0,2024-11-30,quantile,14
54,0.99,2024-11-30,wk inc flu hosp,0,2024-11-30,quantile,18
55,0.01,2024-11-30,wk inc flu hosp,0,2024-11-30,quantile,0
55,0.025,2024-11-30,wk inc flu hosp,0,2024-11-30,quantile,0
55,0.05,2024-11-30,wk inc flu hosp,0,2024-11-30,quantile,1
55,0.1,2024-11-30,wk inc flu hosp,0,2024-11-30,quantile,1
55,0.15,2024-11-30,wk inc flu hosp,0,2024-11-30,quantile,2
55,0.2,2024-11-30,wk inc flu hosp,0,2024-11-30,quantile,2
55,0.25,2024-11-30,wk inc flu hosp,0,2024-11-30,quantile,3
55,0.3,2024-11-30,wk inc flu hosp,0,2024-11-30,quantile,3
55,0.35,2024-11-30,wk inc flu hosp,0,2024-11-30,quantile,4
55,0.4,2024-11-30,wk inc flu hosp,0,2024-11-30,quantile,4
55,0.45,2024-11-30,wk inc flu hosp,0,2024-11-30,quantile,5
55,0.5,2024-11-30,wk inc flu hosp,0,2024-11-30,quantile,5
55,0.55,2024-11-30,wk inc flu hosp,0,2024-11-30,quantile,6
55,0.6,2024-11-30,wk inc flu hosp,0,2024-11-30,quantile,6
55,0.65,2024-11-30,wk inc flu hosp,0,2024-11-30,quantile,7
55,0.7,2024-11-30,wk inc flu hosp,0,2024-11-30,quantile,8
55,0.75,2024-11-30,wk inc flu hosp,0,2024-11-30,quantile,9
55,0.8,2024-11-30,wk inc flu hosp,0,2024-11-30,quantile,11
55,0.85,2024-11-30,wk inc flu hosp,0,2024-11-30,quantile,13
55,0.9,2024-11-30,wk inc flu hosp,0,2024-11-30,quantile,15
55,0.95,2024-11-30,wk inc flu hosp,0,2024-11-30,quantile,20
55,0.975,2024-11-30,wk inc flu hosp,0,2024-11-30,quantile,24
55,0.99,2024-11-30,wk inc flu hosp,0,2024-11-30,quantile,30
56,0.01,2024-11-30,wk inc flu hosp,0,2024-11-30,quantile,0
56,0.025,2024-11-30,wk inc flu hosp,0,2024-11-30,quantile,0
56,0.05,2024-11-30,wk inc flu hosp,0,2024-11-30,quantile,1
56,0.1,2024-11-30,wk inc flu hosp,0,2024-11-30,quantile,1
56,0.15,2024-11-30,wk inc flu hosp,0,2024-11-30,quantile,2
56,0.2,2024-11-30,wk inc flu hosp,0,2024-11-30,quantile,2
56,0.25,2024-11-30,wk inc flu hosp,0,2024-11-30,quantile,3
56,0.3,2024-11-30,wk inc flu hosp,0,2024-11-30,quantile,3
56,0.35,2024-11-30,wk inc flu hosp,0,2024-11-30,quantile,4
56,0.4,2024-11-30,wk inc flu hosp,0,2024-11-30,quantile,4
56,0.45,2024-11-30,wk inc flu hosp,0,2024-11-30,quantile,5
56,0.5,2024-11-30,wk inc flu hosp,0,2024-11-30,quantile,5
56,0.55,2024-11-30,wk inc flu hosp,0,2024-11-30,quantile,6
56,0.6,2024-11-30,wk inc flu hosp,0,2024-11-30,quantile,6
56,0.65,2024-11-30,wk inc flu hosp,0,2024-11-30,quantile,7
56,0.7,2024-11-30,wk inc flu hosp,0,2024-11-30,quantile,8
56,0.75,2024-11-30,wk inc flu hosp,0,2024-11-30,quantile,8
56,0.8,2024-11-30,wk inc flu hosp,0,2024-11-30,quantile,9
56,0.85,2024-11-30,wk inc flu hosp,0,2024-11-30,quantile,10
56,0.9,2024-11-30,wk inc flu hosp,0,2024-11-30,quantile,12
56,0.95,2024-11-30,wk inc flu hosp,0,2024-11-30,quantile,14
56,0.975,2024-11-30,wk inc flu hosp,0,2024-11-30,quantile,16
56,0.99,2024-11-30,wk inc flu hosp,0,2024-11-30,quantile,19
72,0.01,2024-11-30,wk inc flu hosp,0,2024-11-30,quantile,13
72,0.025,2024-11-30,wk inc flu hosp,0,2024-11-30,quantile,16
72,0.05,2024-11-30,wk inc flu hosp,0,2024-11-30,quantile,19
72,0.1,2024-11-30,wk inc flu hosp,0,2024-11-30,quantile,23
72,0.15,2024-11-30,wk inc flu hosp,0,2024-11-30,quantile,25
72,0.2,2024-11-30,wk inc flu hosp,0,2024-11-30,quantile,28
72,0.25,2024-11-30,wk inc flu hosp,0,2024-11-30,quantile,30
72,0.3,2024-11-30,wk inc flu hosp,0,2024-11-30,quantile,31
72,0.35,2024-11-30,wk inc flu hosp,0,2024-11-30,quantile,33
72,0.4,2024-11-30,wk inc flu hosp,0,2024-11-30,quantile,35
72,0.45,2024-11-30,wk inc flu hosp,0,2024-11-30,quantile,37
72,0.5,2024-11-30,wk inc flu hosp,0,2024-11-30,quantile,38
72,0.55,2024-11-30,wk inc flu hosp,0,2024-11-30,quantile,40
72,0.6,2024-11-30,wk inc flu hosp,0,2024-11-30,quantile,42
72,0.65,2024-11-30,wk inc flu hosp,0,2024-11-30,quantile,44
72,0.7,2024-11-30,wk inc flu hosp,0,2024-11-30,quantile,46
72,0.75,2024-11-30,wk inc flu hosp,0,2024-11-30,quantile,48
72,0.8,2024-11-30,wk inc flu hosp,0,2024-11-30,quantile,51
72,0.85,2024-11-30,wk inc flu hosp,0,2024-11-30,quantile,54
72,0.9,2024-11-30,wk inc flu hosp,0,2024-11-30,quantile,58
72,0.95,2024-11-30,wk inc flu hosp,0,2024-11-30,quantile,64
72,0.975,2024-11-30,wk inc flu hosp,0,2024-11-30,quantile,70
72,0.99,2024-11-30,wk inc flu hosp,0,2024-11-30,quantile,77
