reference_date,location,horizon,target,target_end_date,output_type,output_type_id,value
2024-01-06,01,0,wk flu hosp rate change,2024-01-06,pmf,decrease,0.2
2024-01-06,01,0,wk flu hosp rate change,2024-01-06,pmf,increase,0.2
2024-01-06,01,0,wk flu hosp rate change,2024-01-06,pmf,large_decrease,0.2
2024-01-06,01,0,wk flu hosp rate change,2024-01-06,pmf,large_increase,0.2
2024-01-06,01,0,wk flu hosp rate change,2024-01-06,pmf,stable,0.2
2024-01-06,02,0,wk flu hosp rate change,2024-01-06,pmf,decrease,0.2
2024-01-06,02,0,wk flu hosp rate change,2024-01-06,pmf,increase,0.2
2024-01-06,02,0,wk flu hosp rate change,2024-01-06,pmf,large_decrease,0.2
2024-01-06,02,0,wk flu hosp rate change,2024-01-06,pmf,large_increase,0.2
2024-01-06,02,0,wk flu hosp rate change,2024-01-06,pmf,stable,0.2
2024-01-06,04,0,wk flu hosp rate change,2024-01-06,pmf,decrease,0.2
2024-01-06,04,0,wk flu hosp rate change,2024-01-06,pmf,increase,0.2
2024-01-06,04,0,wk flu hosp rate change,2024-01-06,pmf,large_decrease,0.2
2024-01-06,04,0,wk flu hosp rate change,2024-01-06,pmf,large_increase,0.2
2024-01-06,04,0,wk flu hosp rate change,2024-01-06,pmf,stable,0.2
2024-01-06,05,0,wk flu hosp rate change,2024-01-06,pmf,decrease,0.2
2024-01-06,05,0,wk flu hosp rate change,2024-01-06,pmf,increase,0.2
2024-01-06,05,0,wk flu hosp rate change,2024-01-06,pmf,large_decrease,0.2
2024-01-06,05,0,wk flu hosp rate change,2024-01-06,pmf,large_increase,0.2
2024-01-06,05,0,wk flu hosp rate change,2024-01-06,pmf,stable,0.2
2024-01-06,06,0,wk flu hosp rate change,2024-01-06,pmf,decrease,0.2
2024-01-06,06,0,wk flu hosp rate change,2024-01-06,pmf,increase,0.2
2024-01-06,06,0,wk flu hosp rate change,2024-01-06,pmf,large_decrease,0.2
2024-01-06,06,0,wk flu hosp rate change,2024-01-06,pmf,large_increase,0.2
2024-01-06,06,0,wk flu hosp rate change,2024-01-06,pmf,stable,0.2
2024-01-06,08,0,wk flu hosp rate change,2024-01-06,pmf,decrease,0.2
2024-01-06,08,0,wk flu hosp rate change,2024-01-06,pmf,increase,0.2
2024-01-06,08,0,wk flu hosp rate change,2024-01-06,pmf,large_decrease,0.2
2024-01-06,08,0,wk flu hosp rate change,2024-01-06,pmf,large_increase,0.2
2024-01-06,08,0,wk flu hosp rate change,2024-01-06,pmf,stable,0.2
2024-01-06,09,0,wk flu hosp rate change,2024-01-06,pmf,decrease,0.2
2024-01-06,09,0,wk flu hosp rate change,2024-01-06,pmf,increase,0.2
2024-01-06,09,0,wk flu hosp rate change,2024-01-06,pmf,large_decrease,0.2
2024-01-06,09,0,wk flu hosp rate change,2024-01-06,pmf,large_increase,0.2
2024-01-06,09,0,wk flu hosp rate change,2024-01-06,pmf,stable,0.2
2024-01-06,10,0,wk flu hosp rate change,2024-01-06,pmf,decrease,0.2
2024-01-06,10,0,wk flu hosp rate change,2024-01-06,pmf,increase,0.2
2024-01-06,10,0,wk flu hosp rate change,2024-01-06,pmf,large_decrease,0.2
2024-01-06,10,0,wk flu hosp rate change,2024-01-06,pmf,large_increase,0.2
2024-01-06,10,0,wk flu hosp rate change,2024-01-06,pmf,stable,0.2
2024-01-06,11,0,wk flu hosp rate change,2024-01-06,pmf,decrease,0.2
2024-01-06,11,0,wk flu hosp rate change,2024-01-06,pmf,increase,0.2
2024-01-06,11,0,wk flu hosp rate change,2024-01-06,pmf,large_decrease,0.2
2024-01-06,11,0,wk flu hosp rate change,2024-01-06,pmf,large_increase,0.2
2024-01-06,11,0,wk flu hosp rate change,2024-01-06,pmf,stable,0.2
2024-01-06,12,0,wk flu hosp rate change,2024-01-06,pmf,decrease,0.2
2024-01-06,12,0,wk flu hosp rate change,2024-01-06,pmf,increase,0.2
2024-01-06,12,0,wk flu hosp rate change,2024-01-06,pmf,large_decrease,0.2
2024-01-06,12,0,wk flu hosp rate change,2024-01-06,pmf,large_increase,0.2
2024-01-06,12,0,wk flu hosp rate change,2024-01-06,pmf,stable,0.2
2024-01-06,13,0,wk flu hosp rate change,2024-01-06,pmf,decrease,0.2
2024-01-06,13,0,wk flu hosp rate change,2024-01-06,pmf,increase,0.2
2024-01-06,13,0,wk flu hosp rate change,2024-01-06,pmf,large_decrease,0.2
2024-01-06,13,0,wk flu hosp rate change,2024-01-06,pmf,large_increase,0.2
2024-01-06,13,0,wk flu hosp rate change,2024-01-06,pmf,stable,0.2
2024-01-06,15,0,wk flu hosp rate change,2024-01-06,pmf,decrease,0.2
2024-01-06,15,0,wk flu hosp rate change,2024-01-06,pmf,increase,0.2
2024-01-06,15,0,wk flu hosp rate change,2024-01-06,pmf,large_decrease,0.2
2024-01-06,15,0,wk flu hosp rate change,2024-01-06,pmf,large_increase,0.2
2024-01-06,15,0,wk flu hosp rate change,2024-01-06,pmf,stable,0.2
2024-01-06,16,0,wk flu hosp rate change,2024-01-06,pmf,decrease,0.2
2024-01-06,16,0,wk flu hosp rate change,2024-01-06,pmf,increase,0.2
2024-01-06,16,0,wk flu hosp rate change,2024-01-06,pmf,large_decrease,0.2
2024-01-06,16,0,wk flu hosp rate change,2024-01-06,pmf,large_increase,0.2
2024-01-06,16,0,wk flu hosp rate change,2024-01-06,pmf,stable,0.2
2024-01-06,17,0,wk flu hosp rate change,2024-01-06,pmf,decrease,0.2
2024-01-06,17,0,wk flu hosp rate change,2024-01-06,pmf,increase,0.2
2024-01-06,17,0,wk flu hosp rate change,2024-01-06,pmf,large_decrease,0.2
2024-01-06,17,0,wk flu hosp rate change,2024-01-06,pmf,large_increase,0.2
2024-01-06,17,0,wk flu hosp rate change,2024-01-06,pmf,stable,0.2
2024-01-06,18,0,wk flu hosp rate change,2024-01-06,pmf,decrease,0.2
2024-01-06,18,0,wk flu hosp rate change,2024-01-06,pmf,increase,0.2
2024-01-06,18,0,wk flu hosp rate change,2024-01-06,pmf,large_decrease,0.2
2024-01-06,18,0,wk flu hosp rate change,2024-01-06,pmf,large_increase,0.2
2024-01-06,18,0,wk flu hosp rate change,2024-01-06,pmf,stable,0.2
2024-01-06,19,0,wk flu hosp rate change,2024-01-06,pmf,decrease,0.2
2024-01-06,19,0,wk flu hosp rate change,2024-01-06,pmf,increase,0.2
2024-01-06,19,0,wk flu hosp rate change,2024-01-06,pmf,large_decrease,0.2
2024-01-06,19,0,wk flu hosp rate change,2024-01-06,pmf,large_increase,0.2
2024-01-06,19,0,wk flu hosp rate change,2024-01-06,pmf,stable,0.2
2024-01-06,20,0,wk flu hosp rate change,2024-01-06,pmf,decrease,0.2
2024-01-06,20,0,wk flu hosp rate change,2024-01-06,pmf,increase,0.2
2024-01-06,20,0,wk flu hosp rate change,2024-01-06,pmf,large_decrease,0.2
2024-01-06,20,0,wk flu hosp rate change,2024-01-06,pmf,large_increase,0.2
2024-01-06,20,0,wk flu hosp rate change,2024-01-06,pmf,stable,0.2
2024-01-06,21,0,wk flu hosp rate change,2024-01-06,pmf,decrease,0.2
2024-01-06,21,0,wk flu hosp rate change,2024-01-06,pmf,increase,0.2
2024-01-06,21,0,wk flu hosp rate change,2024-01-06,pmf,large_decrease,0.2
2024-01-06,21,0,wk flu hosp rate change,2024-01-06,pmf,large_increase,0.2
2024-01-06,21,0,wk flu hosp rate change,2024-01-06,pmf,stable,0.2
2024-01-06,22,0,wk flu hosp rate change,2024-01-06,pmf,decrease,0.2
2024-01-06,22,0,wk flu hosp rate change,2024-01-06,pmf,increase,0.2
2024-01-06,22,0,wk flu hosp rate change,2024-01-06,pmf,large_decrease,0.2
2024-01-06,22,0,wk flu hosp rate change,2024-01-06,pmf,large_increase,0.2
2024-01-06,22,0,wk flu hosp rate change,2024-01-06,pmf,stable,0.2
2024-01-06,23,0,wk flu hosp rate change,2024-01-06,pmf,decrease,0.2
2024-01-06,23,0,wk flu hosp rate change,2024-01-06,pmf,increase,0.2
2024-01-06,23,0,wk flu hosp rate change,2024-01-06,pmf,large_decrease,0.2
2024-01-06,23,0,wk flu hosp rate change,2024-01-06,pmf,large_increase,0.2
2024-01-06,23,0,wk flu hosp rate change,2024-01-06,pmf,stable,0.2
2024-01-06,24,0,wk flu hosp rate change,2024-01-06,pmf,decrease,0.2
2024-01-06,24,0,wk flu hosp rate change,2024-01-06,pmf,increase,0.2
2024-01-06,24,0,wk flu hosp rate change,2024-01-06,pmf,large_decrease,0.2
2024-01-06,24,0,wk flu hosp rate change,2024-01-06,pmf,large_increase,0.2
2024-01-06,24,0,wk flu hosp rate change,2024-01-06,pmf,stable,0.2
2024-01-06,25,0,wk flu hosp rate change,2024-01-06,pmf,decrease,0.2
2024-01-06,25,0,wk flu hosp rate change,2024-01-06,pmf,increase,0.2
2024-01-06,25,0,wk flu hosp rate change,2024-01-06,pmf,large_decrease,0.2
2024-01-06,25,0,wk flu hosp rate change,2024-01-06,pmf,large_increase,0.2
2024-01-06,25,0,wk flu hosp rate change,2024-01-06,pmf,stable,0.2
2024-01-06,26,0,wk flu hosp rate change,2024-01-06,pmf,decrease,0.2
2024-01-06,26,0,wk flu hosp rate change,2024-01-06,pmf,increase,0.2
2024-01-06,26,0,wk flu hosp rate change,2024-01-06,pmf,large_decrease,0.2
2024-01-06,26,0,wk flu hosp rate change,2024-01-06,pmf,large_increase,0.2
2024-01-06,26,0,wk flu hosp rate change,2024-01-06,pmf,stable,0.2
2024-01-06,27,0,wk flu hosp rate change,2024-01-06,pmf,decrease,0.2
2024-01-06,27,0,wk flu hosp rate change,2024-01-06,pmf,increase,0.2
2024-01-06,27,0,wk flu hosp rate change,2024-01-06,pmf,large_decrease,0.2
2024-01-06,27,0,wk flu hosp rate change,2024-01-06,pmf,large_increase,0.2
2024-01-06,27,0,wk flu hosp rate change,2024-01-06,pmf,stable,0.2
2024-01-06,28,0,wk flu hosp rate change,2024-01-06,pmf,decrease,0.2
2024-01-06,28,0,wk flu hosp rate change,2024-01-06,pmf,increase,0.2
2024-01-06,28,0,wk flu hosp rate change,2024-01-06,pmf,large_decrease,0.2
2024-01-06,28,0,wk flu hosp rate change,2024-01-06,pmf,large_increase,0.2
2024-01-06,28,0,wk flu hosp rate change,2024-01-06,pmf,stable,0.2
2024-01-06,29,0,wk flu hosp rate change,2024-01-06,pmf,decrease,0.2
2024-01-06,29,0,wk flu hosp rate change,2024-01-06,pmf,increase,0.2
2024-01-06,29,0,wk flu hosp rate change,2024-01-06,pmf,large_decrease,0.2
2024-01-06,29,0,wk flu hosp rate change,2024-01-06,pmf,large_increase,0.2
2024-01-06,29,0,wk flu hosp rate change,2024-01-06,pmf,stable,0.2
2024-01-06,30,0,wk flu hosp rate change,2024-01-06,pmf,decrease,0.2
2024-01-06,30,0,wk flu hosp rate change,2024-01-06,pmf,increase,0.2
2024-01-06,30,0,wk flu hosp rate change,2024-01-06,pmf,large_decrease,0.2
2024-01-06,30,0,wk flu hosp rate change,2024-01-06,pmf,large_increase,0.2
2024-01-06,30,0,wk flu hosp rate change,2024-01-06,pmf,stable,0.2
2024-01-06,31,0,wk flu hosp rate change,2024-01-06,pmf,decrease,0.2
2024-01-06,31,0,wk flu hosp rate change,2024-01-06,pmf,increase,0.2
2024-01-06,31,0,wk flu hosp rate change,2024-01-06,pmf,large_decrease,0.2
2024-01-06,31,0,wk flu hosp rate change,2024-01-06,pmf,large_increase,0.2
2024-01-06,31,0,wk flu hosp rate change,2024-01-06,pmf,stable,0.2
2024-01-06,32,0,wk flu hosp rate change,2024-01-06,pmf,decrease,0.2
2024-01-06,32,0,wk flu hosp rate change,2024-01-06,pmf,increase,0.2
2024-01-06,32,0,wk flu hosp rate change,2024-01-06,pmf,large_decrease,0.2
2024-01-06,32,0,wk flu hosp rate change,2024-01-06,pmf,large_increase,0.2
2024-01-06,32,0,wk flu hosp rate change,2024-01-06,pmf,stable,0.2
2024-01-06,33,0,wk flu hosp rate change,2024-01-06,pmf,decrease,0.2
2024-01-06,33,0,wk flu hosp rate change,2024-01-06,pmf,increase,0.2
2024-01-06,33,0,wk flu hosp rate change,2024-01-06,pmf,large_decrease,0.2
2024-01-06,33,0,wk flu hosp rate change,2024-01-06,pmf,large_increase,0.2
2024-01-06,33,0,wk flu hosp rate change,2024-01-06,pmf,stable,0.2
2024-01-06,34,0,wk flu hosp rate change,2024-01-06,pmf,decrease,0.2
2024-01-06,34,0,wk flu hosp rate change,2024-01-06,pmf,increase,0.2
2024-01-06,34,0,wk flu hosp rate change,2024-01-06,pmf,large_decrease,0.2
2024-01-06,34,0,wk flu hosp rate change,2024-01-06,pmf,large_increase,0.2
2024-01-06,34,0,wk flu hosp rate change,2024-01-06,pmf,stable,0.2
2024-01-06,35,0,wk flu hosp rate change,2024-01-06,pmf,decrease,0.2
2024-01-06,35,0,wk flu hosp rate change,2024-01-06,pmf,increase,0.2
2024-01-06,35,0,wk flu hosp rate change,2024-01-06,pmf,large_decrease,0.2
2024-01-06,35,0,wk flu hosp rate change,2024-01-06,pmf,large_increase,0.2
2024-01-06,35,0,wk flu hosp rate change,2024-01-06,pmf,stable,0.2
2024-01-06,36,0,wk flu hosp rate change,2024-01-06,pmf,decrease,0.2
2024-01-06,36,0,wk flu hosp rate change,2024-01-06,pmf,increase,0.2
2024-01-06,36,0,wk flu hosp rate change,2024-01-06,pmf,large_decrease,0.2
2024-01-06,36,0,wk flu hosp rate change,2024-01-06,pmf,large_increase,0.2
2024-01-06,36,0,wk flu hosp rate change,2024-01-06,pmf,stable,0.2
2024-01-06,37,0,wk flu hosp rate change,2024-01-06,pmf,decrease,0.2
2024-01-06,37,0,wk flu hosp rate change,2024-01-06,pmf,increase,0.2
2024-01-06,37,0,wk flu hosp rate change,2024-01-06,pmf,large_decrease,0.2
2024-01-06,37,0,wk flu hosp rate change,2024-01-06,pmf,large_increase,0.2
2024-01-06,37,0,wk flu hosp rate change,2024-01-06,pmf,stable,0.2
2024-01-06,38,0,wk flu hosp rate change,2024-01-06,pmf,decrease,0.2
2024-01-06,38,0,wk flu hosp rate change,2024-01-06,pmf,increase,0.2
2024-01-06,38,0,wk flu hosp rate change,2024-01-06,pmf,large_decrease,0.2
2024-01-06,38,0,wk flu hosp rate change,2024-01-06,pmf,large_increase,0.2
2024-01-06,38,0,wk flu hosp rate change,2024-01-06,pmf,stable,0.2
2024-01-06,39,0,wk flu hosp rate change,2024-01-06,pmf,decrease,0.2
2024-01-06,39,0,wk flu hosp rate change,2024-01-06,pmf,increase,0.2
2024-01-06,39,0,wk flu hosp rate change,2024-01-06,pmf,large_decrease,0.2
2024-01-06,39,0,wk flu hosp rate change,2024-01-06,pmf,large_increase,0.2
2024-01-06,39,0,wk flu hosp rate change,2024-01-06,pmf,stable,0.2
2024-01-06,40,0,wk flu hosp rate change,2024-01-06,pmf,decrease,0.2
2024-01-06,40,0,wk flu hosp rate change,2024-01-06,pmf,increase,0.2
2024-01-06,40,0,wk flu hosp rate change,2024-01-06,pmf,large_decrease,0.2
2024-01-06,40,0,wk flu hosp rate change,2024-01-06,pmf,large_increase,0.2
2024-01-06,40,0,wk flu hosp rate change,2024-01-06,pmf,stable,0.2
2024-01-06,41,0,wk flu hosp rate change,2024-01-06,pmf,decrease,0.2
2024-01-06,41,0,wk flu hosp rate change,2024-01-06,pmf,increase,0.2
2024-01-06,41,0,wk flu hosp rate change,2024-01-06,pmf,large_decrease,0.2
2024-01-06,41,0,wk flu hosp rate change,2024-01-06,pmf,large_increase,0.2
2024-01-06,41,0,wk flu hosp rate change,2024-01-06,pmf,stable,0.2
2024-01-06,42,0,wk flu hosp rate change,2024-01-06,pmf,decrease,0.2
2024-01-06,42,0,wk flu hosp rate change,2024-01-06,pmf,increase,0.2
2024-01-06,42,0,wk flu hosp rate change,2024-01-06,pmf,large_decrease,0.2
2024-01-06,42,0,wk flu hosp rate change,2024-01-06,pmf,large_increase,0.2
2024-01-06,42,0,wk flu hosp rate change,2024-01-06,pmf,stable,0.2
2024-01-06,44,0,wk flu hosp rate change,2024-01-06,pmf,decrease,0.2
2024-01-06,44,0,wk flu hosp rate change,2024-01-06,pmf,increase,0.2
2024-01-06,44,0,wk flu hosp rate change,2024-01-06,pmf,large_decrease,0.2
2024-01-06,44,0,wk flu hosp rate change,2024-01-06,pmf,large_increase,0.2
2024-01-06,44,0,wk flu hosp rate change,2024-01-06,pmf,stable,0.2
2024-01-06,45,0,wk flu hosp rate change,2024-01-06,pmf,decrease,0.2
2024-01-06,45,0,wk flu hosp rate change,2024-01-06,pmf,increase,0.2
2024-01-06,45,0,wk flu hosp rate change,2024-01-06,pmf,large_decrease,0.2
2024-01-06,45,0,wk flu hosp rate change,2024-01-06,pmf,large_increase,0.2
2024-01-06,45,0,wk flu hosp rate change,2024-01-06,pmf,stable,0.2
2024-01-06,46,0,wk flu hosp rate change,2024-01-06,pmf,decrease,0.2
2024-01-06,46,0,wk flu hosp rate change,2024-01-06,pmf,increase,0.2
2024-01-06,46,0,wk flu hosp rate change,2024-01-06,pmf,large_decrease,0.2
2024-01-06,46,0,wk flu hosp rate change,2024-01-06,pmf,large_increase,0.2
2024-01-06,46,0,wk flu hosp rate change,2024-01-06,pmf,stable,0.2
2024-01-06,47,0,wk flu hosp rate change,2024-01-06,pmf,decrease,0.2
2024-01-06,47,0,wk flu hosp rate change,2024-01-06,pmf,increase,0.2
2024-01-06,47,0,wk flu hosp rate change,2024-01-06,pmf,large_decrease,0.2
2024-01-06,47,0,wk flu hosp rate change,2024-01-06,pmf,large_increase,0.2
2024-01-06,47,0,wk flu hosp rate change,2024-01-06,pmf,stable,0.2
2024-01-06,48,0,wk flu hosp rate change,2024-01-06,pmf,decrease,0.2
2024-01-06,48,0,wk flu hosp rate change,2024-01-06,pmf,increase,0.2
2024-01-06,48,0,wk flu hosp rate change,2024-01-06,pmf,large_decrease,0.2
2024-01-06,48,0,wk flu hosp rate change,2024-01-06,pmf,large_increase,0.2
2024-01-06,48,0,wk flu hosp rate change,2024-01-06,pmf,stable,0.2
2024-01-06,49,0,wk flu hosp rate change,2024-01-06,pmf,decrease,0.2
2024-01-06,49,0,wk flu hosp rate change,2024-01-06,pmf,increase,0.2
2024-01-06,49,0,wk flu hosp rate change,2024-01-06,pmf,large_decrease,0.2
2024-01-06,49,0,wk flu hosp rate change,2024-01-06,pmf,large_increase,0.2
2024-01-06,49,0,wk flu hosp rate change,2024-01-06,pmf,stable,0.2
2024-01-06,50,0,wk flu hosp rate change,2024-01-06,pmf,decrease,0.2
2024-01-06,50,0,wk flu hosp rate change,2024-01-06,pmf,increase,0.2
2024-01-06,50,0,wk flu hosp rate change,2024-01-06,pmf,large_decrease,0.2
2024-01-06,50,0,wk flu hosp rate change,2024-01-06,pmf,large_increase,0.2
2024-01-06,50,0,wk flu hosp rate change,2024-01-06,pmf,stable,0.2
2024-01-06,51,0,wk flu hosp rate change,2024-01-06,pmf,decrease,0.2
2024-01-06,51,0,wk flu hosp rate change,2024-01-06,pmf,increase,0.2
2024-01-06,51,0,wk flu hosp rate change,2024-01-06,pmf,large_decrease,0.2
2024-01-06,51,0,wk flu hosp rate change,2024-01-06,pmf,large_increase,0.2
2024-01-06,51,0,wk flu hosp rate change,2024-01-06,pmf,stable,0.2
2024-01-06,53,0,wk flu hosp rate change,2024-01-06,pmf,decrease,0.2
2024-01-06,53,0,wk flu hosp rate change,2024-01-06,pmf,increase,0.2
2024-01-06,53,0,wk flu hosp rate change,2024-01-06,pmf,large_decrease,0.2
2024-01-06,53,0,wk flu hosp rate change,2024-01-06,pmf,large_increase,0.2
2024-01-06,53,0,wk flu hosp rate change,2024-01-06,pmf,stable,0.2
2024-01-06,54,0,wk flu hosp rate change,2024-01-06,pmf,decrease,0.2
2024-01-06,54,0,wk flu hosp rate change,2024-01-06,pmf,increase,0.2
2024-01-06,54,0,wk flu hosp rate change,2024-01-06,pmf,large_decrease,0.2
2024-01-06,54,0,wk flu hosp rate change,2024-01-06,pmf,large_increase,0.2
2024-01-06,54,0,wk flu hosp rate change,2024-01-06,pmf,stable,0.2
2024-01-06,55,0,wk flu hosp rate change,2024-01-06,pmf,decrease,0.2
2024-01-06,55,0,wk flu hosp rate change,2024-01-06,pmf,increase,0.2
2024-01-06,55,0,wk flu hosp rate change,2024-01-06,pmf,large_decrease,0.2
2024-01-06,55,0,wk flu hosp rate change,2024-01-06,pmf,large_increase,0.2
2024-01-06,55,0,wk flu hosp rate change,2024-01-06,pmf,stable,0.2
2024-01-06,56,0,wk flu hosp rate change,2024-01-06,pmf,decrease,0.2
2024-01-06,56,0,wk flu hosp rate change,2024-01-06,pmf,increase,0.2
2024-01-06,56,0,wk flu hosp rate change,2024-01-06,pmf,large_decrease,0.2
2024-01-06,56,0,wk flu hosp rate change,2024-01-06,pmf,large_increase,0.2
2024-01-06,56,0,wk flu hosp rate change,2024-01-06,pmf,stable,0.2
2024-01-06,72,0,wk flu hosp rate change,2024-01-06,pmf,decrease,0.2
2024-01-06,72,0,wk flu hosp rate change,2024-01-06,pmf,increase,0.2
2024-01-06,72,0,wk flu hosp rate change,2024-01-06,pmf,large_decrease,0.2
2024-01-06,72,0,wk flu hosp rate change,2024-01-06,pmf,large_increase,0.2
2024-01-06,72,0,wk flu hosp rate change,2024-01-06,pmf,stable,0.2
2024-01-06,US,0,wk flu hosp rate change,2024-01-06,pmf,decrease,0.2
2024-01-06,US,0,wk flu hosp rate change,2024-01-06,pmf,increase,0.2
2024-01-06,US,0,wk flu hosp rate change,2024-01-06,pmf,large_decrease,0.2
2024-01-06,US,0,wk flu hosp rate change,2024-01-06,pmf,large_increase,0.2
2024-01-06,US,0,wk flu hosp rate change,2024-01-06,pmf,stable,0.2
2024-01-06,01,1,wk flu hosp rate change,2024-01-13,pmf,decrease,0.2
2024-01-06,01,1,wk flu hosp rate change,2024-01-13,pmf,increase,0.2
2024-01-06,01,1,wk flu hosp rate change,2024-01-13,pmf,large_decrease,0.2
2024-01-06,01,1,wk flu hosp rate change,2024-01-13,pmf,large_increase,0.2
2024-01-06,01,1,wk flu hosp rate change,2024-01-13,pmf,stable,0.2
2024-01-06,02,1,wk flu hosp rate change,2024-01-13,pmf,decrease,0.2
2024-01-06,02,1,wk flu hosp rate change,2024-01-13,pmf,increase,0.2
2024-01-06,02,1,wk flu hosp rate change,2024-01-13,pmf,large_decrease,0.2
2024-01-06,02,1,wk flu hosp rate change,2024-01-13,pmf,large_increase,0.2
2024-01-06,02,1,wk flu hosp rate change,2024-01-13,pmf,stable,0.2
2024-01-06,04,1,wk flu hosp rate change,2024-01-13,pmf,decrease,0.2
2024-01-06,04,1,wk flu hosp rate change,2024-01-13,pmf,increase,0.2
2024-01-06,04,1,wk flu hosp rate change,2024-01-13,pmf,large_decrease,0.2
2024-01-06,04,1,wk flu hosp rate change,2024-01-13,pmf,large_increase,0.2
2024-01-06,04,1,wk flu hosp rate change,2024-01-13,pmf,stable,0.2
2024-01-06,05,1,wk flu hosp rate change,2024-01-13,pmf,decrease,0.2
2024-01-06,05,1,wk flu hosp rate change,2024-01-13,pmf,increase,0.2
2024-01-06,05,1,wk flu hosp rate change,2024-01-13,pmf,large_decrease,0.2
2024-01-06,05,1,wk flu hosp rate change,2024-01-13,pmf,large_increase,0.2
2024-01-06,05,1,wk flu hosp rate change,2024-01-13,pmf,stable,0.2
2024-01-06,06,1,wk flu hosp rate change,2024-01-13,pmf,decrease,0.2
2024-01-06,06,1,wk flu hosp rate change,2024-01-13,pmf,increase,0.2
2024-01-06,06,1,wk flu hosp rate change,2024-01-13,pmf,large_decrease,0.2
2024-01-06,06,1,wk flu hosp rate change,2024-01-13,pmf,large_increase,0.2
2024-01-06,06,1,wk flu hosp rate change,2024-01-13,pmf,stable,0.2
2024-01-06,08,1,wk flu hosp rate change,2024-01-13,pmf,decrease,0.2
2024-01-06,08,1,wk flu hosp rate change,2024-01-13,pmf,increase,0.2
2024-01-06,08,1,wk flu hosp rate change,2024-01-13,pmf,large_decrease,0.2
2024-01-06,08,1,wk flu hosp rate change,2024-01-13,pmf,large_increase,0.2
2024-01-06,08,1,wk flu hosp rate change,2024-01-13,pmf,stable,0.2
2024-01-06,09,1,wk flu hosp rate change,2024-01-13,pmf,decrease,0.2
2024-01-06,09,1,wk flu hosp rate change,2024-01-13,pmf,increase,0.2
2024-01-06,09,1,wk flu hosp rate change,2024-01-13,pmf,large_decrease,0.2
2024-01-06,09,1,wk flu hosp rate change,2024-01-13,pmf,large_increase,0.2
2024-01-06,09,1,wk flu hosp rate change,2024-01-13,pmf,stable,0.2
2024-01-06,10,1,wk flu hosp rate change,2024-01-13,pmf,decrease,0.2
2024-01-06,10,1,wk flu hosp rate change,2024-01-13,pmf,increase,0.2
2024-01-06,10,1,wk flu hosp rate change,2024-01-13,pmf,large_decrease,0.2
2024-01-06,10,1,wk flu hosp rate change,2024-01-13,pmf,large_increase,0.2
2024-01-06,10,1,wk flu hosp rate change,2024-01-13,pmf,stable,0.2
2024-01-06,11,1,wk flu hosp rate change,2024-01-13,pmf,decrease,0.2
2024-01-06,11,1,wk flu hosp rate change,2024-01-13,pmf,increase,0.2
2024-01-06,11,1,wk flu hosp rate change,2024-01-13,pmf,large_decrease,0.2
2024-01-06,11,1,wk flu hosp rate change,2024-01-13,pmf,large_increase,0.2
2024-01-06,11,1,wk flu hosp rate change,2024-01-13,pmf,stable,0.2
2024-01-06,12,1,wk flu hosp rate change,2024-01-13,pmf,decrease,0.2
2024-01-06,12,1,wk flu hosp rate change,2024-01-13,pmf,increase,0.2
2024-01-06,12,1,wk flu hosp rate change,2024-01-13,pmf,large_decrease,0.2
2024-01-06,12,1,wk flu hosp rate change,2024-01-13,pmf,large_increase,0.2
2024-01-06,12,1,wk flu hosp rate change,2024-01-13,pmf,stable,0.2
2024-01-06,13,1,wk flu hosp rate change,2024-01-13,pmf,decrease,0.2
2024-01-06,13,1,wk flu hosp rate change,2024-01-13,pmf,increase,0.2
2024-01-06,13,1,wk flu hosp rate change,2024-01-13,pmf,large_decrease,0.2
2024-01-06,13,1,wk flu hosp rate change,2024-01-13,pmf,large_increase,0.2
2024-01-06,13,1,wk flu hosp rate change,2024-01-13,pmf,stable,0.2
2024-01-06,15,1,wk flu hosp rate change,2024-01-13,pmf,decrease,0.2
2024-01-06,15,1,wk flu hosp rate change,2024-01-13,pmf,increase,0.2
2024-01-06,15,1,wk flu hosp rate change,2024-01-13,pmf,large_decrease,0.2
2024-01-06,15,1,wk flu hosp rate change,2024-01-13,pmf,large_increase,0.2
2024-01-06,15,1,wk flu hosp rate change,2024-01-13,pmf,stable,0.2
2024-01-06,16,1,wk flu hosp rate change,2024-01-13,pmf,decrease,0.2
2024-01-06,16,1,wk flu hosp rate change,2024-01-13,pmf,increase,0.2
2024-01-06,16,1,wk flu hosp rate change,2024-01-13,pmf,large_decrease,0.2
2024-01-06,16,1,wk flu hosp rate change,2024-01-13,pmf,large_increase,0.2
2024-01-06,16,1,wk flu hosp rate change,2024-01-13,pmf,stable,0.2
2024-01-06,17,1,wk flu hosp rate change,2024-01-13,pmf,decrease,0.2
2024-01-06,17,1,wk flu hosp rate change,2024-01-13,pmf,increase,0.2
2024-01-06,17,1,wk flu hosp rate change,2024-01-13,pmf,large_decrease,0.2
2024-01-06,17,1,wk flu hosp rate change,2024-01-13,pmf,large_increase,0.2
2024-01-06,17,1,wk flu hosp rate change,2024-01-13,pmf,stable,0.2
2024-01-06,18,1,wk flu hosp rate change,2024-01-13,pmf,decrease,0.2
2024-01-06,18,1,wk flu hosp rate change,2024-01-13,pmf,increase,0.2
2024-01-06,18,1,wk flu hosp rate change,2024-01-13,pmf,large_decrease,0.2
2024-01-06,18,1,wk flu hosp rate change,2024-01-13,pmf,large_increase,0.2
2024-01-06,18,1,wk flu hosp rate change,2024-01-13,pmf,stable,0.2
2024-01-06,19,1,wk flu hosp rate change,2024-01-13,pmf,decrease,0.2
2024-01-06,19,1,wk flu hosp rate change,2024-01-13,pmf,increase,0.2
2024-01-06,19,1,wk flu hosp rate change,2024-01-13,pmf,large_decrease,0.2
2024-01-06,19,1,wk flu hosp rate change,2024-01-13,pmf,large_increase,0.2
2024-01-06,19,1,wk flu hosp rate change,2024-01-13,pmf,stable,0.2
2024-01-06,20,1,wk flu hosp rate change,2024-01-13,pmf,decrease,0.2
2024-01-06,20,1,wk flu hosp rate change,2024-01-13,pmf,increase,0.2
2024-01-06,20,1,wk flu hosp rate change,2024-01-13,pmf,large_decrease,0.2
2024-01-06,20,1,wk flu hosp rate change,2024-01-13,pmf,large_increase,0.2
2024-01-06,20,1,wk flu hosp rate change,2024-01-13,pmf,stable,0.2
2024-01-06,21,1,wk flu hosp rate change,2024-01-13,pmf,decrease,0.2
2024-01-06,21,1,wk flu hosp rate change,2024-01-13,pmf,increase,0.2
2024-01-06,21,1,wk flu hosp rate change,2024-01-13,pmf,large_decrease,0.2
2024-01-06,21,1,wk flu hosp rate change,2024-01-13,pmf,large_increase,0.2
2024-01-06,21,1,wk flu hosp rate change,2024-01-13,pmf,stable,0.2
2024-01-06,22,1,wk flu hosp rate change,2024-01-13,pmf,decrease,0.2
2024-01-06,22,1,wk flu hosp rate change,2024-01-13,pmf,increase,0.2
2024-01-06,22,1,wk flu hosp rate change,2024-01-13,pmf,large_decrease,0.2
2024-01-06,22,1,wk flu hosp rate change,2024-01-13,pmf,large_increase,0.2
2024-01-06,22,1,wk flu hosp rate change,2024-01-13,pmf,stable,0.2
2024-01-06,23,1,wk flu hosp rate change,2024-01-13,pmf,decrease,0.2
2024-01-06,23,1,wk flu hosp rate change,2024-01-13,pmf,increase,0.2
2024-01-06,23,1,wk flu hosp rate change,2024-01-13,pmf,large_decrease,0.2
2024-01-06,23,1,wk flu hosp rate change,2024-01-13,pmf,large_increase,0.2
2024-01-06,23,1,wk flu hosp rate change,2024-01-13,pmf,stable,0.2
2024-01-06,24,1,wk flu hosp rate change,2024-01-13,pmf,decrease,0.2
2024-01-06,24,1,wk flu hosp rate change,2024-01-13,pmf,increase,0.2
2024-01-06,24,1,wk flu hosp rate change,2024-01-13,pmf,large_decrease,0.2
2024-01-06,24,1,wk flu hosp rate change,2024-01-13,pmf,large_increase,0.2
2024-01-06,24,1,wk flu hosp rate change,2024-01-13,pmf,stable,0.2
2024-01-06,25,1,wk flu hosp rate change,2024-01-13,pmf,decrease,0.2
2024-01-06,25,1,wk flu hosp rate change,2024-01-13,pmf,increase,0.2
2024-01-06,25,1,wk flu hosp rate change,2024-01-13,pmf,large_decrease,0.2
2024-01-06,25,1,wk flu hosp rate change,2024-01-13,pmf,large_increase,0.2
2024-01-06,25,1,wk flu hosp rate change,2024-01-13,pmf,stable,0.2
2024-01-06,26,1,wk flu hosp rate change,2024-01-13,pmf,decrease,0.2
2024-01-06,26,1,wk flu hosp rate change,2024-01-13,pmf,increase,0.2
2024-01-06,26,1,wk flu hosp rate change,2024-01-13,pmf,large_decrease,0.2
2024-01-06,26,1,wk flu hosp rate change,2024-01-13,pmf,large_increase,0.2
2024-01-06,26,1,wk flu hosp rate change,2024-01-13,pmf,stable,0.2
2024-01-06,27,1,wk flu hosp rate change,2024-01-13,pmf,decrease,0.2
2024-01-06,27,1,wk flu hosp rate change,2024-01-13,pmf,increase,0.2
2024-01-06,27,1,wk flu hosp rate change,2024-01-13,pmf,large_decrease,0.2
2024-01-06,27,1,wk flu hosp rate change,2024-01-13,pmf,large_increase,0.2
2024-01-06,27,1,wk flu hosp rate change,2024-01-13,pmf,stable,0.2
2024-01-06,28,1,wk flu hosp rate change,2024-01-13,pmf,decrease,0.2
2024-01-06,28,1,wk flu hosp rate change,2024-01-13,pmf,increase,0.2
2024-01-06,28,1,wk flu hosp rate change,2024-01-13,pmf,large_decrease,0.2
2024-01-06,28,1,wk flu hosp rate change,2024-01-13,pmf,large_increase,0.2
2024-01-06,28,1,wk flu hosp rate change,2024-01-13,pmf,stable,0.2
2024-01-06,29,1,wk flu hosp rate change,2024-01-13,pmf,decrease,0.2
2024-01-06,29,1,wk flu hosp rate change,2024-01-13,pmf,increase,0.2
2024-01-06,29,1,wk flu hosp rate change,2024-01-13,pmf,large_decrease,0.2
2024-01-06,29,1,wk flu hosp rate change,2024-01-13,pmf,large_increase,0.2
2024-01-06,29,1,wk flu hosp rate change,2024-01-13,pmf,stable,0.2
2024-01-06,30,1,wk flu hosp rate change,2024-01-13,pmf,decrease,0.2
2024-01-06,30,1,wk flu hosp rate change,2024-01-13,pmf,increase,0.2
2024-01-06,30,1,wk flu hosp rate change,2024-01-13,pmf,large_decrease,0.2
2024-01-06,30,1,wk flu hosp rate change,2024-01-13,pmf,large_increase,0.2
2024-01-06,30,1,wk flu hosp rate change,2024-01-13,pmf,stable,0.2
2024-01-06,31,1,wk flu hosp rate change,2024-01-13,pmf,decrease,0.2
2024-01-06,31,1,wk flu hosp rate change,2024-01-13,pmf,increase,0.2
2024-01-06,31,1,wk flu hosp rate change,2024-01-13,pmf,large_decrease,0.2
2024-01-06,31,1,wk flu hosp rate change,2024-01-13,pmf,large_increase,0.2
2024-01-06,31,1,wk flu hosp rate change,2024-01-13,pmf,stable,0.2
2024-01-06,32,1,wk flu hosp rate change,2024-01-13,pmf,decrease,0.2
2024-01-06,32,1,wk flu hosp rate change,2024-01-13,pmf,increase,0.2
2024-01-06,32,1,wk flu hosp rate change,2024-01-13,pmf,large_decrease,0.2
2024-01-06,32,1,wk flu hosp rate change,2024-01-13,pmf,large_increase,0.2
2024-01-06,32,1,wk flu hosp rate change,2024-01-13,pmf,stable,0.2
2024-01-06,33,1,wk flu hosp rate change,2024-01-13,pmf,decrease,0.2
2024-01-06,33,1,wk flu hosp rate change,2024-01-13,pmf,increase,0.2
2024-01-06,33,1,wk flu hosp rate change,2024-01-13,pmf,large_decrease,0.2
2024-01-06,33,1,wk flu hosp rate change,2024-01-13,pmf,large_increase,0.2
2024-01-06,33,1,wk flu hosp rate change,2024-01-13,pmf,stable,0.2
2024-01-06,34,1,wk flu hosp rate change,2024-01-13,pmf,decrease,0.2
2024-01-06,34,1,wk flu hosp rate change,2024-01-13,pmf,increase,0.2
2024-01-06,34,1,wk flu hosp rate change,2024-01-13,pmf,large_decrease,0.2
2024-01-06,34,1,wk flu hosp rate change,2024-01-13,pmf,large_increase,0.2
2024-01-06,34,1,wk flu hosp rate change,2024-01-13,pmf,stable,0.2
2024-01-06,35,1,wk flu hosp rate change,2024-01-13,pmf,decrease,0.2
2024-01-06,35,1,wk flu hosp rate change,2024-01-13,pmf,increase,0.2
2024-01-06,35,1,wk flu hosp rate change,2024-01-13,pmf,large_decrease,0.2
2024-01-06,35,1,wk flu hosp rate change,2024-01-13,pmf,large_increase,0.2
2024-01-06,35,1,wk flu hosp rate change,2024-01-13,pmf,stable,0.2
2024-01-06,36,1,wk flu hosp rate change,2024-01-13,pmf,decrease,0.2
2024-01-06,36,1,wk flu hosp rate change,2024-01-13,pmf,increase,0.2
2024-01-06,36,1,wk flu hosp rate change,2024-01-13,pmf,large_decrease,0.2
2024-01-06,36,1,wk flu hosp rate change,2024-01-13,pmf,large_increase,0.2
2024-01-06,36,1,wk flu hosp rate change,2024-01-13,pmf,stable,0.2
2024-01-06,37,1,wk flu hosp rate change,2024-01-13,pmf,decrease,0.2
2024-01-06,37,1,wk flu hosp rate change,2024-01-13,pmf,increase,0.2
2024-01-06,37,1,wk flu hosp rate change,2024-01-13,pmf,large_decrease,0.2
2024-01-06,37,1,wk flu hosp rate change,2024-01-13,pmf,large_increase,0.2
2024-01-06,37,1,wk flu hosp rate change,2024-01-13,pmf,stable,0.2
2024-01-06,38,1,wk flu hosp rate change,2024-01-13,pmf,decrease,0.2
2024-01-06,38,1,wk flu hosp rate change,2024-01-13,pmf,increase,0.2
2024-01-06,38,1,wk flu hosp rate change,2024-01-13,pmf,large_decrease,0.2
2024-01-06,38,1,wk flu hosp rate change,2024-01-13,pmf,large_increase,0.2
2024-01-06,38,1,wk flu hosp rate change,2024-01-13,pmf,stable,0.2
2024-01-06,39,1,wk flu hosp rate change,2024-01-13,pmf,decrease,0.2
2024-01-06,39,1,wk flu hosp rate change,2024-01-13,pmf,increase,0.2
2024-01-06,39,1,wk flu hosp rate change,2024-01-13,pmf,large_decrease,0.2
2024-01-06,39,1,wk flu hosp rate change,2024-01-13,pmf,large_increase,0.2
2024-01-06,39,1,wk flu hosp rate change,2024-01-13,pmf,stable,0.2
2024-01-06,40,1,wk flu hosp rate change,2024-01-13,pmf,decrease,0.2
2024-01-06,40,1,wk flu hosp rate change,2024-01-13,pmf,increase,0.2
2024-01-06,40,1,wk flu hosp rate change,2024-01-13,pmf,large_decrease,0.2
2024-01-06,40,1,wk flu hosp rate change,2024-01-13,pmf,large_increase,0.2
2024-01-06,40,1,wk flu hosp rate change,2024-01-13,pmf,stable,0.2
2024-01-06,41,1,wk flu hosp rate change,2024-01-13,pmf,decrease,0.2
2024-01-06,41,1,wk flu hosp rate change,2024-01-13,pmf,increase,0.2
2024-01-06,41,1,wk flu hosp rate change,2024-01-13,pmf,large_decrease,0.2
2024-01-06,41,1,wk flu hosp rate change,2024-01-13,pmf,large_increase,0.2
2024-01-06,41,1,wk flu hosp rate change,2024-01-13,pmf,stable,0.2
2024-01-06,42,1,wk flu hosp rate change,2024-01-13,pmf,decrease,0.2
2024-01-06,42,1,wk flu hosp rate change,2024-01-13,pmf,increase,0.2
2024-01-06,42,1,wk flu hosp rate change,2024-01-13,pmf,large_decrease,0.2
2024-01-06,42,1,wk flu hosp rate change,2024-01-13,pmf,large_increase,0.2
2024-01-06,42,1,wk flu hosp rate change,2024-01-13,pmf,stable,0.2
2024-01-06,44,1,wk flu hosp rate change,2024-01-13,pmf,decrease,0.2
2024-01-06,44,1,wk flu hosp rate change,2024-01-13,pmf,increase,0.2
2024-01-06,44,1,wk flu hosp rate change,2024-01-13,pmf,large_decrease,0.2
2024-01-06,44,1,wk flu hosp rate change,2024-01-13,pmf,large_increase,0.2
2024-01-06,44,1,wk flu hosp rate change,2024-01-13,pmf,stable,0.2
2024-01-06,45,1,wk flu hosp rate change,2024-01-13,pmf,decrease,0.2
2024-01-06,45,1,wk flu hosp rate change,2024-01-13,pmf,increase,0.2
2024-01-06,45,1,wk flu hosp rate change,2024-01-13,pmf,large_decrease,0.2
2024-01-06,45,1,wk flu hosp rate change,2024-01-13,pmf,large_increase,0.2
2024-01-06,45,1,wk flu hosp rate change,2024-01-13,pmf,stable,0.2
2024-01-06,46,1,wk flu hosp rate change,2024-01-13,pmf,decrease,0.2
2024-01-06,46,1,wk flu hosp rate change,2024-01-13,pmf,increase,0.2
2024-01-06,46,1,wk flu hosp rate change,2024-01-13,pmf,large_decrease,0.2
2024-01-06,46,1,wk flu hosp rate change,2024-01-13,pmf,large_increase,0.2
2024-01-06,46,1,wk flu hosp rate change,2024-01-13,pmf,stable,0.2
2024-01-06,47,1,wk flu hosp rate change,2024-01-13,pmf,decrease,0.2
2024-01-06,47,1,wk flu hosp rate change,2024-01-13,pmf,increase,0.2
2024-01-06,47,1,wk flu hosp rate change,2024-01-13,pmf,large_decrease,0.2
2024-01-06,47,1,wk flu hosp rate change,2024-01-13,pmf,large_increase,0.2
2024-01-06,47,1,wk flu hosp rate change,2024-01-13,pmf,stable,0.2
2024-01-06,48,1,wk flu hosp rate change,2024-01-13,pmf,decrease,0.2
2024-01-06,48,1,wk flu hosp rate change,2024-01-13,pmf,increase,0.2
2024-01-06,48,1,wk flu hosp rate change,2024-01-13,pmf,large_decrease,0.2
2024-01-06,48,1,wk flu hosp rate change,2024-01-13,pmf,large_increase,0.2
2024-01-06,48,1,wk flu hosp rate change,2024-01-13,pmf,stable,0.2
2024-01-06,49,1,wk flu hosp rate change,2024-01-13,pmf,decrease,0.2
2024-01-06,49,1,wk flu hosp rate change,2024-01-13,pmf,increase,0.2
2024-01-06,49,1,wk flu hosp rate change,2024-01-13,pmf,large_decrease,0.2
2024-01-06,49,1,wk flu hosp rate change,2024-01-13,pmf,large_increase,0.2
2024-01-06,49,1,wk flu hosp rate change,2024-01-13,pmf,stable,0.2
2024-01-06,50,1,wk flu hosp rate change,2024-01-13,pmf,decrease,0.2
2024-01-06,50,1,wk flu hosp rate change,2024-01-13,pmf,increase,0.2
2024-01-06,50,1,wk flu hosp rate change,2024-01-13,pmf,large_decrease,0.2
2024-01-06,50,1,wk flu hosp rate change,2024-01-13,pmf,large_increase,0.2
2024-01-06,50,1,wk flu hosp rate change,2024-01-13,pmf,stable,0.2
2024-01-06,51,1,wk flu hosp rate change,2024-01-13,pmf,decrease,0.2
2024-01-06,51,1,wk flu hosp rate change,2024-01-13,pmf,increase,0.2
2024-01-06,51,1,wk flu hosp rate change,2024-01-13,pmf,large_decrease,0.2
2024-01-06,51,1,wk flu hosp rate change,2024-01-13,pmf,large_increase,0.2
2024-01-06,51,1,wk flu hosp rate change,2024-01-13,pmf,stable,0.2
2024-01-06,53,1,wk flu hosp rate change,2024-01-13,pmf,decrease,0.2
2024-01-06,53,1,wk flu hosp rate change,2024-01-13,pmf,increase,0.2
2024-01-06,53,1,wk flu hosp rate change,2024-01-13,pmf,large_decrease,0.2
2024-01-06,53,1,wk flu hosp rate change,2024-01-13,pmf,large_increase,0.2
2024-01-06,53,1,wk flu hosp rate change,2024-01-13,pmf,stable,0.2
2024-01-06,54,1,wk flu hosp rate change,2024-01-13,pmf,decrease,0.2
2024-01-06,54,1,wk flu hosp rate change,2024-01-13,pmf,increase,0.2
2024-01-06,54,1,wk flu hosp rate change,2024-01-13,pmf,large_decrease,0.2
2024-01-06,54,1,wk flu hosp rate change,2024-01-13,pmf,large_increase,0.2
2024-01-06,54,1,wk flu hosp rate change,2024-01-13,pmf,stable,0.2
2024-01-06,55,1,wk flu hosp rate change,2024-01-13,pmf,decrease,0.2
2024-01-06,55,1,wk flu hosp rate change,2024-01-13,pmf,increase,0.2
2024-01-06,55,1,wk flu hosp rate change,2024-01-13,pmf,large_decrease,0.2
2024-01-06,55,1,wk flu hosp rate change,2024-01-13,pmf,large_increase,0.2
2024-01-06,55,1,wk flu hosp rate change,2024-01-13,pmf,stable,0.2
2024-01-06,56,1,wk flu hosp rate change,2024-01-13,pmf,decrease,0.2
2024-01-06,56,1,wk flu hosp rate change,2024-01-13,pmf,increase,0.2
2024-01-06,56,1,wk flu hosp rate change,2024-01-13,pmf,large_decrease,0.2
2024-01-06,56,1,wk flu hosp rate change,2024-01-13,pmf,large_increase,0.2
2024-01-06,56,1,wk flu hosp rate change,2024-01-13,pmf,stable,0.2
2024-01-06,72,1,wk flu hosp rate change,2024-01-13,pmf,decrease,0.2
2024-01-06,72,1,wk flu hosp rate change,2024-01-13,pmf,increase,0.2
2024-01-06,72,1,wk flu hosp rate change,2024-01-13,pmf,large_decrease,0.2
2024-01-06,72,1,wk flu hosp rate change,2024-01-13,pmf,large_increase,0.2
2024-01-06,72,1,wk flu hosp rate change,2024-01-13,pmf,stable,0.2
2024-01-06,US,1,wk flu hosp rate change,2024-01-13,pmf,decrease,0.2
2024-01-06,US,1,wk flu hosp rate change,2024-01-13,pmf,increase,0.2
2024-01-06,US,1,wk flu hosp rate change,2024-01-13,pmf,large_decrease,0.2
2024-01-06,US,1,wk flu hosp rate change,2024-01-13,pmf,large_increase,0.2
2024-01-06,US,1,wk flu hosp rate change,2024-01-13,pmf,stable,0.2
2024-01-06,01,2,wk flu hosp rate change,2024-01-20,pmf,decrease,0.2
2024-01-06,01,2,wk flu hosp rate change,2024-01-20,pmf,increase,0.2
2024-01-06,01,2,wk flu hosp rate change,2024-01-20,pmf,large_decrease,0.2
2024-01-06,01,2,wk flu hosp rate change,2024-01-20,pmf,large_increase,0.2
2024-01-06,01,2,wk flu hosp rate change,2024-01-20,pmf,stable,0.2
2024-01-06,02,2,wk flu hosp rate change,2024-01-20,pmf,decrease,0.2
2024-01-06,02,2,wk flu hosp rate change,2024-01-20,pmf,increase,0.2
2024-01-06,02,2,wk flu hosp rate change,2024-01-20,pmf,large_decrease,0.2
2024-01-06,02,2,wk flu hosp rate change,2024-01-20,pmf,large_increase,0.2
2024-01-06,02,2,wk flu hosp rate change,2024-01-20,pmf,stable,0.2
2024-01-06,04,2,wk flu hosp rate change,2024-01-20,pmf,decrease,0.2
2024-01-06,04,2,wk flu hosp rate change,2024-01-20,pmf,increase,0.2
2024-01-06,04,2,wk flu hosp rate change,2024-01-20,pmf,large_decrease,0.2
2024-01-06,04,2,wk flu hosp rate change,2024-01-20,pmf,large_increase,0.2
2024-01-06,04,2,wk flu hosp rate change,2024-01-20,pmf,stable,0.2
2024-01-06,05,2,wk flu hosp rate change,2024-01-20,pmf,decrease,0.2
2024-01-06,05,2,wk flu hosp rate change,2024-01-20,pmf,increase,0.2
2024-01-06,05,2,wk flu hosp rate change,2024-01-20,pmf,large_decrease,0.2
2024-01-06,05,2,wk flu hosp rate change,2024-01-20,pmf,large_increase,0.2
2024-01-06,05,2,wk flu hosp rate change,2024-01-20,pmf,stable,0.2
2024-01-06,06,2,wk flu hosp rate change,2024-01-20,pmf,decrease,0.2
2024-01-06,06,2,wk flu hosp rate change,2024-01-20,pmf,increase,0.2
2024-01-06,06,2,wk flu hosp rate change,2024-01-20,pmf,large_decrease,0.2
2024-01-06,06,2,wk flu hosp rate change,2024-01-20,pmf,large_increase,0.2
2024-01-06,06,2,wk flu hosp rate change,2024-01-20,pmf,stable,0.2
2024-01-06,08,2,wk flu hosp rate change,2024-01-20,pmf,decrease,0.2
2024-01-06,08,2,wk flu hosp rate change,2024-01-20,pmf,increase,0.2
2024-01-06,08,2,wk flu hosp rate change,2024-01-20,pmf,large_decrease,0.2
2024-01-06,08,2,wk flu hosp rate change,2024-01-20,pmf,large_increase,0.2
2024-01-06,08,2,wk flu hosp rate change,2024-01-20,pmf,stable,0.2
2024-01-06,09,2,wk flu hosp rate change,2024-01-20,pmf,decrease,0.2
2024-01-06,09,2,wk flu hosp rate change,2024-01-20,pmf,increase,0.2
2024-01-06,09,2,wk flu hosp rate change,2024-01-20,pmf,large_decrease,0.2
2024-01-06,09,2,wk flu hosp rate change,2024-01-20,pmf,large_increase,0.2
2024-01-06,09,2,wk flu hosp rate change,2024-01-20,pmf,stable,0.2
2024-01-06,10,2,wk flu hosp rate change,2024-01-20,pmf,decrease,0.2
2024-01-06,10,2,wk flu hosp rate change,2024-01-20,pmf,increase,0.2
2024-01-06,10,2,wk flu hosp rate change,2024-01-20,pmf,large_decrease,0.2
2024-01-06,10,2,wk flu hosp rate change,2024-01-20,pmf,large_increase,0.2
2024-01-06,10,2,wk flu hosp rate change,2024-01-20,pmf,stable,0.2
2024-01-06,11,2,wk flu hosp rate change,2024-01-20,pmf,decrease,0.2
2024-01-06,11,2,wk flu hosp rate change,2024-01-20,pmf,increase,0.2
2024-01-06,11,2,wk flu hosp rate change,2024-01-20,pmf,large_decrease,0.2
2024-01-06,11,2,wk flu hosp rate change,2024-01-20,pmf,large_increase,0.2
2024-01-06,11,2,wk flu hosp rate change,2024-01-20,pmf,stable,0.2
2024-01-06,12,2,wk flu hosp rate change,2024-01-20,pmf,decrease,0.2
2024-01-06,12,2,wk flu hosp rate change,2024-01-20,pmf,increase,0.2
2024-01-06,12,2,wk flu hosp rate change,2024-01-20,pmf,large_decrease,0.2
2024-01-06,12,2,wk flu hosp rate change,2024-01-20,pmf,large_increase,0.2
2024-01-06,12,2,wk flu hosp rate change,2024-01-20,pmf,stable,0.2
2024-01-06,13,2,wk flu hosp rate change,2024-01-20,pmf,decrease,0.2
2024-01-06,13,2,wk flu hosp rate change,2024-01-20,pmf,increase,0.2
2024-01-06,13,2,wk flu hosp rate change,2024-01-20,pmf,large_decrease,0.2
2024-01-06,13,2,wk flu hosp rate change,2024-01-20,pmf,large_increase,0.2
2024-01-06,13,2,wk flu hosp rate change,2024-01-20,pmf,stable,0.2
2024-01-06,15,2,wk flu hosp rate change,2024-01-20,pmf,decrease,0.2
2024-01-06,15,2,wk flu hosp rate change,2024-01-20,pmf,increase,0.2
2024-01-06,15,2,wk flu hosp rate change,2024-01-20,pmf,large_decrease,0.2
2024-01-06,15,2,wk flu hosp rate change,2024-01-20,pmf,large_increase,0.2
2024-01-06,15,2,wk flu hosp rate change,2024-01-20,pmf,stable,0.2
2024-01-06,16,2,wk flu hosp rate change,2024-01-20,pmf,decrease,0.2
2024-01-06,16,2,wk flu hosp rate change,2024-01-20,pmf,increase,0.2
2024-01-06,16,2,wk flu hosp rate change,2024-01-20,pmf,large_decrease,0.2
2024-01-06,16,2,wk flu hosp rate change,2024-01-20,pmf,large_increase,0.2
2024-01-06,16,2,wk flu hosp rate change,2024-01-20,pmf,stable,0.2
2024-01-06,17,2,wk flu hosp rate change,2024-01-20,pmf,decrease,0.2
2024-01-06,17,2,wk flu hosp rate change,2024-01-20,pmf,increase,0.2
2024-01-06,17,2,wk flu hosp rate change,2024-01-20,pmf,large_decrease,0.2
2024-01-06,17,2,wk flu hosp rate change,2024-01-20,pmf,large_increase,0.2
2024-01-06,17,2,wk flu hosp rate change,2024-01-20,pmf,stable,0.2
2024-01-06,18,2,wk flu hosp rate change,2024-01-20,pmf,decrease,0.2
2024-01-06,18,2,wk flu hosp rate change,2024-01-20,pmf,increase,0.2
2024-01-06,18,2,wk flu hosp rate change,2024-01-20,pmf,large_decrease,0.2
2024-01-06,18,2,wk flu hosp rate change,2024-01-20,pmf,large_increase,0.2
2024-01-06,18,2,wk flu hosp rate change,2024-01-20,pmf,stable,0.2
2024-01-06,19,2,wk flu hosp rate change,2024-01-20,pmf,decrease,0.2
2024-01-06,19,2,wk flu hosp rate change,2024-01-20,pmf,increase,0.2
2024-01-06,19,2,wk flu hosp rate change,2024-01-20,pmf,large_decrease,0.2
2024-01-06,19,2,wk flu hosp rate change,2024-01-20,pmf,large_increase,0.2
2024-01-06,19,2,wk flu hosp rate change,2024-01-20,pmf,stable,0.2
2024-01-06,20,2,wk flu hosp rate change,2024-01-20,pmf,decrease,0.2
2024-01-06,20,2,wk flu hosp rate change,2024-01-20,pmf,increase,0.2
2024-01-06,20,2,wk flu hosp rate change,2024-01-20,pmf,large_decrease,0.2
2024-01-06,20,2,wk flu hosp rate change,2024-01-20,pmf,large_increase,0.2
2024-01-06,20,2,wk flu hosp rate change,2024-01-20,pmf,stable,0.2
2024-01-06,21,2,wk flu hosp rate change,2024-01-20,pmf,decrease,0.2
2024-01-06,21,2,wk flu hosp rate change,2024-01-20,pmf,increase,0.2
2024-01-06,21,2,wk flu hosp rate change,2024-01-20,pmf,large_decrease,0.2
2024-01-06,21,2,wk flu hosp rate change,2024-01-20,pmf,large_increase,0.2
2024-01-06,21,2,wk flu hosp rate change,2024-01-20,pmf,stable,0.2
2024-01-06,22,2,wk flu hosp rate change,2024-01-20,pmf,decrease,0.2
2024-01-06,22,2,wk flu hosp rate change,2024-01-20,pmf,increase,0.2
2024-01-06,22,2,wk flu hosp rate change,2024-01-20,pmf,large_decrease,0.2
2024-01-06,22,2,wk flu hosp rate change,2024-01-20,pmf,large_increase,0.2
2024-01-06,22,2,wk flu hosp rate change,2024-01-20,pmf,stable,0.2
2024-01-06,23,2,wk flu hosp rate change,2024-01-20,pmf,decrease,0.2
2024-01-06,23,2,wk flu hosp rate change,2024-01-20,pmf,increase,0.2
2024-01-06,23,2,wk flu hosp rate change,2024-01-20,pmf,large_decrease,0.2
2024-01-06,23,2,wk flu hosp rate change,2024-01-20,pmf,large_increase,0.2
2024-01-06,23,2,wk flu hosp rate change,2024-01-20,pmf,stable,0.2
2024-01-06,24,2,wk flu hosp rate change,2024-01-20,pmf,decrease,0.2
2024-01-06,24,2,wk flu hosp rate change,2024-01-20,pmf,increase,0.2
2024-01-06,24,2,wk flu hosp rate change,2024-01-20,pmf,large_decrease,0.2
2024-01-06,24,2,wk flu hosp rate change,2024-01-20,pmf,large_increase,0.2
2024-01-06,24,2,wk flu hosp rate change,2024-01-20,pmf,stable,0.2
2024-01-06,25,2,wk flu hosp rate change,2024-01-20,pmf,decrease,0.2
2024-01-06,25,2,wk flu hosp rate change,2024-01-20,pmf,increase,0.2
2024-01-06,25,2,wk flu hosp rate change,2024-01-20,pmf,large_decrease,0.2
2024-01-06,25,2,wk flu hosp rate change,2024-01-20,pmf,large_increase,0.2
2024-01-06,25,2,wk flu hosp rate change,2024-01-20,pmf,stable,0.2
2024-01-06,26,2,wk flu hosp rate change,2024-01-20,pmf,decrease,0.2
2024-01-06,26,2,wk flu hosp rate change,2024-01-20,pmf,increase,0.2
2024-01-06,26,2,wk flu hosp rate change,2024-01-20,pmf,large_decrease,0.2
2024-01-06,26,2,wk flu hosp rate change,2024-01-20,pmf,large_increase,0.2
2024-01-06,26,2,wk flu hosp rate change,2024-01-20,pmf,stable,0.2
2024-01-06,27,2,wk flu hosp rate change,2024-01-20,pmf,decrease,0.2
2024-01-06,27,2,wk flu hosp rate change,2024-01-20,pmf,increase,0.2
2024-01-06,27,2,wk flu hosp rate change,2024-01-20,pmf,large_decrease,0.2
2024-01-06,27,2,wk flu hosp rate change,2024-01-20,pmf,large_increase,0.2
2024-01-06,27,2,wk flu hosp rate change,2024-01-20,pmf,stable,0.2
2024-01-06,28,2,wk flu hosp rate change,2024-01-20,pmf,decrease,0.2
2024-01-06,28,2,wk flu hosp rate change,2024-01-20,pmf,increase,0.2
2024-01-06,28,2,wk flu hosp rate change,2024-01-20,pmf,large_decrease,0.2
2024-01-06,28,2,wk flu hosp rate change,2024-01-20,pmf,large_increase,0.2
2024-01-06,28,2,wk flu hosp rate change,2024-01-20,pmf,stable,0.2
2024-01-06,29,2,wk flu hosp rate change,2024-01-20,pmf,decrease,0.2
2024-01-06,29,2,wk flu hosp rate change,2024-01-20,pmf,increase,0.2
2024-01-06,29,2,wk flu hosp rate change,2024-01-20,pmf,large_decrease,0.2
2024-01-06,29,2,wk flu hosp rate change,2024-01-20,pmf,large_increase,0.2
2024-01-06,29,2,wk flu hosp rate change,2024-01-20,pmf,stable,0.2
2024-01-06,30,2,wk flu hosp rate change,2024-01-20,pmf,decrease,0.2
2024-01-06,30,2,wk flu hosp rate change,2024-01-20,pmf,increase,0.2
2024-01-06,30,2,wk flu hosp rate change,2024-01-20,pmf,large_decrease,0.2
2024-01-06,30,2,wk flu hosp rate change,2024-01-20,pmf,large_increase,0.2
2024-01-06,30,2,wk flu hosp rate change,2024-01-20,pmf,stable,0.2
2024-01-06,31,2,wk flu hosp rate change,2024-01-20,pmf,decrease,0.2
2024-01-06,31,2,wk flu hosp rate change,2024-01-20,pmf,increase,0.2
2024-01-06,31,2,wk flu hosp rate change,2024-01-20,pmf,large_decrease,0.2
2024-01-06,31,2,wk flu hosp rate change,2024-01-20,pmf,large_increase,0.2
2024-01-06,31,2,wk flu hosp rate change,2024-01-20,pmf,stable,0.2
2024-01-06,32,2,wk flu hosp rate change,2024-01-20,pmf,decrease,0.2
2024-01-06,32,2,wk flu hosp rate change,2024-01-20,pmf,increase,0.2
2024-01-06,32,2,wk flu hosp rate change,2024-01-20,pmf,large_decrease,0.2
2024-01-06,32,2,wk flu hosp rate change,2024-01-20,pmf,large_increase,0.2
2024-01-06,32,2,wk flu hosp rate change,2024-01-20,pmf,stable,0.2
2024-01-06,33,2,wk flu hosp rate change,2024-01-20,pmf,decrease,0.2
2024-01-06,33,2,wk flu hosp rate change,2024-01-20,pmf,increase,0.2
2024-01-06,33,2,wk flu hosp rate change,2024-01-20,pmf,large_decrease,0.2
2024-01-06,33,2,wk flu hosp rate change,2024-01-20,pmf,large_increase,0.2
2024-01-06,33,2,wk flu hosp rate change,2024-01-20,pmf,stable,0.2
2024-01-06,34,2,wk flu hosp rate change,2024-01-20,pmf,decrease,0.2
2024-01-06,34,2,wk flu hosp rate change,2024-01-20,pmf,increase,0.2
2024-01-06,34,2,wk flu hosp rate change,2024-01-20,pmf,large_decrease,0.2
2024-01-06,34,2,wk flu hosp rate change,2024-01-20,pmf,large_increase,0.2
2024-01-06,34,2,wk flu hosp rate change,2024-01-20,pmf,stable,0.2
2024-01-06,35,2,wk flu hosp rate change,2024-01-20,pmf,decrease,0.2
2024-01-06,35,2,wk flu hosp rate change,2024-01-20,pmf,increase,0.2
2024-01-06,35,2,wk flu hosp rate change,2024-01-20,pmf,large_decrease,0.2
2024-01-06,35,2,wk flu hosp rate change,2024-01-20,pmf,large_increase,0.2
2024-01-06,35,2,wk flu hosp rate change,2024-01-20,pmf,stable,0.2
2024-01-06,36,2,wk flu hosp rate change,2024-01-20,pmf,decrease,0.2
2024-01-06,36,2,wk flu hosp rate change,2024-01-20,pmf,increase,0.2
2024-01-06,36,2,wk flu hosp rate change,2024-01-20,pmf,large_decrease,0.2
2024-01-06,36,2,wk flu hosp rate change,2024-01-20,pmf,large_increase,0.2
2024-01-06,36,2,wk flu hosp rate change,2024-01-20,pmf,stable,0.2
2024-01-06,37,2,wk flu hosp rate change,2024-01-20,pmf,decrease,0.2
2024-01-06,37,2,wk flu hosp rate change,2024-01-20,pmf,increase,0.2
2024-01-06,37,2,wk flu hosp rate change,2024-01-20,pmf,large_decrease,0.2
2024-01-06,37,2,wk flu hosp rate change,2024-01-20,pmf,large_increase,0.2
2024-01-06,37,2,wk flu hosp rate change,2024-01-20,pmf,stable,0.2
2024-01-06,38,2,wk flu hosp rate change,2024-01-20,pmf,decrease,0.2
2024-01-06,38,2,wk flu hosp rate change,2024-01-20,pmf,increase,0.2
2024-01-06,38,2,wk flu hosp rate change,2024-01-20,pmf,large_decrease,0.2
2024-01-06,38,2,wk flu hosp rate change,2024-01-20,pmf,large_increase,0.2
2024-01-06,38,2,wk flu hosp rate change,2024-01-20,pmf,stable,0.2
2024-01-06,39,2,wk flu hosp rate change,2024-01-20,pmf,decrease,0.2
2024-01-06,39,2,wk flu hosp rate change,2024-01-20,pmf,increase,0.2
2024-01-06,39,2,wk flu hosp rate change,2024-01-20,pmf,large_decrease,0.2
2024-01-06,39,2,wk flu hosp rate change,2024-01-20,pmf,large_increase,0.2
2024-01-06,39,2,wk flu hosp rate change,2024-01-20,pmf,stable,0.2
2024-01-06,40,2,wk flu hosp rate change,2024-01-20,pmf,decrease,0.2
2024-01-06,40,2,wk flu hosp rate change,2024-01-20,pmf,increase,0.2
2024-01-06,40,2,wk flu hosp rate change,2024-01-20,pmf,large_decrease,0.2
2024-01-06,40,2,wk flu hosp rate change,2024-01-20,pmf,large_increase,0.2
2024-01-06,40,2,wk flu hosp rate change,2024-01-20,pmf,stable,0.2
2024-01-06,41,2,wk flu hosp rate change,2024-01-20,pmf,decrease,0.2
2024-01-06,41,2,wk flu hosp rate change,2024-01-20,pmf,increase,0.2
2024-01-06,41,2,wk flu hosp rate change,2024-01-20,pmf,large_decrease,0.2
2024-01-06,41,2,wk flu hosp rate change,2024-01-20,pmf,large_increase,0.2
2024-01-06,41,2,wk flu hosp rate change,2024-01-20,pmf,stable,0.2
2024-01-06,42,2,wk flu hosp rate change,2024-01-20,pmf,decrease,0.2
2024-01-06,42,2,wk flu hosp rate change,2024-01-20,pmf,increase,0.2
2024-01-06,42,2,wk flu hosp rate change,2024-01-20,pmf,large_decrease,0.2
2024-01-06,42,2,wk flu hosp rate change,2024-01-20,pmf,large_increase,0.2
2024-01-06,42,2,wk flu hosp rate change,2024-01-20,pmf,stable,0.2
2024-01-06,44,2,wk flu hosp rate change,2024-01-20,pmf,decrease,0.2
2024-01-06,44,2,wk flu hosp rate change,2024-01-20,pmf,increase,0.2
2024-01-06,44,2,wk flu hosp rate change,2024-01-20,pmf,large_decrease,0.2
2024-01-06,44,2,wk flu hosp rate change,2024-01-20,pmf,large_increase,0.2
2024-01-06,44,2,wk flu hosp rate change,2024-01-20,pmf,stable,0.2
2024-01-06,45,2,wk flu hosp rate change,2024-01-20,pmf,decrease,0.2
2024-01-06,45,2,wk flu hosp rate change,2024-01-20,pmf,increase,0.2
2024-01-06,45,2,wk flu hosp rate change,2024-01-20,pmf,large_decrease,0.2
2024-01-06,45,2,wk flu hosp rate change,2024-01-20,pmf,large_increase,0.2
2024-01-06,45,2,wk flu hosp rate change,2024-01-20,pmf,stable,0.2
2024-01-06,46,2,wk flu hosp rate change,2024-01-20,pmf,decrease,0.2
2024-01-06,46,2,wk flu hosp rate change,2024-01-20,pmf,increase,0.2
2024-01-06,46,2,wk flu hosp rate change,2024-01-20,pmf,large_decrease,0.2
2024-01-06,46,2,wk flu hosp rate change,2024-01-20,pmf,large_increase,0.2
2024-01-06,46,2,wk flu hosp rate change,2024-01-20,pmf,stable,0.2
2024-01-06,47,2,wk flu hosp rate change,2024-01-20,pmf,decrease,0.2
2024-01-06,47,2,wk flu hosp rate change,2024-01-20,pmf,increase,0.2
2024-01-06,47,2,wk flu hosp rate change,2024-01-20,pmf,large_decrease,0.2
2024-01-06,47,2,wk flu hosp rate change,2024-01-20,pmf,large_increase,0.2
2024-01-06,47,2,wk flu hosp rate change,2024-01-20,pmf,stable,0.2
2024-01-06,48,2,wk flu hosp rate change,2024-01-20,pmf,decrease,0.2
2024-01-06,48,2,wk flu hosp rate change,2024-01-20,pmf,increase,0.2
2024-01-06,48,2,wk flu hosp rate change,2024-01-20,pmf,large_decrease,0.2
2024-01-06,48,2,wk flu hosp rate change,2024-01-20,pmf,large_increase,0.2
2024-01-06,48,2,wk flu hosp rate change,2024-01-20,pmf,stable,0.2
2024-01-06,49,2,wk flu hosp rate change,2024-01-20,pmf,decrease,0.2
2024-01-06,49,2,wk flu hosp rate change,2024-01-20,pmf,increase,0.2
2024-01-06,49,2,wk flu hosp rate change,2024-01-20,pmf,large_decrease,0.2
2024-01-06,49,2,wk flu hosp rate change,2024-01-20,pmf,large_increase,0.2
2024-01-06,49,2,wk flu hosp rate change,2024-01-20,pmf,stable,0.2
2024-01-06,50,2,wk flu hosp rate change,2024-01-20,pmf,decrease,0.2
2024-01-06,50,2,wk flu hosp rate change,2024-01-20,pmf,increase,0.2
2024-01-06,50,2,wk flu hosp rate change,2024-01-20,pmf,large_decrease,0.2
2024-01-06,50,2,wk flu hosp rate change,2024-01-20,pmf,large_increase,0.2
2024-01-06,50,2,wk flu hosp rate change,2024-01-20,pmf,stable,0.2
2024-01-06,51,2,wk flu hosp rate change,2024-01-20,pmf,decrease,0.2
2024-01-06,51,2,wk flu hosp rate change,2024-01-20,pmf,increase,0.2
2024-01-06,51,2,wk flu hosp rate change,2024-01-20,pmf,large_decrease,0.2
2024-01-06,51,2,wk flu hosp rate change,2024-01-20,pmf,large_increase,0.2
2024-01-06,51,2,wk flu hosp rate change,2024-01-20,pmf,stable,0.2
2024-01-06,53,2,wk flu hosp rate change,2024-01-20,pmf,decrease,0.2
2024-01-06,53,2,wk flu hosp rate change,2024-01-20,pmf,increase,0.2
2024-01-06,53,2,wk flu hosp rate change,2024-01-20,pmf,large_decrease,0.2
2024-01-06,53,2,wk flu hosp rate change,2024-01-20,pmf,large_increase,0.2
2024-01-06,53,2,wk flu hosp rate change,2024-01-20,pmf,stable,0.2
2024-01-06,54,2,wk flu hosp rate change,2024-01-20,pmf,decrease,0.2
2024-01-06,54,2,wk flu hosp rate change,2024-01-20,pmf,increase,0.2
2024-01-06,54,2,wk flu hosp rate change,2024-01-20,pmf,large_decrease,0.2
2024-01-06,54,2,wk flu hosp rate change,2024-01-20,pmf,large_increase,0.2
2024-01-06,54,2,wk flu hosp rate change,2024-01-20,pmf,stable,0.2
2024-01-06,55,2,wk flu hosp rate change,2024-01-20,pmf,decrease,0.2
2024-01-06,55,2,wk flu hosp rate change,2024-01-20,pmf,increase,0.2
2024-01-06,55,2,wk flu hosp rate change,2024-01-20,pmf,large_decrease,0.2
2024-01-06,55,2,wk flu hosp rate change,2024-01-20,pmf,large_increase,0.2
2024-01-06,55,2,wk flu hosp rate change,2024-01-20,pmf,stable,0.2
2024-01-06,56,2,wk flu hosp rate change,2024-01-20,pmf,decrease,0.2
2024-01-06,56,2,wk flu hosp rate change,2024-01-20,pmf,increase,0.2
2024-01-06,56,2,wk flu hosp rate change,2024-01-20,pmf,large_decrease,0.2
2024-01-06,56,2,wk flu hosp rate change,2024-01-20,pmf,large_increase,0.2
2024-01-06,56,2,wk flu hosp rate change,2024-01-20,pmf,stable,0.2
2024-01-06,72,2,wk flu hosp rate change,2024-01-20,pmf,decrease,0.2
2024-01-06,72,2,wk flu hosp rate change,2024-01-20,pmf,increase,0.2
2024-01-06,72,2,wk flu hosp rate change,2024-01-20,pmf,large_decrease,0.2
2024-01-06,72,2,wk flu hosp rate change,2024-01-20,pmf,large_increase,0.2
2024-01-06,72,2,wk flu hosp rate change,2024-01-20,pmf,stable,0.2
2024-01-06,US,2,wk flu hosp rate change,2024-01-20,pmf,decrease,0.2
2024-01-06,US,2,wk flu hosp rate change,2024-01-20,pmf,increase,0.2
2024-01-06,US,2,wk flu hosp rate change,2024-01-20,pmf,large_decrease,0.2
2024-01-06,US,2,wk flu hosp rate change,2024-01-20,pmf,large_increase,0.2
2024-01-06,US,2,wk flu hosp rate change,2024-01-20,pmf,stable,0.2
2024-01-06,01,3,wk flu hosp rate change,2024-01-27,pmf,decrease,0.2
2024-01-06,01,3,wk flu hosp rate change,2024-01-27,pmf,increase,0.2
2024-01-06,01,3,wk flu hosp rate change,2024-01-27,pmf,large_decrease,0.2
2024-01-06,01,3,wk flu hosp rate change,2024-01-27,pmf,large_increase,0.2
2024-01-06,01,3,wk flu hosp rate change,2024-01-27,pmf,stable,0.2
2024-01-06,02,3,wk flu hosp rate change,2024-01-27,pmf,decrease,0.2
2024-01-06,02,3,wk flu hosp rate change,2024-01-27,pmf,increase,0.2
2024-01-06,02,3,wk flu hosp rate change,2024-01-27,pmf,large_decrease,0.2
2024-01-06,02,3,wk flu hosp rate change,2024-01-27,pmf,large_increase,0.2
2024-01-06,02,3,wk flu hosp rate change,2024-01-27,pmf,stable,0.2
2024-01-06,04,3,wk flu hosp rate change,2024-01-27,pmf,decrease,0.2
2024-01-06,04,3,wk flu hosp rate change,2024-01-27,pmf,increase,0.2
2024-01-06,04,3,wk flu hosp rate change,2024-01-27,pmf,large_decrease,0.2
2024-01-06,04,3,wk flu hosp rate change,2024-01-27,pmf,large_increase,0.2
2024-01-06,04,3,wk flu hosp rate change,2024-01-27,pmf,stable,0.2
2024-01-06,05,3,wk flu hosp rate change,2024-01-27,pmf,decrease,0.2
2024-01-06,05,3,wk flu hosp rate change,2024-01-27,pmf,increase,0.2
2024-01-06,05,3,wk flu hosp rate change,2024-01-27,pmf,large_decrease,0.2
2024-01-06,05,3,wk flu hosp rate change,2024-01-27,pmf,large_increase,0.2
2024-01-06,05,3,wk flu hosp rate change,2024-01-27,pmf,stable,0.2
2024-01-06,06,3,wk flu hosp rate change,2024-01-27,pmf,decrease,0.2
2024-01-06,06,3,wk flu hosp rate change,2024-01-27,pmf,increase,0.2
2024-01-06,06,3,wk flu hosp rate change,2024-01-27,pmf,large_decrease,0.2
2024-01-06,06,3,wk flu hosp rate change,2024-01-27,pmf,large_increase,0.2
2024-01-06,06,3,wk flu hosp rate change,2024-01-27,pmf,stable,0.2
2024-01-06,08,3,wk flu hosp rate change,2024-01-27,pmf,decrease,0.2
2024-01-06,08,3,wk flu hosp rate change,2024-01-27,pmf,increase,0.2
2024-01-06,08,3,wk flu hosp rate change,2024-01-27,pmf,large_decrease,0.2
2024-01-06,08,3,wk flu hosp rate change,2024-01-27,pmf,large_increase,0.2
2024-01-06,08,3,wk flu hosp rate change,2024-01-27,pmf,stable,0.2
2024-01-06,09,3,wk flu hosp rate change,2024-01-27,pmf,decrease,0.2
2024-01-06,09,3,wk flu hosp rate change,2024-01-27,pmf,increase,0.2
2024-01-06,09,3,wk flu hosp rate change,2024-01-27,pmf,large_decrease,0.2
2024-01-06,09,3,wk flu hosp rate change,2024-01-27,pmf,large_increase,0.2
2024-01-06,09,3,wk flu hosp rate change,2024-01-27,pmf,stable,0.2
2024-01-06,10,3,wk flu hosp rate change,2024-01-27,pmf,decrease,0.2
2024-01-06,10,3,wk flu hosp rate change,2024-01-27,pmf,increase,0.2
2024-01-06,10,3,wk flu hosp rate change,2024-01-27,pmf,large_decrease,0.2
2024-01-06,10,3,wk flu hosp rate change,2024-01-27,pmf,large_increase,0.2
2024-01-06,10,3,wk flu hosp rate change,2024-01-27,pmf,stable,0.2
2024-01-06,11,3,wk flu hosp rate change,2024-01-27,pmf,decrease,0.2
2024-01-06,11,3,wk flu hosp rate change,2024-01-27,pmf,increase,0.2
2024-01-06,11,3,wk flu hosp rate change,2024-01-27,pmf,large_decrease,0.2
2024-01-06,11,3,wk flu hosp rate change,2024-01-27,pmf,large_increase,0.2
2024-01-06,11,3,wk flu hosp rate change,2024-01-27,pmf,stable,0.2
2024-01-06,12,3,wk flu hosp rate change,2024-01-27,pmf,decrease,0.2
2024-01-06,12,3,wk flu hosp rate change,2024-01-27,pmf,increase,0.2
2024-01-06,12,3,wk flu hosp rate change,2024-01-27,pmf,large_decrease,0.2
2024-01-06,12,3,wk flu hosp rate change,2024-01-27,pmf,large_increase,0.2
2024-01-06,12,3,wk flu hosp rate change,2024-01-27,pmf,stable,0.2
2024-01-06,13,3,wk flu hosp rate change,2024-01-27,pmf,decrease,0.2
2024-01-06,13,3,wk flu hosp rate change,2024-01-27,pmf,increase,0.2
2024-01-06,13,3,wk flu hosp rate change,2024-01-27,pmf,large_decrease,0.2
2024-01-06,13,3,wk flu hosp rate change,2024-01-27,pmf,large_increase,0.2
2024-01-06,13,3,wk flu hosp rate change,2024-01-27,pmf,stable,0.2
2024-01-06,15,3,wk flu hosp rate change,2024-01-27,pmf,decrease,0.2
2024-01-06,15,3,wk flu hosp rate change,2024-01-27,pmf,increase,0.2
2024-01-06,15,3,wk flu hosp rate change,2024-01-27,pmf,large_decrease,0.2
2024-01-06,15,3,wk flu hosp rate change,2024-01-27,pmf,large_increase,0.2
2024-01-06,15,3,wk flu hosp rate change,2024-01-27,pmf,stable,0.2
2024-01-06,16,3,wk flu hosp rate change,2024-01-27,pmf,decrease,0.2
2024-01-06,16,3,wk flu hosp rate change,2024-01-27,pmf,increase,0.2
2024-01-06,16,3,wk flu hosp rate change,2024-01-27,pmf,large_decrease,0.2
2024-01-06,16,3,wk flu hosp rate change,2024-01-27,pmf,large_increase,0.2
2024-01-06,16,3,wk flu hosp rate change,2024-01-27,pmf,stable,0.2
2024-01-06,17,3,wk flu hosp rate change,2024-01-27,pmf,decrease,0.2
2024-01-06,17,3,wk flu hosp rate change,2024-01-27,pmf,increase,0.2
2024-01-06,17,3,wk flu hosp rate change,2024-01-27,pmf,large_decrease,0.2
2024-01-06,17,3,wk flu hosp rate change,2024-01-27,pmf,large_increase,0.2
2024-01-06,17,3,wk flu hosp rate change,2024-01-27,pmf,stable,0.2
2024-01-06,18,3,wk flu hosp rate change,2024-01-27,pmf,decrease,0.2
2024-01-06,18,3,wk flu hosp rate change,2024-01-27,pmf,increase,0.2
2024-01-06,18,3,wk flu hosp rate change,2024-01-27,pmf,large_decrease,0.2
2024-01-06,18,3,wk flu hosp rate change,2024-01-27,pmf,large_increase,0.2
2024-01-06,18,3,wk flu hosp rate change,2024-01-27,pmf,stable,0.2
2024-01-06,19,3,wk flu hosp rate change,2024-01-27,pmf,decrease,0.2
2024-01-06,19,3,wk flu hosp rate change,2024-01-27,pmf,increase,0.2
2024-01-06,19,3,wk flu hosp rate change,2024-01-27,pmf,large_decrease,0.2
2024-01-06,19,3,wk flu hosp rate change,2024-01-27,pmf,large_increase,0.2
2024-01-06,19,3,wk flu hosp rate change,2024-01-27,pmf,stable,0.2
2024-01-06,20,3,wk flu hosp rate change,2024-01-27,pmf,decrease,0.2
2024-01-06,20,3,wk flu hosp rate change,2024-01-27,pmf,increase,0.2
2024-01-06,20,3,wk flu hosp rate change,2024-01-27,pmf,large_decrease,0.2
2024-01-06,20,3,wk flu hosp rate change,2024-01-27,pmf,large_increase,0.2
2024-01-06,20,3,wk flu hosp rate change,2024-01-27,pmf,stable,0.2
2024-01-06,21,3,wk flu hosp rate change,2024-01-27,pmf,decrease,0.2
2024-01-06,21,3,wk flu hosp rate change,2024-01-27,pmf,increase,0.2
2024-01-06,21,3,wk flu hosp rate change,2024-01-27,pmf,large_decrease,0.2
2024-01-06,21,3,wk flu hosp rate change,2024-01-27,pmf,large_increase,0.2
2024-01-06,21,3,wk flu hosp rate change,2024-01-27,pmf,stable,0.2
2024-01-06,22,3,wk flu hosp rate change,2024-01-27,pmf,decrease,0.2
2024-01-06,22,3,wk flu hosp rate change,2024-01-27,pmf,increase,0.2
2024-01-06,22,3,wk flu hosp rate change,2024-01-27,pmf,large_decrease,0.2
2024-01-06,22,3,wk flu hosp rate change,2024-01-27,pmf,large_increase,0.2
2024-01-06,22,3,wk flu hosp rate change,2024-01-27,pmf,stable,0.2
2024-01-06,23,3,wk flu hosp rate change,2024-01-27,pmf,decrease,0.2
2024-01-06,23,3,wk flu hosp rate change,2024-01-27,pmf,increase,0.2
2024-01-06,23,3,wk flu hosp rate change,2024-01-27,pmf,large_decrease,0.2
2024-01-06,23,3,wk flu hosp rate change,2024-01-27,pmf,large_increase,0.2
2024-01-06,23,3,wk flu hosp rate change,2024-01-27,pmf,stable,0.2
2024-01-06,24,3,wk flu hosp rate change,2024-01-27,pmf,decrease,0.2
2024-01-06,24,3,wk flu hosp rate change,2024-01-27,pmf,increase,0.2
2024-01-06,24,3,wk flu hosp rate change,2024-01-27,pmf,large_decrease,0.2
2024-01-06,24,3,wk flu hosp rate change,2024-01-27,pmf,large_increase,0.2
2024-01-06,24,3,wk flu hosp rate change,2024-01-27,pmf,stable,0.2
2024-01-06,25,3,wk flu hosp rate change,2024-01-27,pmf,decrease,0.2
2024-01-06,25,3,wk flu hosp rate change,2024-01-27,pmf,increase,0.2
2024-01-06,25,3,wk flu hosp rate change,2024-01-27,pmf,large_decrease,0.2
2024-01-06,25,3,wk flu hosp rate change,2024-01-27,pmf,large_increase,0.2
2024-01-06,25,3,wk flu hosp rate change,2024-01-27,pmf,stable,0.2
2024-01-06,26,3,wk flu hosp rate change,2024-01-27,pmf,decrease,0.2
2024-01-06,26,3,wk flu hosp rate change,2024-01-27,pmf,increase,0.2
2024-01-06,26,3,wk flu hosp rate change,2024-01-27,pmf,large_decrease,0.2
2024-01-06,26,3,wk flu hosp rate change,2024-01-27,pmf,large_increase,0.2
2024-01-06,26,3,wk flu hosp rate change,2024-01-27,pmf,stable,0.2
2024-01-06,27,3,wk flu hosp rate change,2024-01-27,pmf,decrease,0.2
2024-01-06,27,3,wk flu hosp rate change,2024-01-27,pmf,increase,0.2
2024-01-06,27,3,wk flu hosp rate change,2024-01-27,pmf,large_decrease,0.2
2024-01-06,27,3,wk flu hosp rate change,2024-01-27,pmf,large_increase,0.2
2024-01-06,27,3,wk flu hosp rate change,2024-01-27,pmf,stable,0.2
2024-01-06,28,3,wk flu hosp rate change,2024-01-27,pmf,decrease,0.2
2024-01-06,28,3,wk flu hosp rate change,2024-01-27,pmf,increase,0.2
2024-01-06,28,3,wk flu hosp rate change,2024-01-27,pmf,large_decrease,0.2
2024-01-06,28,3,wk flu hosp rate change,2024-01-27,pmf,large_increase,0.2
2024-01-06,28,3,wk flu hosp rate change,2024-01-27,pmf,stable,0.2
2024-01-06,29,3,wk flu hosp rate change,2024-01-27,pmf,decrease,0.2
2024-01-06,29,3,wk flu hosp rate change,2024-01-27,pmf,increase,0.2
2024-01-06,29,3,wk flu hosp rate change,2024-01-27,pmf,large_decrease,0.2
2024-01-06,29,3,wk flu hosp rate change,2024-01-27,pmf,large_increase,0.2
2024-01-06,29,3,wk flu hosp rate change,2024-01-27,pmf,stable,0.2
2024-01-06,30,3,wk flu hosp rate change,2024-01-27,pmf,decrease,0.2
2024-01-06,30,3,wk flu hosp rate change,2024-01-27,pmf,increase,0.2
2024-01-06,30,3,wk flu hosp rate change,2024-01-27,pmf,large_decrease,0.2
2024-01-06,30,3,wk flu hosp rate change,2024-01-27,pmf,large_increase,0.2
2024-01-06,30,3,wk flu hosp rate change,2024-01-27,pmf,stable,0.2
2024-01-06,31,3,wk flu hosp rate change,2024-01-27,pmf,decrease,0.2
2024-01-06,31,3,wk flu hosp rate change,2024-01-27,pmf,increase,0.2
2024-01-06,31,3,wk flu hosp rate change,2024-01-27,pmf,large_decrease,0.2
2024-01-06,31,3,wk flu hosp rate change,2024-01-27,pmf,large_increase,0.2
2024-01-06,31,3,wk flu hosp rate change,2024-01-27,pmf,stable,0.2
2024-01-06,32,3,wk flu hosp rate change,2024-01-27,pmf,decrease,0.2
2024-01-06,32,3,wk flu hosp rate change,2024-01-27,pmf,increase,0.2
2024-01-06,32,3,wk flu hosp rate change,2024-01-27,pmf,large_decrease,0.2
2024-01-06,32,3,wk flu hosp rate change,2024-01-27,pmf,large_increase,0.2
2024-01-06,32,3,wk flu hosp rate change,2024-01-27,pmf,stable,0.2
2024-01-06,33,3,wk flu hosp rate change,2024-01-27,pmf,decrease,0.2
2024-01-06,33,3,wk flu hosp rate change,2024-01-27,pmf,increase,0.2
2024-01-06,33,3,wk flu hosp rate change,2024-01-27,pmf,large_decrease,0.2
2024-01-06,33,3,wk flu hosp rate change,2024-01-27,pmf,large_increase,0.2
2024-01-06,33,3,wk flu hosp rate change,2024-01-27,pmf,stable,0.2
2024-01-06,34,3,wk flu hosp rate change,2024-01-27,pmf,decrease,0.2
2024-01-06,34,3,wk flu hosp rate change,2024-01-27,pmf,increase,0.2
2024-01-06,34,3,wk flu hosp rate change,2024-01-27,pmf,large_decrease,0.2
2024-01-06,34,3,wk flu hosp rate change,2024-01-27,pmf,large_increase,0.2
2024-01-06,34,3,wk flu hosp rate change,2024-01-27,pmf,stable,0.2
2024-01-06,35,3,wk flu hosp rate change,2024-01-27,pmf,decrease,0.2
2024-01-06,35,3,wk flu hosp rate change,2024-01-27,pmf,increase,0.2
2024-01-06,35,3,wk flu hosp rate change,2024-01-27,pmf,large_decrease,0.2
2024-01-06,35,3,wk flu hosp rate change,2024-01-27,pmf,large_increase,0.2
2024-01-06,35,3,wk flu hosp rate change,2024-01-27,pmf,stable,0.2
2024-01-06,36,3,wk flu hosp rate change,2024-01-27,pmf,decrease,0.2
2024-01-06,36,3,wk flu hosp rate change,2024-01-27,pmf,increase,0.2
2024-01-06,36,3,wk flu hosp rate change,2024-01-27,pmf,large_decrease,0.2
2024-01-06,36,3,wk flu hosp rate change,2024-01-27,pmf,large_increase,0.2
2024-01-06,36,3,wk flu hosp rate change,2024-01-27,pmf,stable,0.2
2024-01-06,37,3,wk flu hosp rate change,2024-01-27,pmf,decrease,0.2
2024-01-06,37,3,wk flu hosp rate change,2024-01-27,pmf,increase,0.2
2024-01-06,37,3,wk flu hosp rate change,2024-01-27,pmf,large_decrease,0.2
2024-01-06,37,3,wk flu hosp rate change,2024-01-27,pmf,large_increase,0.2
2024-01-06,37,3,wk flu hosp rate change,2024-01-27,pmf,stable,0.2
2024-01-06,38,3,wk flu hosp rate change,2024-01-27,pmf,decrease,0.2
2024-01-06,38,3,wk flu hosp rate change,2024-01-27,pmf,increase,0.2
2024-01-06,38,3,wk flu hosp rate change,2024-01-27,pmf,large_decrease,0.2
2024-01-06,38,3,wk flu hosp rate change,2024-01-27,pmf,large_increase,0.2
2024-01-06,38,3,wk flu hosp rate change,2024-01-27,pmf,stable,0.2
2024-01-06,39,3,wk flu hosp rate change,2024-01-27,pmf,decrease,0.2
2024-01-06,39,3,wk flu hosp rate change,2024-01-27,pmf,increase,0.2
2024-01-06,39,3,wk flu hosp rate change,2024-01-27,pmf,large_decrease,0.2
2024-01-06,39,3,wk flu hosp rate change,2024-01-27,pmf,large_increase,0.2
2024-01-06,39,3,wk flu hosp rate change,2024-01-27,pmf,stable,0.2
2024-01-06,40,3,wk flu hosp rate change,2024-01-27,pmf,decrease,0.2
2024-01-06,40,3,wk flu hosp rate change,2024-01-27,pmf,increase,0.2
2024-01-06,40,3,wk flu hosp rate change,2024-01-27,pmf,large_decrease,0.2
2024-01-06,40,3,wk flu hosp rate change,2024-01-27,pmf,large_increase,0.2
2024-01-06,40,3,wk flu hosp rate change,2024-01-27,pmf,stable,0.2
2024-01-06,41,3,wk flu hosp rate change,2024-01-27,pmf,decrease,0.2
2024-01-06,41,3,wk flu hosp rate change,2024-01-27,pmf,increase,0.2
2024-01-06,41,3,wk flu hosp rate change,2024-01-27,pmf,large_decrease,0.2
2024-01-06,41,3,wk flu hosp rate change,2024-01-27,pmf,large_increase,0.2
2024-01-06,41,3,wk flu hosp rate change,2024-01-27,pmf,stable,0.2
2024-01-06,42,3,wk flu hosp rate change,2024-01-27,pmf,decrease,0.2
2024-01-06,42,3,wk flu hosp rate change,2024-01-27,pmf,increase,0.2
2024-01-06,42,3,wk flu hosp rate change,2024-01-27,pmf,large_decrease,0.2
2024-01-06,42,3,wk flu hosp rate change,2024-01-27,pmf,large_increase,0.2
2024-01-06,42,3,wk flu hosp rate change,2024-01-27,pmf,stable,0.2
2024-01-06,44,3,wk flu hosp rate change,2024-01-27,pmf,decrease,0.2
2024-01-06,44,3,wk flu hosp rate change,2024-01-27,pmf,increase,0.2
2024-01-06,44,3,wk flu hosp rate change,2024-01-27,pmf,large_decrease,0.2
2024-01-06,44,3,wk flu hosp rate change,2024-01-27,pmf,large_increase,0.2
2024-01-06,44,3,wk flu hosp rate change,2024-01-27,pmf,stable,0.2
2024-01-06,45,3,wk flu hosp rate change,2024-01-27,pmf,decrease,0.2
2024-01-06,45,3,wk flu hosp rate change,2024-01-27,pmf,increase,0.2
2024-01-06,45,3,wk flu hosp rate change,2024-01-27,pmf,large_decrease,0.2
2024-01-06,45,3,wk flu hosp rate change,2024-01-27,pmf,large_increase,0.2
2024-01-06,45,3,wk flu hosp rate change,2024-01-27,pmf,stable,0.2
2024-01-06,46,3,wk flu hosp rate change,2024-01-27,pmf,decrease,0.2
2024-01-06,46,3,wk flu hosp rate change,2024-01-27,pmf,increase,0.2
2024-01-06,46,3,wk flu hosp rate change,2024-01-27,pmf,large_decrease,0.2
2024-01-06,46,3,wk flu hosp rate change,2024-01-27,pmf,large_increase,0.2
2024-01-06,46,3,wk flu hosp rate change,2024-01-27,pmf,stable,0.2
2024-01-06,47,3,wk flu hosp rate change,2024-01-27,pmf,decrease,0.2
2024-01-06,47,3,wk flu hosp rate change,2024-01-27,pmf,increase,0.2
2024-01-06,47,3,wk flu hosp rate change,2024-01-27,pmf,large_decrease,0.2
2024-01-06,47,3,wk flu hosp rate change,2024-01-27,pmf,large_increase,0.2
2024-01-06,47,3,wk flu hosp rate change,2024-01-27,pmf,stable,0.2
2024-01-06,48,3,wk flu hosp rate change,2024-01-27,pmf,decrease,0.2
2024-01-06,48,3,wk flu hosp rate change,2024-01-27,pmf,increase,0.2
2024-01-06,48,3,wk flu hosp rate change,2024-01-27,pmf,large_decrease,0.2
2024-01-06,48,3,wk flu hosp rate change,2024-01-27,pmf,large_increase,0.2
2024-01-06,48,3,wk flu hosp rate change,2024-01-27,pmf,stable,0.2
2024-01-06,49,3,wk flu hosp rate change,2024-01-27,pmf,decrease,0.2
2024-01-06,49,3,wk flu hosp rate change,2024-01-27,pmf,increase,0.2
2024-01-06,49,3,wk flu hosp rate change,2024-01-27,pmf,large_decrease,0.2
2024-01-06,49,3,wk flu hosp rate change,2024-01-27,pmf,large_increase,0.2
2024-01-06,49,3,wk flu hosp rate change,2024-01-27,pmf,stable,0.2
2024-01-06,50,3,wk flu hosp rate change,2024-01-27,pmf,decrease,0.2
2024-01-06,50,3,wk flu hosp rate change,2024-01-27,pmf,increase,0.2
2024-01-06,50,3,wk flu hosp rate change,2024-01-27,pmf,large_decrease,0.2
2024-01-06,50,3,wk flu hosp rate change,2024-01-27,pmf,large_increase,0.2
2024-01-06,50,3,wk flu hosp rate change,2024-01-27,pmf,stable,0.2
2024-01-06,51,3,wk flu hosp rate change,2024-01-27,pmf,decrease,0.2
2024-01-06,51,3,wk flu hosp rate change,2024-01-27,pmf,increase,0.2
2024-01-06,51,3,wk flu hosp rate change,2024-01-27,pmf,large_decrease,0.2
2024-01-06,51,3,wk flu hosp rate change,2024-01-27,pmf,large_increase,0.2
2024-01-06,51,3,wk flu hosp rate change,2024-01-27,pmf,stable,0.2
2024-01-06,53,3,wk flu hosp rate change,2024-01-27,pmf,decrease,0.2
2024-01-06,53,3,wk flu hosp rate change,2024-01-27,pmf,increase,0.2
2024-01-06,53,3,wk flu hosp rate change,2024-01-27,pmf,large_decrease,0.2
2024-01-06,53,3,wk flu hosp rate change,2024-01-27,pmf,large_increase,0.2
2024-01-06,53,3,wk flu hosp rate change,2024-01-27,pmf,stable,0.2
2024-01-06,54,3,wk flu hosp rate change,2024-01-27,pmf,decrease,0.2
2024-01-06,54,3,wk flu hosp rate change,2024-01-27,pmf,increase,0.2
2024-01-06,54,3,wk flu hosp rate change,2024-01-27,pmf,large_decrease,0.2
2024-01-06,54,3,wk flu hosp rate change,2024-01-27,pmf,large_increase,0.2
2024-01-06,54,3,wk flu hosp rate change,2024-01-27,pmf,stable,0.2
2024-01-06,55,3,wk flu hosp rate change,2024-01-27,pmf,decrease,0.2
2024-01-06,55,3,wk flu hosp rate change,2024-01-27,pmf,increase,0.2
2024-01-06,55,3,wk flu hosp rate change,2024-01-27,pmf,large_decrease,0.2
2024-01-06,55,3,wk flu hosp rate change,2024-01-27,pmf,large_increase,0.2
2024-01-06,55,3,wk flu hosp rate change,2024-01-27,pmf,stable,0.2
2024-01-06,56,3,wk flu hosp rate change,2024-01-27,pmf,decrease,0.2
2024-01-06,56,3,wk flu hosp rate change,2024-01-27,pmf,increase,0.2
2024-01-06,56,3,wk flu hosp rate change,2024-01-27,pmf,large_decrease,0.2
2024-01-06,56,3,wk flu hosp rate change,2024-01-27,pmf,large_increase,0.2
2024-01-06,56,3,wk flu hosp rate change,2024-01-27,pmf,stable,0.2
2024-01-06,72,3,wk flu hosp rate change,2024-01-27,pmf,decrease,0.2
2024-01-06,72,3,wk flu hosp rate change,2024-01-27,pmf,increase,0.2
2024-01-06,72,3,wk flu hosp rate change,2024-01-27,pmf,large_decrease,0.2
2024-01-06,72,3,wk flu hosp rate change,2024-01-27,pmf,large_increase,0.2
2024-01-06,72,3,wk flu hosp rate change,2024-01-27,pmf,stable,0.2
2024-01-06,US,3,wk flu hosp rate change,2024-01-27,pmf,decrease,0.2
2024-01-06,US,3,wk flu hosp rate change,2024-01-27,pmf,increase,0.2
2024-01-06,US,3,wk flu hosp rate change,2024-01-27,pmf,large_decrease,0.2
2024-01-06,US,3,wk flu hosp rate change,2024-01-27,pmf,large_increase,0.2
2024-01-06,US,3,wk flu hosp rate change,2024-01-27,pmf,stable,0.2
