reference_date,horizon,target,target_end_date,location,output_type,output_type_id,value
2025-05-17,0,wk flu hosp rate change,2025-05-17,01,pmf,decrease,0.194
2025-05-17,0,wk flu hosp rate change,2025-05-17,01,pmf,increase,0.1
2025-05-17,0,wk flu hosp rate change,2025-05-17,01,pmf,large_decrease,0
2025-05-17,0,wk flu hosp rate change,2025-05-17,01,pmf,large_increase,0.053
2025-05-17,0,wk flu hosp rate change,2025-05-17,01,pmf,stable,0.653
2025-05-17,1,wk flu hosp rate change,2025-05-24,01,pmf,decrease,0.136
2025-05-17,1,wk flu hosp rate change,2025-05-24,01,pmf,increase,0.083
2025-05-17,1,wk flu hosp rate change,2025-05-24,01,pmf,large_decrease,0.036
2025-05-17,1,wk flu hosp rate change,2025-05-24,01,pmf,large_increase,0.053
2025-05-17,1,wk flu hosp rate change,2025-05-24,01,pmf,stable,0.692
2025-05-17,2,wk flu hosp rate change,2025-05-31,01,pmf,decrease,0.137
2025-05-17,2,wk flu hosp rate change,2025-05-31,01,pmf,increase,0.071
2025-05-17,2,wk flu hosp rate change,2025-05-31,01,pmf,large_decrease,0.03
2025-05-17,2,wk flu hosp rate change,2025-05-31,01,pmf,large_increase,0.048
2025-05-17,2,wk flu hosp rate change,2025-05-31,01,pmf,stable,0.714
2025-05-17,3,wk flu hosp rate change,2025-06-07,01,pmf,decrease,0.15
2025-05-17,3,wk flu hosp rate change,2025-06-07,01,pmf,increase,0.09
2025-05-17,3,wk flu hosp rate change,2025-06-07,01,pmf,large_decrease,0.024
2025-05-17,3,wk flu hosp rate change,2025-06-07,01,pmf,large_increase,0.036
2025-05-17,3,wk flu hosp rate change,2025-06-07,01,pmf,stable,0.7
2025-05-17,0,wk flu hosp rate change,2025-05-17,02,pmf,decrease,0.059
2025-05-17,0,wk flu hosp rate change,2025-05-17,02,pmf,increase,0.006
2025-05-17,0,wk flu hosp rate change,2025-05-17,02,pmf,large_decrease,0
2025-05-17,0,wk flu hosp rate change,2025-05-17,02,pmf,large_increase,0.041
2025-05-17,0,wk flu hosp rate change,2025-05-17,02,pmf,stable,0.894
2025-05-17,1,wk flu hosp rate change,2025-05-24,02,pmf,decrease,0.036
2025-05-17,1,wk flu hosp rate change,2025-05-24,02,pmf,increase,0.065
2025-05-17,1,wk flu hosp rate change,2025-05-24,02,pmf,large_decrease,0.041
2025-05-17,1,wk flu hosp rate change,2025-05-24,02,pmf,large_increase,0.018
2025-05-17,1,wk flu hosp rate change,2025-05-24,02,pmf,stable,0.84
2025-05-17,2,wk flu hosp rate change,2025-05-31,02,pmf,decrease,0.095
2025-05-17,2,wk flu hosp rate change,2025-05-31,02,pmf,increase,0.083
2025-05-17,2,wk flu hosp rate change,2025-05-31,02,pmf,large_decrease,0.03
2025-05-17,2,wk flu hosp rate change,2025-05-31,02,pmf,large_increase,0.03
2025-05-17,2,wk flu hosp rate change,2025-05-31,02,pmf,stable,0.762
2025-05-17,3,wk flu hosp rate change,2025-06-07,02,pmf,decrease,0.114
2025-05-17,3,wk flu hosp rate change,2025-06-07,02,pmf,increase,0.108
2025-05-17,3,wk flu hosp rate change,2025-06-07,02,pmf,large_decrease,0.024
2025-05-17,3,wk flu hosp rate change,2025-06-07,02,pmf,large_increase,0.024
2025-05-17,3,wk flu hosp rate change,2025-06-07,02,pmf,stable,0.73
2025-05-17,0,wk flu hosp rate change,2025-05-17,04,pmf,decrease,0.218
2025-05-17,0,wk flu hosp rate change,2025-05-17,04,pmf,increase,0.124
2025-05-17,0,wk flu hosp rate change,2025-05-17,04,pmf,large_decrease,0
2025-05-17,0,wk flu hosp rate change,2025-05-17,04,pmf,large_increase,0.082
2025-05-17,0,wk flu hosp rate change,2025-05-17,04,pmf,stable,0.576
2025-05-17,1,wk flu hosp rate change,2025-05-24,04,pmf,decrease,0.16
2025-05-17,1,wk flu hosp rate change,2025-05-24,04,pmf,increase,0.124
2025-05-17,1,wk flu hosp rate change,2025-05-24,04,pmf,large_decrease,0.071
2025-05-17,1,wk flu hosp rate change,2025-05-24,04,pmf,large_increase,0.071
2025-05-17,1,wk flu hosp rate change,2025-05-24,04,pmf,stable,0.574
2025-05-17,2,wk flu hosp rate change,2025-05-31,04,pmf,decrease,0.179
2025-05-17,2,wk flu hosp rate change,2025-05-31,04,pmf,increase,0.101
2025-05-17,2,wk flu hosp rate change,2025-05-31,04,pmf,large_decrease,0.066
2025-05-17,2,wk flu hosp rate change,2025-05-31,04,pmf,large_increase,0.071
2025-05-17,2,wk flu hosp rate change,2025-05-31,04,pmf,stable,0.583
2025-05-17,3,wk flu hosp rate change,2025-06-07,04,pmf,decrease,0.155
2025-05-17,3,wk flu hosp rate change,2025-06-07,04,pmf,increase,0.102
2025-05-17,3,wk flu hosp rate change,2025-06-07,04,pmf,large_decrease,0.084
2025-05-17,3,wk flu hosp rate change,2025-06-07,04,pmf,large_increase,0.078
2025-05-17,3,wk flu hosp rate change,2025-06-07,04,pmf,stable,0.581
2025-05-17,0,wk flu hosp rate change,2025-05-17,05,pmf,decrease,0.235
2025-05-17,0,wk flu hosp rate change,2025-05-17,05,pmf,increase,0.147
2025-05-17,0,wk flu hosp rate change,2025-05-17,05,pmf,large_decrease,0
2025-05-17,0,wk flu hosp rate change,2025-05-17,05,pmf,large_increase,0.065
2025-05-17,0,wk flu hosp rate change,2025-05-17,05,pmf,stable,0.553
2025-05-17,1,wk flu hosp rate change,2025-05-24,05,pmf,decrease,0.148
2025-05-17,1,wk flu hosp rate change,2025-05-24,05,pmf,increase,0.124
2025-05-17,1,wk flu hosp rate change,2025-05-24,05,pmf,large_decrease,0.071
2025-05-17,1,wk flu hosp rate change,2025-05-24,05,pmf,large_increase,0.053
2025-05-17,1,wk flu hosp rate change,2025-05-24,05,pmf,stable,0.604
2025-05-17,2,wk flu hosp rate change,2025-05-31,05,pmf,decrease,0.101
2025-05-17,2,wk flu hosp rate change,2025-05-31,05,pmf,increase,0.119
2025-05-17,2,wk flu hosp rate change,2025-05-31,05,pmf,large_decrease,0.089
2025-05-17,2,wk flu hosp rate change,2025-05-31,05,pmf,large_increase,0.078
2025-05-17,2,wk flu hosp rate change,2025-05-31,05,pmf,stable,0.613
2025-05-17,3,wk flu hosp rate change,2025-06-07,05,pmf,decrease,0.102
2025-05-17,3,wk flu hosp rate change,2025-06-07,05,pmf,increase,0.119
2025-05-17,3,wk flu hosp rate change,2025-06-07,05,pmf,large_decrease,0.084
2025-05-17,3,wk flu hosp rate change,2025-06-07,05,pmf,large_increase,0.078
2025-05-17,3,wk flu hosp rate change,2025-06-07,05,pmf,stable,0.617
2025-05-17,0,wk flu hosp rate change,2025-05-17,06,pmf,decrease,0.118
2025-05-17,0,wk flu hosp rate change,2025-05-17,06,pmf,increase,0.106
2025-05-17,0,wk flu hosp rate change,2025-05-17,06,pmf,large_decrease,0
2025-05-17,0,wk flu hosp rate change,2025-05-17,06,pmf,large_increase,0.023
2025-05-17,0,wk flu hosp rate change,2025-05-17,06,pmf,stable,0.753
2025-05-17,1,wk flu hosp rate change,2025-05-24,06,pmf,decrease,0.124
2025-05-17,1,wk flu hosp rate change,2025-05-24,06,pmf,increase,0.095
2025-05-17,1,wk flu hosp rate change,2025-05-24,06,pmf,large_decrease,0.024
2025-05-17,1,wk flu hosp rate change,2025-05-24,06,pmf,large_increase,0.029
2025-05-17,1,wk flu hosp rate change,2025-05-24,06,pmf,stable,0.728
2025-05-17,2,wk flu hosp rate change,2025-05-31,06,pmf,decrease,0.113
2025-05-17,2,wk flu hosp rate change,2025-05-31,06,pmf,increase,0.107
2025-05-17,2,wk flu hosp rate change,2025-05-31,06,pmf,large_decrease,0.024
2025-05-17,2,wk flu hosp rate change,2025-05-31,06,pmf,large_increase,0.03
2025-05-17,2,wk flu hosp rate change,2025-05-31,06,pmf,stable,0.726
2025-05-17,3,wk flu hosp rate change,2025-06-07,06,pmf,decrease,0.12
2025-05-17,3,wk flu hosp rate change,2025-06-07,06,pmf,increase,0.102
2025-05-17,3,wk flu hosp rate change,2025-06-07,06,pmf,large_decrease,0.012
2025-05-17,3,wk flu hosp rate change,2025-06-07,06,pmf,large_increase,0.03
2025-05-17,3,wk flu hosp rate change,2025-06-07,06,pmf,stable,0.736
2025-05-17,0,wk flu hosp rate change,2025-05-17,08,pmf,decrease,0.176
2025-05-17,0,wk flu hosp rate change,2025-05-17,08,pmf,increase,0.141
2025-05-17,0,wk flu hosp rate change,2025-05-17,08,pmf,large_decrease,0
2025-05-17,0,wk flu hosp rate change,2025-05-17,08,pmf,large_increase,0.024
2025-05-17,0,wk flu hosp rate change,2025-05-17,08,pmf,stable,0.659
2025-05-17,1,wk flu hosp rate change,2025-05-24,08,pmf,decrease,0.16
2025-05-17,1,wk flu hosp rate change,2025-05-24,08,pmf,increase,0.171
2025-05-17,1,wk flu hosp rate change,2025-05-24,08,pmf,large_decrease,0.024
2025-05-17,1,wk flu hosp rate change,2025-05-24,08,pmf,large_increase,0.012
2025-05-17,1,wk flu hosp rate change,2025-05-24,08,pmf,stable,0.633
2025-05-17,2,wk flu hosp rate change,2025-05-31,08,pmf,decrease,0.155
2025-05-17,2,wk flu hosp rate change,2025-05-31,08,pmf,increase,0.178
2025-05-17,2,wk flu hosp rate change,2025-05-31,08,pmf,large_decrease,0.036
2025-05-17,2,wk flu hosp rate change,2025-05-31,08,pmf,large_increase,0.024
2025-05-17,2,wk flu hosp rate change,2025-05-31,08,pmf,stable,0.607
2025-05-17,3,wk flu hosp rate change,2025-06-07,08,pmf,decrease,0.161
2025-05-17,3,wk flu hosp rate change,2025-06-07,08,pmf,increase,0.156
2025-05-17,3,wk flu hosp rate change,2025-06-07,08,pmf,large_decrease,0.024
2025-05-17,3,wk flu hosp rate change,2025-06-07,08,pmf,large_increase,0.018
2025-05-17,3,wk flu hosp rate change,2025-06-07,08,pmf,stable,0.641
2025-05-17,0,wk flu hosp rate change,2025-05-17,09,pmf,decrease,0.2
2025-05-17,0,wk flu hosp rate change,2025-05-17,09,pmf,increase,0.112
2025-05-17,0,wk flu hosp rate change,2025-05-17,09,pmf,large_decrease,0
2025-05-17,0,wk flu hosp rate change,2025-05-17,09,pmf,large_increase,0.041
2025-05-17,0,wk flu hosp rate change,2025-05-17,09,pmf,stable,0.647
2025-05-17,1,wk flu hosp rate change,2025-05-24,09,pmf,decrease,0.136
2025-05-17,1,wk flu hosp rate change,2025-05-24,09,pmf,increase,0.107
2025-05-17,1,wk flu hosp rate change,2025-05-24,09,pmf,large_decrease,0.053
2025-05-17,1,wk flu hosp rate change,2025-05-24,09,pmf,large_increase,0.047
2025-05-17,1,wk flu hosp rate change,2025-05-24,09,pmf,stable,0.657
2025-05-17,2,wk flu hosp rate change,2025-05-31,09,pmf,decrease,0.137
2025-05-17,2,wk flu hosp rate change,2025-05-31,09,pmf,increase,0.131
2025-05-17,2,wk flu hosp rate change,2025-05-31,09,pmf,large_decrease,0.053
2025-05-17,2,wk flu hosp rate change,2025-05-31,09,pmf,large_increase,0.048
2025-05-17,2,wk flu hosp rate change,2025-05-31,09,pmf,stable,0.631
2025-05-17,3,wk flu hosp rate change,2025-06-07,09,pmf,decrease,0.102
2025-05-17,3,wk flu hosp rate change,2025-06-07,09,pmf,increase,0.096
2025-05-17,3,wk flu hosp rate change,2025-06-07,09,pmf,large_decrease,0.06
2025-05-17,3,wk flu hosp rate change,2025-06-07,09,pmf,large_increase,0.06
2025-05-17,3,wk flu hosp rate change,2025-06-07,09,pmf,stable,0.682
2025-05-17,0,wk flu hosp rate change,2025-05-17,10,pmf,decrease,0.1
2025-05-17,0,wk flu hosp rate change,2025-05-17,10,pmf,increase,0.024
2025-05-17,0,wk flu hosp rate change,2025-05-17,10,pmf,large_decrease,0
2025-05-17,0,wk flu hosp rate change,2025-05-17,10,pmf,large_increase,0.053
2025-05-17,0,wk flu hosp rate change,2025-05-17,10,pmf,stable,0.823
2025-05-17,1,wk flu hosp rate change,2025-05-24,10,pmf,decrease,0.059
2025-05-17,1,wk flu hosp rate change,2025-05-24,10,pmf,increase,0.065
2025-05-17,1,wk flu hosp rate change,2025-05-24,10,pmf,large_decrease,0.047
2025-05-17,1,wk flu hosp rate change,2025-05-24,10,pmf,large_increase,0.048
2025-05-17,1,wk flu hosp rate change,2025-05-24,10,pmf,stable,0.781
2025-05-17,2,wk flu hosp rate change,2025-05-31,10,pmf,decrease,0.119
2025-05-17,2,wk flu hosp rate change,2025-05-31,10,pmf,increase,0.077
2025-05-17,2,wk flu hosp rate change,2025-05-31,10,pmf,large_decrease,0.036
2025-05-17,2,wk flu hosp rate change,2025-05-31,10,pmf,large_increase,0.054
2025-05-17,2,wk flu hosp rate change,2025-05-31,10,pmf,stable,0.714
2025-05-17,3,wk flu hosp rate change,2025-06-07,10,pmf,decrease,0.132
2025-05-17,3,wk flu hosp rate change,2025-06-07,10,pmf,increase,0.096
2025-05-17,3,wk flu hosp rate change,2025-06-07,10,pmf,large_decrease,0.03
2025-05-17,3,wk flu hosp rate change,2025-06-07,10,pmf,large_increase,0.048
2025-05-17,3,wk flu hosp rate change,2025-06-07,10,pmf,stable,0.694
2025-05-17,0,wk flu hosp rate change,2025-05-17,12,pmf,decrease,0.194
2025-05-17,0,wk flu hosp rate change,2025-05-17,12,pmf,increase,0.141
2025-05-17,0,wk flu hosp rate change,2025-05-17,12,pmf,large_decrease,0
2025-05-17,0,wk flu hosp rate change,2025-05-17,12,pmf,large_increase,0.024
2025-05-17,0,wk flu hosp rate change,2025-05-17,12,pmf,stable,0.641
2025-05-17,1,wk flu hosp rate change,2025-05-24,12,pmf,decrease,0.148
2025-05-17,1,wk flu hosp rate change,2025-05-24,12,pmf,increase,0.166
2025-05-17,1,wk flu hosp rate change,2025-05-24,12,pmf,large_decrease,0.029
2025-05-17,1,wk flu hosp rate change,2025-05-24,12,pmf,large_increase,0.024
2025-05-17,1,wk flu hosp rate change,2025-05-24,12,pmf,stable,0.633
2025-05-17,2,wk flu hosp rate change,2025-05-31,12,pmf,decrease,0.149
2025-05-17,2,wk flu hosp rate change,2025-05-31,12,pmf,increase,0.172
2025-05-17,2,wk flu hosp rate change,2025-05-31,12,pmf,large_decrease,0.024
2025-05-17,2,wk flu hosp rate change,2025-05-31,12,pmf,large_increase,0.024
2025-05-17,2,wk flu hosp rate change,2025-05-31,12,pmf,stable,0.631
2025-05-17,3,wk flu hosp rate change,2025-06-07,12,pmf,decrease,0.126
2025-05-17,3,wk flu hosp rate change,2025-06-07,12,pmf,increase,0.179
2025-05-17,3,wk flu hosp rate change,2025-06-07,12,pmf,large_decrease,0.024
2025-05-17,3,wk flu hosp rate change,2025-06-07,12,pmf,large_increase,0.024
2025-05-17,3,wk flu hosp rate change,2025-06-07,12,pmf,stable,0.647
2025-05-17,0,wk flu hosp rate change,2025-05-17,13,pmf,decrease,0.118
2025-05-17,0,wk flu hosp rate change,2025-05-17,13,pmf,increase,0.071
2025-05-17,0,wk flu hosp rate change,2025-05-17,13,pmf,large_decrease,0
2025-05-17,0,wk flu hosp rate change,2025-05-17,13,pmf,large_increase,0.035
2025-05-17,0,wk flu hosp rate change,2025-05-17,13,pmf,stable,0.776
2025-05-17,1,wk flu hosp rate change,2025-05-24,13,pmf,decrease,0.124
2025-05-17,1,wk flu hosp rate change,2025-05-24,13,pmf,increase,0.077
2025-05-17,1,wk flu hosp rate change,2025-05-24,13,pmf,large_decrease,0.018
2025-05-17,1,wk flu hosp rate change,2025-05-24,13,pmf,large_increase,0.035
2025-05-17,1,wk flu hosp rate change,2025-05-24,13,pmf,stable,0.746
2025-05-17,2,wk flu hosp rate change,2025-05-31,13,pmf,decrease,0.143
2025-05-17,2,wk flu hosp rate change,2025-05-31,13,pmf,increase,0.107
2025-05-17,2,wk flu hosp rate change,2025-05-31,13,pmf,large_decrease,0.024
2025-05-17,2,wk flu hosp rate change,2025-05-31,13,pmf,large_increase,0.03
2025-05-17,2,wk flu hosp rate change,2025-05-31,13,pmf,stable,0.696
2025-05-17,3,wk flu hosp rate change,2025-06-07,13,pmf,decrease,0.132
2025-05-17,3,wk flu hosp rate change,2025-06-07,13,pmf,increase,0.084
2025-05-17,3,wk flu hosp rate change,2025-06-07,13,pmf,large_decrease,0.024
2025-05-17,3,wk flu hosp rate change,2025-06-07,13,pmf,large_increase,0.036
2025-05-17,3,wk flu hosp rate change,2025-06-07,13,pmf,stable,0.724
2025-05-17,0,wk flu hosp rate change,2025-05-17,15,pmf,decrease,0.076
2025-05-17,0,wk flu hosp rate change,2025-05-17,15,pmf,increase,0.047
2025-05-17,0,wk flu hosp rate change,2025-05-17,15,pmf,large_decrease,0
2025-05-17,0,wk flu hosp rate change,2025-05-17,15,pmf,large_increase,0.006
2025-05-17,0,wk flu hosp rate change,2025-05-17,15,pmf,stable,0.871
2025-05-17,1,wk flu hosp rate change,2025-05-24,15,pmf,decrease,0.112
2025-05-17,1,wk flu hosp rate change,2025-05-24,15,pmf,increase,0.077
2025-05-17,1,wk flu hosp rate change,2025-05-24,15,pmf,large_decrease,0
2025-05-17,1,wk flu hosp rate change,2025-05-24,15,pmf,large_increase,0.012
2025-05-17,1,wk flu hosp rate change,2025-05-24,15,pmf,stable,0.799
2025-05-17,2,wk flu hosp rate change,2025-05-31,15,pmf,decrease,0.107
2025-05-17,2,wk flu hosp rate change,2025-05-31,15,pmf,increase,0.095
2025-05-17,2,wk flu hosp rate change,2025-05-31,15,pmf,large_decrease,0
2025-05-17,2,wk flu hosp rate change,2025-05-31,15,pmf,large_increase,0.012
2025-05-17,2,wk flu hosp rate change,2025-05-31,15,pmf,stable,0.786
2025-05-17,3,wk flu hosp rate change,2025-06-07,15,pmf,decrease,0.09
2025-05-17,3,wk flu hosp rate change,2025-06-07,15,pmf,increase,0.066
2025-05-17,3,wk flu hosp rate change,2025-06-07,15,pmf,large_decrease,0
2025-05-17,3,wk flu hosp rate change,2025-06-07,15,pmf,large_increase,0.012
2025-05-17,3,wk flu hosp rate change,2025-06-07,15,pmf,stable,0.832
2025-05-17,0,wk flu hosp rate change,2025-05-17,16,pmf,decrease,0.153
2025-05-17,0,wk flu hosp rate change,2025-05-17,16,pmf,increase,0.071
2025-05-17,0,wk flu hosp rate change,2025-05-17,16,pmf,large_decrease,0
2025-05-17,0,wk flu hosp rate change,2025-05-17,16,pmf,large_increase,0.053
2025-05-17,0,wk flu hosp rate change,2025-05-17,16,pmf,stable,0.723
2025-05-17,1,wk flu hosp rate change,2025-05-24,16,pmf,decrease,0.136
2025-05-17,1,wk flu hosp rate change,2025-05-24,16,pmf,increase,0.101
2025-05-17,1,wk flu hosp rate change,2025-05-24,16,pmf,large_decrease,0.053
2025-05-17,1,wk flu hosp rate change,2025-05-24,16,pmf,large_increase,0.047
2025-05-17,1,wk flu hosp rate change,2025-05-24,16,pmf,stable,0.663
2025-05-17,2,wk flu hosp rate change,2025-05-31,16,pmf,decrease,0.131
2025-05-17,2,wk flu hosp rate change,2025-05-31,16,pmf,increase,0.089
2025-05-17,2,wk flu hosp rate change,2025-05-31,16,pmf,large_decrease,0.042
2025-05-17,2,wk flu hosp rate change,2025-05-31,16,pmf,large_increase,0.059
2025-05-17,2,wk flu hosp rate change,2025-05-31,16,pmf,stable,0.679
2025-05-17,3,wk flu hosp rate change,2025-06-07,16,pmf,decrease,0.156
2025-05-17,3,wk flu hosp rate change,2025-06-07,16,pmf,increase,0.09
2025-05-17,3,wk flu hosp rate change,2025-06-07,16,pmf,large_decrease,0.03
2025-05-17,3,wk flu hosp rate change,2025-06-07,16,pmf,large_increase,0.06
2025-05-17,3,wk flu hosp rate change,2025-06-07,16,pmf,stable,0.664
2025-05-17,0,wk flu hosp rate change,2025-05-17,17,pmf,decrease,0.165
2025-05-17,0,wk flu hosp rate change,2025-05-17,17,pmf,increase,0.082
2025-05-17,0,wk flu hosp rate change,2025-05-17,17,pmf,large_decrease,0
2025-05-17,0,wk flu hosp rate change,2025-05-17,17,pmf,large_increase,0.041
2025-05-17,0,wk flu hosp rate change,2025-05-17,17,pmf,stable,0.712
2025-05-17,1,wk flu hosp rate change,2025-05-24,17,pmf,decrease,0.13
2025-05-17,1,wk flu hosp rate change,2025-05-24,17,pmf,increase,0.095
2025-05-17,1,wk flu hosp rate change,2025-05-24,17,pmf,large_decrease,0.041
2025-05-17,1,wk flu hosp rate change,2025-05-24,17,pmf,large_increase,0.042
2025-05-17,1,wk flu hosp rate change,2025-05-24,17,pmf,stable,0.692
2025-05-17,2,wk flu hosp rate change,2025-05-31,17,pmf,decrease,0.113
2025-05-17,2,wk flu hosp rate change,2025-05-31,17,pmf,increase,0.095
2025-05-17,2,wk flu hosp rate change,2025-05-31,17,pmf,large_decrease,0.036
2025-05-17,2,wk flu hosp rate change,2025-05-31,17,pmf,large_increase,0.048
2025-05-17,2,wk flu hosp rate change,2025-05-31,17,pmf,stable,0.708
2025-05-17,3,wk flu hosp rate change,2025-06-07,17,pmf,decrease,0.114
2025-05-17,3,wk flu hosp rate change,2025-06-07,17,pmf,increase,0.09
2025-05-17,3,wk flu hosp rate change,2025-06-07,17,pmf,large_decrease,0.036
2025-05-17,3,wk flu hosp rate change,2025-06-07,17,pmf,large_increase,0.054
2025-05-17,3,wk flu hosp rate change,2025-06-07,17,pmf,stable,0.706
2025-05-17,0,wk flu hosp rate change,2025-05-17,18,pmf,decrease,0.182
2025-05-17,0,wk flu hosp rate change,2025-05-17,18,pmf,increase,0.1
2025-05-17,0,wk flu hosp rate change,2025-05-17,18,pmf,large_decrease,0
2025-05-17,0,wk flu hosp rate change,2025-05-17,18,pmf,large_increase,0.053
2025-05-17,0,wk flu hosp rate change,2025-05-17,18,pmf,stable,0.665
2025-05-17,1,wk flu hosp rate change,2025-05-24,18,pmf,decrease,0.118
2025-05-17,1,wk flu hosp rate change,2025-05-24,18,pmf,increase,0.089
2025-05-17,1,wk flu hosp rate change,2025-05-24,18,pmf,large_decrease,0.071
2025-05-17,1,wk flu hosp rate change,2025-05-24,18,pmf,large_increase,0.065
2025-05-17,1,wk flu hosp rate change,2025-05-24,18,pmf,stable,0.657
2025-05-17,2,wk flu hosp rate change,2025-05-31,18,pmf,decrease,0.113
2025-05-17,2,wk flu hosp rate change,2025-05-31,18,pmf,increase,0.119
2025-05-17,2,wk flu hosp rate change,2025-05-31,18,pmf,large_decrease,0.071
2025-05-17,2,wk flu hosp rate change,2025-05-31,18,pmf,large_increase,0.06
2025-05-17,2,wk flu hosp rate change,2025-05-31,18,pmf,stable,0.637
2025-05-17,3,wk flu hosp rate change,2025-06-07,18,pmf,decrease,0.108
2025-05-17,3,wk flu hosp rate change,2025-06-07,18,pmf,increase,0.102
2025-05-17,3,wk flu hosp rate change,2025-06-07,18,pmf,large_decrease,0.06
2025-05-17,3,wk flu hosp rate change,2025-06-07,18,pmf,large_increase,0.072
2025-05-17,3,wk flu hosp rate change,2025-06-07,18,pmf,stable,0.658
2025-05-17,0,wk flu hosp rate change,2025-05-17,19,pmf,decrease,0.135
2025-05-17,0,wk flu hosp rate change,2025-05-17,19,pmf,increase,0.088
2025-05-17,0,wk flu hosp rate change,2025-05-17,19,pmf,large_decrease,0
2025-05-17,0,wk flu hosp rate change,2025-05-17,19,pmf,large_increase,0.047
2025-05-17,0,wk flu hosp rate change,2025-05-17,19,pmf,stable,0.73
2025-05-17,1,wk flu hosp rate change,2025-05-24,19,pmf,decrease,0.083
2025-05-17,1,wk flu hosp rate change,2025-05-24,19,pmf,increase,0.107
2025-05-17,1,wk flu hosp rate change,2025-05-24,19,pmf,large_decrease,0.053
2025-05-17,1,wk flu hosp rate change,2025-05-24,19,pmf,large_increase,0.047
2025-05-17,1,wk flu hosp rate change,2025-05-24,19,pmf,stable,0.71
2025-05-17,2,wk flu hosp rate change,2025-05-31,19,pmf,decrease,0.107
2025-05-17,2,wk flu hosp rate change,2025-05-31,19,pmf,increase,0.107
2025-05-17,2,wk flu hosp rate change,2025-05-31,19,pmf,large_decrease,0.054
2025-05-17,2,wk flu hosp rate change,2025-05-31,19,pmf,large_increase,0.054
2025-05-17,2,wk flu hosp rate change,2025-05-31,19,pmf,stable,0.678
2025-05-17,3,wk flu hosp rate change,2025-06-07,19,pmf,decrease,0.096
2025-05-17,3,wk flu hosp rate change,2025-06-07,19,pmf,increase,0.09
2025-05-17,3,wk flu hosp rate change,2025-06-07,19,pmf,large_decrease,0.06
2025-05-17,3,wk flu hosp rate change,2025-06-07,19,pmf,large_increase,0.06
2025-05-17,3,wk flu hosp rate change,2025-06-07,19,pmf,stable,0.694
2025-05-17,0,wk flu hosp rate change,2025-05-17,20,pmf,decrease,0.194
2025-05-17,0,wk flu hosp rate change,2025-05-17,20,pmf,increase,0.106
2025-05-17,0,wk flu hosp rate change,2025-05-17,20,pmf,large_decrease,0
2025-05-17,0,wk flu hosp rate change,2025-05-17,20,pmf,large_increase,0.041
2025-05-17,0,wk flu hosp rate change,2025-05-17,20,pmf,stable,0.659
2025-05-17,1,wk flu hosp rate change,2025-05-24,20,pmf,decrease,0.148
2025-05-17,1,wk flu hosp rate change,2025-05-24,20,pmf,increase,0.083
2025-05-17,1,wk flu hosp rate change,2025-05-24,20,pmf,large_decrease,0.041
2025-05-17,1,wk flu hosp rate change,2025-05-24,20,pmf,large_increase,0.047
2025-05-17,1,wk flu hosp rate change,2025-05-24,20,pmf,stable,0.681
2025-05-17,2,wk flu hosp rate change,2025-05-31,20,pmf,decrease,0.131
2025-05-17,2,wk flu hosp rate change,2025-05-31,20,pmf,increase,0.095
2025-05-17,2,wk flu hosp rate change,2025-05-31,20,pmf,large_decrease,0.059
2025-05-17,2,wk flu hosp rate change,2025-05-31,20,pmf,large_increase,0.048
2025-05-17,2,wk flu hosp rate change,2025-05-31,20,pmf,stable,0.667
2025-05-17,3,wk flu hosp rate change,2025-06-07,20,pmf,decrease,0.102
2025-05-17,3,wk flu hosp rate change,2025-06-07,20,pmf,increase,0.096
2025-05-17,3,wk flu hosp rate change,2025-06-07,20,pmf,large_decrease,0.042
2025-05-17,3,wk flu hosp rate change,2025-06-07,20,pmf,large_increase,0.048
2025-05-17,3,wk flu hosp rate change,2025-06-07,20,pmf,stable,0.712
2025-05-17,0,wk flu hosp rate change,2025-05-17,21,pmf,decrease,0.218
2025-05-17,0,wk flu hosp rate change,2025-05-17,21,pmf,increase,0.1
2025-05-17,0,wk flu hosp rate change,2025-05-17,21,pmf,large_decrease,0
2025-05-17,0,wk flu hosp rate change,2025-05-17,21,pmf,large_increase,0.053
2025-05-17,0,wk flu hosp rate change,2025-05-17,21,pmf,stable,0.629
2025-05-17,1,wk flu hosp rate change,2025-05-24,21,pmf,decrease,0.112
2025-05-17,1,wk flu hosp rate change,2025-05-24,21,pmf,increase,0.077
2025-05-17,1,wk flu hosp rate change,2025-05-24,21,pmf,large_decrease,0.089
2025-05-17,1,wk flu hosp rate change,2025-05-24,21,pmf,large_increase,0.077
2025-05-17,1,wk flu hosp rate change,2025-05-24,21,pmf,stable,0.645
2025-05-17,2,wk flu hosp rate change,2025-05-31,21,pmf,decrease,0.131
2025-05-17,2,wk flu hosp rate change,2025-05-31,21,pmf,increase,0.077
2025-05-17,2,wk flu hosp rate change,2025-05-31,21,pmf,large_decrease,0.083
2025-05-17,2,wk flu hosp rate change,2025-05-31,21,pmf,large_increase,0.078
2025-05-17,2,wk flu hosp rate change,2025-05-31,21,pmf,stable,0.631
2025-05-17,3,wk flu hosp rate change,2025-06-07,21,pmf,decrease,0.114
2025-05-17,3,wk flu hosp rate change,2025-06-07,21,pmf,increase,0.108
2025-05-17,3,wk flu hosp rate change,2025-06-07,21,pmf,large_decrease,0.078
2025-05-17,3,wk flu hosp rate change,2025-06-07,21,pmf,large_increase,0.066
2025-05-17,3,wk flu hosp rate change,2025-06-07,21,pmf,stable,0.634
2025-05-17,0,wk flu hosp rate change,2025-05-17,22,pmf,decrease,0.212
2025-05-17,0,wk flu hosp rate change,2025-05-17,22,pmf,increase,0.135
2025-05-17,0,wk flu hosp rate change,2025-05-17,22,pmf,large_decrease,0
2025-05-17,0,wk flu hosp rate change,2025-05-17,22,pmf,large_increase,0.059
2025-05-17,0,wk flu hosp rate change,2025-05-17,22,pmf,stable,0.594
2025-05-17,1,wk flu hosp rate change,2025-05-24,22,pmf,decrease,0.13
2025-05-17,1,wk flu hosp rate change,2025-05-24,22,pmf,increase,0.124
2025-05-17,1,wk flu hosp rate change,2025-05-24,22,pmf,large_decrease,0.053
2025-05-17,1,wk flu hosp rate change,2025-05-24,22,pmf,large_increase,0.048
2025-05-17,1,wk flu hosp rate change,2025-05-24,22,pmf,stable,0.645
2025-05-17,2,wk flu hosp rate change,2025-05-31,22,pmf,decrease,0.149
2025-05-17,2,wk flu hosp rate change,2025-05-31,22,pmf,increase,0.143
2025-05-17,2,wk flu hosp rate change,2025-05-31,22,pmf,large_decrease,0.041
2025-05-17,2,wk flu hosp rate change,2025-05-31,22,pmf,large_increase,0.036
2025-05-17,2,wk flu hosp rate change,2025-05-31,22,pmf,stable,0.631
2025-05-17,3,wk flu hosp rate change,2025-06-07,22,pmf,decrease,0.167
2025-05-17,3,wk flu hosp rate change,2025-06-07,22,pmf,increase,0.15
2025-05-17,3,wk flu hosp rate change,2025-06-07,22,pmf,large_decrease,0.03
2025-05-17,3,wk flu hosp rate change,2025-06-07,22,pmf,large_increase,0.03
2025-05-17,3,wk flu hosp rate change,2025-06-07,22,pmf,stable,0.623
2025-05-17,0,wk flu hosp rate change,2025-05-17,23,pmf,decrease,0.123
2025-05-17,0,wk flu hosp rate change,2025-05-17,23,pmf,increase,0.053
2025-05-17,0,wk flu hosp rate change,2025-05-17,23,pmf,large_decrease,0
2025-05-17,0,wk flu hosp rate change,2025-05-17,23,pmf,large_increase,0.065
2025-05-17,0,wk flu hosp rate change,2025-05-17,23,pmf,stable,0.759
2025-05-17,1,wk flu hosp rate change,2025-05-24,23,pmf,decrease,0.118
2025-05-17,1,wk flu hosp rate change,2025-05-24,23,pmf,increase,0.089
2025-05-17,1,wk flu hosp rate change,2025-05-24,23,pmf,large_decrease,0.059
2025-05-17,1,wk flu hosp rate change,2025-05-24,23,pmf,large_increase,0.077
2025-05-17,1,wk flu hosp rate change,2025-05-24,23,pmf,stable,0.657
2025-05-17,2,wk flu hosp rate change,2025-05-31,23,pmf,decrease,0.137
2025-05-17,2,wk flu hosp rate change,2025-05-31,23,pmf,increase,0.119
2025-05-17,2,wk flu hosp rate change,2025-05-31,23,pmf,large_decrease,0.054
2025-05-17,2,wk flu hosp rate change,2025-05-31,23,pmf,large_increase,0.071
2025-05-17,2,wk flu hosp rate change,2025-05-31,23,pmf,stable,0.619
2025-05-17,3,wk flu hosp rate change,2025-06-07,23,pmf,decrease,0.114
2025-05-17,3,wk flu hosp rate change,2025-06-07,23,pmf,increase,0.126
2025-05-17,3,wk flu hosp rate change,2025-06-07,23,pmf,large_decrease,0.054
2025-05-17,3,wk flu hosp rate change,2025-06-07,23,pmf,large_increase,0.072
2025-05-17,3,wk flu hosp rate change,2025-06-07,23,pmf,stable,0.634
2025-05-17,0,wk flu hosp rate change,2025-05-17,24,pmf,decrease,0.141
2025-05-17,0,wk flu hosp rate change,2025-05-17,24,pmf,increase,0.082
2025-05-17,0,wk flu hosp rate change,2025-05-17,24,pmf,large_decrease,0
2025-05-17,0,wk flu hosp rate change,2025-05-17,24,pmf,large_increase,0.03
2025-05-17,0,wk flu hosp rate change,2025-05-17,24,pmf,stable,0.747
2025-05-17,1,wk flu hosp rate change,2025-05-24,24,pmf,decrease,0.136
2025-05-17,1,wk flu hosp rate change,2025-05-24,24,pmf,increase,0.095
2025-05-17,1,wk flu hosp rate change,2025-05-24,24,pmf,large_decrease,0.024
2025-05-17,1,wk flu hosp rate change,2025-05-24,24,pmf,large_increase,0.041
2025-05-17,1,wk flu hosp rate change,2025-05-24,24,pmf,stable,0.704
2025-05-17,2,wk flu hosp rate change,2025-05-31,24,pmf,decrease,0.149
2025-05-17,2,wk flu hosp rate change,2025-05-31,24,pmf,increase,0.107
2025-05-17,2,wk flu hosp rate change,2025-05-31,24,pmf,large_decrease,0.024
2025-05-17,2,wk flu hosp rate change,2025-05-31,24,pmf,large_increase,0.036
2025-05-17,2,wk flu hosp rate change,2025-05-31,24,pmf,stable,0.684
2025-05-17,3,wk flu hosp rate change,2025-06-07,24,pmf,decrease,0.126
2025-05-17,3,wk flu hosp rate change,2025-06-07,24,pmf,increase,0.108
2025-05-17,3,wk flu hosp rate change,2025-06-07,24,pmf,large_decrease,0.024
2025-05-17,3,wk flu hosp rate change,2025-06-07,24,pmf,large_increase,0.036
2025-05-17,3,wk flu hosp rate change,2025-06-07,24,pmf,stable,0.706
2025-05-17,0,wk flu hosp rate change,2025-05-17,25,pmf,decrease,0.176
2025-05-17,0,wk flu hosp rate change,2025-05-17,25,pmf,increase,0.124
2025-05-17,0,wk flu hosp rate change,2025-05-17,25,pmf,large_decrease,0
2025-05-17,0,wk flu hosp rate change,2025-05-17,25,pmf,large_increase,0.047
2025-05-17,0,wk flu hosp rate change,2025-05-17,25,pmf,stable,0.653
2025-05-17,1,wk flu hosp rate change,2025-05-24,25,pmf,decrease,0.136
2025-05-17,1,wk flu hosp rate change,2025-05-24,25,pmf,increase,0.136
2025-05-17,1,wk flu hosp rate change,2025-05-24,25,pmf,large_decrease,0.053
2025-05-17,1,wk flu hosp rate change,2025-05-24,25,pmf,large_increase,0.065
2025-05-17,1,wk flu hosp rate change,2025-05-24,25,pmf,stable,0.61
2025-05-17,2,wk flu hosp rate change,2025-05-31,25,pmf,decrease,0.161
2025-05-17,2,wk flu hosp rate change,2025-05-31,25,pmf,increase,0.113
2025-05-17,2,wk flu hosp rate change,2025-05-31,25,pmf,large_decrease,0.054
2025-05-17,2,wk flu hosp rate change,2025-05-31,25,pmf,large_increase,0.077
2025-05-17,2,wk flu hosp rate change,2025-05-31,25,pmf,stable,0.595
2025-05-17,3,wk flu hosp rate change,2025-06-07,25,pmf,decrease,0.149
2025-05-17,3,wk flu hosp rate change,2025-06-07,25,pmf,increase,0.102
2025-05-17,3,wk flu hosp rate change,2025-06-07,25,pmf,large_decrease,0.054
2025-05-17,3,wk flu hosp rate change,2025-06-07,25,pmf,large_increase,0.078
2025-05-17,3,wk flu hosp rate change,2025-06-07,25,pmf,stable,0.617
2025-05-17,0,wk flu hosp rate change,2025-05-17,26,pmf,decrease,0.159
2025-05-17,0,wk flu hosp rate change,2025-05-17,26,pmf,increase,0.123
2025-05-17,0,wk flu hosp rate change,2025-05-17,26,pmf,large_decrease,0
2025-05-17,0,wk flu hosp rate change,2025-05-17,26,pmf,large_increase,0.059
2025-05-17,0,wk flu hosp rate change,2025-05-17,26,pmf,stable,0.659
2025-05-17,1,wk flu hosp rate change,2025-05-24,26,pmf,decrease,0.124
2025-05-17,1,wk flu hosp rate change,2025-05-24,26,pmf,increase,0.124
2025-05-17,1,wk flu hosp rate change,2025-05-24,26,pmf,large_decrease,0.053
2025-05-17,1,wk flu hosp rate change,2025-05-24,26,pmf,large_increase,0.048
2025-05-17,1,wk flu hosp rate change,2025-05-24,26,pmf,stable,0.651
2025-05-17,2,wk flu hosp rate change,2025-05-31,26,pmf,decrease,0.131
2025-05-17,2,wk flu hosp rate change,2025-05-31,26,pmf,increase,0.131
2025-05-17,2,wk flu hosp rate change,2025-05-31,26,pmf,large_decrease,0.054
2025-05-17,2,wk flu hosp rate change,2025-05-31,26,pmf,large_increase,0.059
2025-05-17,2,wk flu hosp rate change,2025-05-31,26,pmf,stable,0.625
2025-05-17,3,wk flu hosp rate change,2025-06-07,26,pmf,decrease,0.12
2025-05-17,3,wk flu hosp rate change,2025-06-07,26,pmf,increase,0.126
2025-05-17,3,wk flu hosp rate change,2025-06-07,26,pmf,large_decrease,0.054
2025-05-17,3,wk flu hosp rate change,2025-06-07,26,pmf,large_increase,0.06
2025-05-17,3,wk flu hosp rate change,2025-06-07,26,pmf,stable,0.64
2025-05-17,0,wk flu hosp rate change,2025-05-17,27,pmf,decrease,0.135
2025-05-17,0,wk flu hosp rate change,2025-05-17,27,pmf,increase,0.082
2025-05-17,0,wk flu hosp rate change,2025-05-17,27,pmf,large_decrease,0
2025-05-17,0,wk flu hosp rate change,2025-05-17,27,pmf,large_increase,0.024
2025-05-17,0,wk flu hosp rate change,2025-05-17,27,pmf,stable,0.759
2025-05-17,1,wk flu hosp rate change,2025-05-24,27,pmf,decrease,0.107
2025-05-17,1,wk flu hosp rate change,2025-05-24,27,pmf,increase,0.071
2025-05-17,1,wk flu hosp rate change,2025-05-24,27,pmf,large_decrease,0.041
2025-05-17,1,wk flu hosp rate change,2025-05-24,27,pmf,large_increase,0.035
2025-05-17,1,wk flu hosp rate change,2025-05-24,27,pmf,stable,0.746
2025-05-17,2,wk flu hosp rate change,2025-05-31,27,pmf,decrease,0.125
2025-05-17,2,wk flu hosp rate change,2025-05-31,27,pmf,increase,0.071
2025-05-17,2,wk flu hosp rate change,2025-05-31,27,pmf,large_decrease,0.036
2025-05-17,2,wk flu hosp rate change,2025-05-31,27,pmf,large_increase,0.036
2025-05-17,2,wk flu hosp rate change,2025-05-31,27,pmf,stable,0.732
2025-05-17,3,wk flu hosp rate change,2025-06-07,27,pmf,decrease,0.126
2025-05-17,3,wk flu hosp rate change,2025-06-07,27,pmf,increase,0.066
2025-05-17,3,wk flu hosp rate change,2025-06-07,27,pmf,large_decrease,0.03
2025-05-17,3,wk flu hosp rate change,2025-06-07,27,pmf,large_increase,0.042
2025-05-17,3,wk flu hosp rate change,2025-06-07,27,pmf,stable,0.736
2025-05-17,0,wk flu hosp rate change,2025-05-17,28,pmf,decrease,0.235
2025-05-17,0,wk flu hosp rate change,2025-05-17,28,pmf,increase,0.165
2025-05-17,0,wk flu hosp rate change,2025-05-17,28,pmf,large_decrease,0
2025-05-17,0,wk flu hosp rate change,2025-05-17,28,pmf,large_increase,0.047
2025-05-17,0,wk flu hosp rate change,2025-05-17,28,pmf,stable,0.553
2025-05-17,1,wk flu hosp rate change,2025-05-24,28,pmf,decrease,0.172
2025-05-17,1,wk flu hosp rate change,2025-05-24,28,pmf,increase,0.118
2025-05-17,1,wk flu hosp rate change,2025-05-24,28,pmf,large_decrease,0.047
2025-05-17,1,wk flu hosp rate change,2025-05-24,28,pmf,large_increase,0.053
2025-05-17,1,wk flu hosp rate change,2025-05-24,28,pmf,stable,0.61
2025-05-17,2,wk flu hosp rate change,2025-05-31,28,pmf,decrease,0.155
2025-05-17,2,wk flu hosp rate change,2025-05-31,28,pmf,increase,0.107
2025-05-17,2,wk flu hosp rate change,2025-05-31,28,pmf,large_decrease,0.048
2025-05-17,2,wk flu hosp rate change,2025-05-31,28,pmf,large_increase,0.059
2025-05-17,2,wk flu hosp rate change,2025-05-31,28,pmf,stable,0.631
2025-05-17,3,wk flu hosp rate change,2025-06-07,28,pmf,decrease,0.155
2025-05-17,3,wk flu hosp rate change,2025-06-07,28,pmf,increase,0.096
2025-05-17,3,wk flu hosp rate change,2025-06-07,28,pmf,large_decrease,0.036
2025-05-17,3,wk flu hosp rate change,2025-06-07,28,pmf,large_increase,0.066
2025-05-17,3,wk flu hosp rate change,2025-06-07,28,pmf,stable,0.647
2025-05-17,0,wk flu hosp rate change,2025-05-17,29,pmf,decrease,0.188
2025-05-17,0,wk flu hosp rate change,2025-05-17,29,pmf,increase,0.082
2025-05-17,0,wk flu hosp rate change,2025-05-17,29,pmf,large_decrease,0
2025-05-17,0,wk flu hosp rate change,2025-05-17,29,pmf,large_increase,0.053
2025-05-17,0,wk flu hosp rate change,2025-05-17,29,pmf,stable,0.677
2025-05-17,1,wk flu hosp rate change,2025-05-24,29,pmf,decrease,0.13
2025-05-17,1,wk flu hosp rate change,2025-05-24,29,pmf,increase,0.101
2025-05-17,1,wk flu hosp rate change,2025-05-24,29,pmf,large_decrease,0.065
2025-05-17,1,wk flu hosp rate change,2025-05-24,29,pmf,large_increase,0.059
2025-05-17,1,wk flu hosp rate change,2025-05-24,29,pmf,stable,0.645
2025-05-17,2,wk flu hosp rate change,2025-05-31,29,pmf,decrease,0.119
2025-05-17,2,wk flu hosp rate change,2025-05-31,29,pmf,increase,0.107
2025-05-17,2,wk flu hosp rate change,2025-05-31,29,pmf,large_decrease,0.077
2025-05-17,2,wk flu hosp rate change,2025-05-31,29,pmf,large_increase,0.066
2025-05-17,2,wk flu hosp rate change,2025-05-31,29,pmf,stable,0.631
2025-05-17,3,wk flu hosp rate change,2025-06-07,29,pmf,decrease,0.102
2025-05-17,3,wk flu hosp rate change,2025-06-07,29,pmf,increase,0.09
2025-05-17,3,wk flu hosp rate change,2025-06-07,29,pmf,large_decrease,0.066
2025-05-17,3,wk flu hosp rate change,2025-06-07,29,pmf,large_increase,0.066
2025-05-17,3,wk flu hosp rate change,2025-06-07,29,pmf,stable,0.676
2025-05-17,0,wk flu hosp rate change,2025-05-17,30,pmf,decrease,0.118
2025-05-17,0,wk flu hosp rate change,2025-05-17,30,pmf,increase,0.024
2025-05-17,0,wk flu hosp rate change,2025-05-17,30,pmf,large_decrease,0
2025-05-17,0,wk flu hosp rate change,2025-05-17,30,pmf,large_increase,0.076
2025-05-17,0,wk flu hosp rate change,2025-05-17,30,pmf,stable,0.782
2025-05-17,1,wk flu hosp rate change,2025-05-24,30,pmf,decrease,0.065
2025-05-17,1,wk flu hosp rate change,2025-05-24,30,pmf,increase,0.065
2025-05-17,1,wk flu hosp rate change,2025-05-24,30,pmf,large_decrease,0.065
2025-05-17,1,wk flu hosp rate change,2025-05-24,30,pmf,large_increase,0.065
2025-05-17,1,wk flu hosp rate change,2025-05-24,30,pmf,stable,0.74
2025-05-17,2,wk flu hosp rate change,2025-05-31,30,pmf,decrease,0.113
2025-05-17,2,wk flu hosp rate change,2025-05-31,30,pmf,increase,0.083
2025-05-17,2,wk flu hosp rate change,2025-05-31,30,pmf,large_decrease,0.06
2025-05-17,2,wk flu hosp rate change,2025-05-31,30,pmf,large_increase,0.071
2025-05-17,2,wk flu hosp rate change,2025-05-31,30,pmf,stable,0.673
2025-05-17,3,wk flu hosp rate change,2025-06-07,30,pmf,decrease,0.114
2025-05-17,3,wk flu hosp rate change,2025-06-07,30,pmf,increase,0.096
2025-05-17,3,wk flu hosp rate change,2025-06-07,30,pmf,large_decrease,0.06
2025-05-17,3,wk flu hosp rate change,2025-06-07,30,pmf,large_increase,0.072
2025-05-17,3,wk flu hosp rate change,2025-06-07,30,pmf,stable,0.658
2025-05-17,0,wk flu hosp rate change,2025-05-17,31,pmf,decrease,0.141
2025-05-17,0,wk flu hosp rate change,2025-05-17,31,pmf,increase,0.065
2025-05-17,0,wk flu hosp rate change,2025-05-17,31,pmf,large_decrease,0
2025-05-17,0,wk flu hosp rate change,2025-05-17,31,pmf,large_increase,0.047
2025-05-17,0,wk flu hosp rate change,2025-05-17,31,pmf,stable,0.747
2025-05-17,1,wk flu hosp rate change,2025-05-24,31,pmf,decrease,0.154
2025-05-17,1,wk flu hosp rate change,2025-05-24,31,pmf,increase,0.089
2025-05-17,1,wk flu hosp rate change,2025-05-24,31,pmf,large_decrease,0.035
2025-05-17,1,wk flu hosp rate change,2025-05-24,31,pmf,large_increase,0.047
2025-05-17,1,wk flu hosp rate change,2025-05-24,31,pmf,stable,0.675
2025-05-17,2,wk flu hosp rate change,2025-05-31,31,pmf,decrease,0.155
2025-05-17,2,wk flu hosp rate change,2025-05-31,31,pmf,increase,0.101
2025-05-17,2,wk flu hosp rate change,2025-05-31,31,pmf,large_decrease,0.036
2025-05-17,2,wk flu hosp rate change,2025-05-31,31,pmf,large_increase,0.053
2025-05-17,2,wk flu hosp rate change,2025-05-31,31,pmf,stable,0.655
2025-05-17,3,wk flu hosp rate change,2025-06-07,31,pmf,decrease,0.138
2025-05-17,3,wk flu hosp rate change,2025-06-07,31,pmf,increase,0.108
2025-05-17,3,wk flu hosp rate change,2025-06-07,31,pmf,large_decrease,0.048
2025-05-17,3,wk flu hosp rate change,2025-06-07,31,pmf,large_increase,0.042
2025-05-17,3,wk flu hosp rate change,2025-06-07,31,pmf,stable,0.664
2025-05-17,0,wk flu hosp rate change,2025-05-17,32,pmf,decrease,0.212
2025-05-17,0,wk flu hosp rate change,2025-05-17,32,pmf,increase,0.147
2025-05-17,0,wk flu hosp rate change,2025-05-17,32,pmf,large_decrease,0
2025-05-17,0,wk flu hosp rate change,2025-05-17,32,pmf,large_increase,0.035
2025-05-17,0,wk flu hosp rate change,2025-05-17,32,pmf,stable,0.606
2025-05-17,1,wk flu hosp rate change,2025-05-24,32,pmf,decrease,0.166
2025-05-17,1,wk flu hosp rate change,2025-05-24,32,pmf,increase,0.148
2025-05-17,1,wk flu hosp rate change,2025-05-24,32,pmf,large_decrease,0.041
2025-05-17,1,wk flu hosp rate change,2025-05-24,32,pmf,large_increase,0.041
2025-05-17,1,wk flu hosp rate change,2025-05-24,32,pmf,stable,0.604
2025-05-17,2,wk flu hosp rate change,2025-05-31,32,pmf,decrease,0.149
2025-05-17,2,wk flu hosp rate change,2025-05-31,32,pmf,increase,0.161
2025-05-17,2,wk flu hosp rate change,2025-05-31,32,pmf,large_decrease,0.036
2025-05-17,2,wk flu hosp rate change,2025-05-31,32,pmf,large_increase,0.041
2025-05-17,2,wk flu hosp rate change,2025-05-31,32,pmf,stable,0.613
2025-05-17,3,wk flu hosp rate change,2025-06-07,32,pmf,decrease,0.15
2025-05-17,3,wk flu hosp rate change,2025-06-07,32,pmf,increase,0.126
2025-05-17,3,wk flu hosp rate change,2025-06-07,32,pmf,large_decrease,0.036
2025-05-17,3,wk flu hosp rate change,2025-06-07,32,pmf,large_increase,0.036
2025-05-17,3,wk flu hosp rate change,2025-06-07,32,pmf,stable,0.652
2025-05-17,0,wk flu hosp rate change,2025-05-17,33,pmf,decrease,0.082
2025-05-17,0,wk flu hosp rate change,2025-05-17,33,pmf,increase,0.047
2025-05-17,0,wk flu hosp rate change,2025-05-17,33,pmf,large_decrease,0
2025-05-17,0,wk flu hosp rate change,2025-05-17,33,pmf,large_increase,0.047
2025-05-17,0,wk flu hosp rate change,2025-05-17,33,pmf,stable,0.824
2025-05-17,1,wk flu hosp rate change,2025-05-24,33,pmf,decrease,0.089
2025-05-17,1,wk flu hosp rate change,2025-05-24,33,pmf,increase,0.077
2025-05-17,1,wk flu hosp rate change,2025-05-24,33,pmf,large_decrease,0.036
2025-05-17,1,wk flu hosp rate change,2025-05-24,33,pmf,large_increase,0.047
2025-05-17,1,wk flu hosp rate change,2025-05-24,33,pmf,stable,0.751
2025-05-17,2,wk flu hosp rate change,2025-05-31,33,pmf,decrease,0.125
2025-05-17,2,wk flu hosp rate change,2025-05-31,33,pmf,increase,0.125
2025-05-17,2,wk flu hosp rate change,2025-05-31,33,pmf,large_decrease,0.048
2025-05-17,2,wk flu hosp rate change,2025-05-31,33,pmf,large_increase,0.053
2025-05-17,2,wk flu hosp rate change,2025-05-31,33,pmf,stable,0.649
2025-05-17,3,wk flu hosp rate change,2025-06-07,33,pmf,decrease,0.096
2025-05-17,3,wk flu hosp rate change,2025-06-07,33,pmf,increase,0.108
2025-05-17,3,wk flu hosp rate change,2025-06-07,33,pmf,large_decrease,0.042
2025-05-17,3,wk flu hosp rate change,2025-06-07,33,pmf,large_increase,0.036
2025-05-17,3,wk flu hosp rate change,2025-06-07,33,pmf,stable,0.718
2025-05-17,0,wk flu hosp rate change,2025-05-17,34,pmf,decrease,0.176
2025-05-17,0,wk flu hosp rate change,2025-05-17,34,pmf,increase,0.077
2025-05-17,0,wk flu hosp rate change,2025-05-17,34,pmf,large_decrease,0
2025-05-17,0,wk flu hosp rate change,2025-05-17,34,pmf,large_increase,0.059
2025-05-17,0,wk flu hosp rate change,2025-05-17,34,pmf,stable,0.688
2025-05-17,1,wk flu hosp rate change,2025-05-24,34,pmf,decrease,0.142
2025-05-17,1,wk flu hosp rate change,2025-05-24,34,pmf,increase,0.089
2025-05-17,1,wk flu hosp rate change,2025-05-24,34,pmf,large_decrease,0.041
2025-05-17,1,wk flu hosp rate change,2025-05-24,34,pmf,large_increase,0.047
2025-05-17,1,wk flu hosp rate change,2025-05-24,34,pmf,stable,0.681
2025-05-17,2,wk flu hosp rate change,2025-05-31,34,pmf,decrease,0.143
2025-05-17,2,wk flu hosp rate change,2025-05-31,34,pmf,increase,0.101
2025-05-17,2,wk flu hosp rate change,2025-05-31,34,pmf,large_decrease,0.042
2025-05-17,2,wk flu hosp rate change,2025-05-31,34,pmf,large_increase,0.053
2025-05-17,2,wk flu hosp rate change,2025-05-31,34,pmf,stable,0.661
2025-05-17,3,wk flu hosp rate change,2025-06-07,34,pmf,decrease,0.126
2025-05-17,3,wk flu hosp rate change,2025-06-07,34,pmf,increase,0.096
2025-05-17,3,wk flu hosp rate change,2025-06-07,34,pmf,large_decrease,0.036
2025-05-17,3,wk flu hosp rate change,2025-06-07,34,pmf,large_increase,0.06
2025-05-17,3,wk flu hosp rate change,2025-06-07,34,pmf,stable,0.682
2025-05-17,0,wk flu hosp rate change,2025-05-17,35,pmf,decrease,0.224
2025-05-17,0,wk flu hosp rate change,2025-05-17,35,pmf,increase,0.141
2025-05-17,0,wk flu hosp rate change,2025-05-17,35,pmf,large_decrease,0
2025-05-17,0,wk flu hosp rate change,2025-05-17,35,pmf,large_increase,0.059
2025-05-17,0,wk flu hosp rate change,2025-05-17,35,pmf,stable,0.576
2025-05-17,1,wk flu hosp rate change,2025-05-24,35,pmf,decrease,0.219
2025-05-17,1,wk flu hosp rate change,2025-05-24,35,pmf,increase,0.166
2025-05-17,1,wk flu hosp rate change,2025-05-24,35,pmf,large_decrease,0.047
2025-05-17,1,wk flu hosp rate change,2025-05-24,35,pmf,large_increase,0.077
2025-05-17,1,wk flu hosp rate change,2025-05-24,35,pmf,stable,0.491
2025-05-17,2,wk flu hosp rate change,2025-05-31,35,pmf,decrease,0.185
2025-05-17,2,wk flu hosp rate change,2025-05-31,35,pmf,increase,0.143
2025-05-17,2,wk flu hosp rate change,2025-05-31,35,pmf,large_decrease,0.059
2025-05-17,2,wk flu hosp rate change,2025-05-31,35,pmf,large_increase,0.071
2025-05-17,2,wk flu hosp rate change,2025-05-31,35,pmf,stable,0.542
2025-05-17,3,wk flu hosp rate change,2025-06-07,35,pmf,decrease,0.155
2025-05-17,3,wk flu hosp rate change,2025-06-07,35,pmf,increase,0.09
2025-05-17,3,wk flu hosp rate change,2025-06-07,35,pmf,large_decrease,0.072
2025-05-17,3,wk flu hosp rate change,2025-06-07,35,pmf,large_increase,0.09
2025-05-17,3,wk flu hosp rate change,2025-06-07,35,pmf,stable,0.593
2025-05-17,0,wk flu hosp rate change,2025-05-17,36,pmf,decrease,0.159
2025-05-17,0,wk flu hosp rate change,2025-05-17,36,pmf,increase,0.112
2025-05-17,0,wk flu hosp rate change,2025-05-17,36,pmf,large_decrease,0
2025-05-17,0,wk flu hosp rate change,2025-05-17,36,pmf,large_increase,0.029
2025-05-17,0,wk flu hosp rate change,2025-05-17,36,pmf,stable,0.7
2025-05-17,1,wk flu hosp rate change,2025-05-24,36,pmf,decrease,0.136
2025-05-17,1,wk flu hosp rate change,2025-05-24,36,pmf,increase,0.089
2025-05-17,1,wk flu hosp rate change,2025-05-24,36,pmf,large_decrease,0.036
2025-05-17,1,wk flu hosp rate change,2025-05-24,36,pmf,large_increase,0.041
2025-05-17,1,wk flu hosp rate change,2025-05-24,36,pmf,stable,0.698
2025-05-17,2,wk flu hosp rate change,2025-05-31,36,pmf,decrease,0.149
2025-05-17,2,wk flu hosp rate change,2025-05-31,36,pmf,increase,0.095
2025-05-17,2,wk flu hosp rate change,2025-05-31,36,pmf,large_decrease,0.036
2025-05-17,2,wk flu hosp rate change,2025-05-31,36,pmf,large_increase,0.053
2025-05-17,2,wk flu hosp rate change,2025-05-31,36,pmf,stable,0.667
2025-05-17,3,wk flu hosp rate change,2025-06-07,36,pmf,decrease,0.12
2025-05-17,3,wk flu hosp rate change,2025-06-07,36,pmf,increase,0.096
2025-05-17,3,wk flu hosp rate change,2025-06-07,36,pmf,large_decrease,0.048
2025-05-17,3,wk flu hosp rate change,2025-06-07,36,pmf,large_increase,0.054
2025-05-17,3,wk flu hosp rate change,2025-06-07,36,pmf,stable,0.682
2025-05-17,0,wk flu hosp rate change,2025-05-17,37,pmf,decrease,0.153
2025-05-17,0,wk flu hosp rate change,2025-05-17,37,pmf,increase,0.082
2025-05-17,0,wk flu hosp rate change,2025-05-17,37,pmf,large_decrease,0
2025-05-17,0,wk flu hosp rate change,2025-05-17,37,pmf,large_increase,0.053
2025-05-17,0,wk flu hosp rate change,2025-05-17,37,pmf,stable,0.712
2025-05-17,1,wk flu hosp rate change,2025-05-24,37,pmf,decrease,0.101
2025-05-17,1,wk flu hosp rate change,2025-05-24,37,pmf,increase,0.083
2025-05-17,1,wk flu hosp rate change,2025-05-24,37,pmf,large_decrease,0.041
2025-05-17,1,wk flu hosp rate change,2025-05-24,37,pmf,large_increase,0.041
2025-05-17,1,wk flu hosp rate change,2025-05-24,37,pmf,stable,0.734
2025-05-17,2,wk flu hosp rate change,2025-05-31,37,pmf,decrease,0.101
2025-05-17,2,wk flu hosp rate change,2025-05-31,37,pmf,increase,0.083
2025-05-17,2,wk flu hosp rate change,2025-05-31,37,pmf,large_decrease,0.054
2025-05-17,2,wk flu hosp rate change,2025-05-31,37,pmf,large_increase,0.054
2025-05-17,2,wk flu hosp rate change,2025-05-31,37,pmf,stable,0.708
2025-05-17,3,wk flu hosp rate change,2025-06-07,37,pmf,decrease,0.096
2025-05-17,3,wk flu hosp rate change,2025-06-07,37,pmf,increase,0.078
2025-05-17,3,wk flu hosp rate change,2025-06-07,37,pmf,large_decrease,0.048
2025-05-17,3,wk flu hosp rate change,2025-06-07,37,pmf,large_increase,0.06
2025-05-17,3,wk flu hosp rate change,2025-06-07,37,pmf,stable,0.718
2025-05-17,0,wk flu hosp rate change,2025-05-17,38,pmf,decrease,0.094
2025-05-17,0,wk flu hosp rate change,2025-05-17,38,pmf,increase,0.024
2025-05-17,0,wk flu hosp rate change,2025-05-17,38,pmf,large_decrease,0
2025-05-17,0,wk flu hosp rate change,2025-05-17,38,pmf,large_increase,0.059
2025-05-17,0,wk flu hosp rate change,2025-05-17,38,pmf,stable,0.823
2025-05-17,1,wk flu hosp rate change,2025-05-24,38,pmf,decrease,0.089
2025-05-17,1,wk flu hosp rate change,2025-05-24,38,pmf,increase,0.053
2025-05-17,1,wk flu hosp rate change,2025-05-24,38,pmf,large_decrease,0.036
2025-05-17,1,wk flu hosp rate change,2025-05-24,38,pmf,large_increase,0.047
2025-05-17,1,wk flu hosp rate change,2025-05-24,38,pmf,stable,0.775
2025-05-17,2,wk flu hosp rate change,2025-05-31,38,pmf,decrease,0.113
2025-05-17,2,wk flu hosp rate change,2025-05-31,38,pmf,increase,0.054
2025-05-17,2,wk flu hosp rate change,2025-05-31,38,pmf,large_decrease,0.036
2025-05-17,2,wk flu hosp rate change,2025-05-31,38,pmf,large_increase,0.059
2025-05-17,2,wk flu hosp rate change,2025-05-31,38,pmf,stable,0.738
2025-05-17,3,wk flu hosp rate change,2025-06-07,38,pmf,decrease,0.132
2025-05-17,3,wk flu hosp rate change,2025-06-07,38,pmf,increase,0.084
2025-05-17,3,wk flu hosp rate change,2025-06-07,38,pmf,large_decrease,0.042
2025-05-17,3,wk flu hosp rate change,2025-06-07,38,pmf,large_increase,0.054
2025-05-17,3,wk flu hosp rate change,2025-06-07,38,pmf,stable,0.688
2025-05-17,0,wk flu hosp rate change,2025-05-17,39,pmf,decrease,0.165
2025-05-17,0,wk flu hosp rate change,2025-05-17,39,pmf,increase,0.088
2025-05-17,0,wk flu hosp rate change,2025-05-17,39,pmf,large_decrease,0
2025-05-17,0,wk flu hosp rate change,2025-05-17,39,pmf,large_increase,0.059
2025-05-17,0,wk flu hosp rate change,2025-05-17,39,pmf,stable,0.688
2025-05-17,1,wk flu hosp rate change,2025-05-24,39,pmf,decrease,0.124
2025-05-17,1,wk flu hosp rate change,2025-05-24,39,pmf,increase,0.101
2025-05-17,1,wk flu hosp rate change,2025-05-24,39,pmf,large_decrease,0.047
2025-05-17,1,wk flu hosp rate change,2025-05-24,39,pmf,large_increase,0.053
2025-05-17,1,wk flu hosp rate change,2025-05-24,39,pmf,stable,0.675
2025-05-17,2,wk flu hosp rate change,2025-05-31,39,pmf,decrease,0.119
2025-05-17,2,wk flu hosp rate change,2025-05-31,39,pmf,increase,0.113
2025-05-17,2,wk flu hosp rate change,2025-05-31,39,pmf,large_decrease,0.059
2025-05-17,2,wk flu hosp rate change,2025-05-31,39,pmf,large_increase,0.06
2025-05-17,2,wk flu hosp rate change,2025-05-31,39,pmf,stable,0.649
2025-05-17,3,wk flu hosp rate change,2025-06-07,39,pmf,decrease,0.102
2025-05-17,3,wk flu hosp rate change,2025-06-07,39,pmf,increase,0.078
2025-05-17,3,wk flu hosp rate change,2025-06-07,39,pmf,large_decrease,0.06
2025-05-17,3,wk flu hosp rate change,2025-06-07,39,pmf,large_increase,0.072
2025-05-17,3,wk flu hosp rate change,2025-06-07,39,pmf,stable,0.688
2025-05-17,0,wk flu hosp rate change,2025-05-17,40,pmf,decrease,0.229
2025-05-17,0,wk flu hosp rate change,2025-05-17,40,pmf,increase,0.141
2025-05-17,0,wk flu hosp rate change,2025-05-17,40,pmf,large_decrease,0
2025-05-17,0,wk flu hosp rate change,2025-05-17,40,pmf,large_increase,0.059
2025-05-17,0,wk flu hosp rate change,2025-05-17,40,pmf,stable,0.571
2025-05-17,1,wk flu hosp rate change,2025-05-24,40,pmf,decrease,0.154
2025-05-17,1,wk flu hosp rate change,2025-05-24,40,pmf,increase,0.13
2025-05-17,1,wk flu hosp rate change,2025-05-24,40,pmf,large_decrease,0.077
2025-05-17,1,wk flu hosp rate change,2025-05-24,40,pmf,large_increase,0.059
2025-05-17,1,wk flu hosp rate change,2025-05-24,40,pmf,stable,0.58
2025-05-17,2,wk flu hosp rate change,2025-05-31,40,pmf,decrease,0.137
2025-05-17,2,wk flu hosp rate change,2025-05-31,40,pmf,increase,0.137
2025-05-17,2,wk flu hosp rate change,2025-05-31,40,pmf,large_decrease,0.077
2025-05-17,2,wk flu hosp rate change,2025-05-31,40,pmf,large_increase,0.077
2025-05-17,2,wk flu hosp rate change,2025-05-31,40,pmf,stable,0.572
2025-05-17,3,wk flu hosp rate change,2025-06-07,40,pmf,decrease,0.131
2025-05-17,3,wk flu hosp rate change,2025-06-07,40,pmf,increase,0.108
2025-05-17,3,wk flu hosp rate change,2025-06-07,40,pmf,large_decrease,0.09
2025-05-17,3,wk flu hosp rate change,2025-06-07,40,pmf,large_increase,0.096
2025-05-17,3,wk flu hosp rate change,2025-06-07,40,pmf,stable,0.575
2025-05-17,0,wk flu hosp rate change,2025-05-17,41,pmf,decrease,0.182
2025-05-17,0,wk flu hosp rate change,2025-05-17,41,pmf,increase,0.106
2025-05-17,0,wk flu hosp rate change,2025-05-17,41,pmf,large_decrease,0
2025-05-17,0,wk flu hosp rate change,2025-05-17,41,pmf,large_increase,0.041
2025-05-17,0,wk flu hosp rate change,2025-05-17,41,pmf,stable,0.671
2025-05-17,1,wk flu hosp rate change,2025-05-24,41,pmf,decrease,0.095
2025-05-17,1,wk flu hosp rate change,2025-05-24,41,pmf,increase,0.071
2025-05-17,1,wk flu hosp rate change,2025-05-24,41,pmf,large_decrease,0.053
2025-05-17,1,wk flu hosp rate change,2025-05-24,41,pmf,large_increase,0.059
2025-05-17,1,wk flu hosp rate change,2025-05-24,41,pmf,stable,0.722
2025-05-17,2,wk flu hosp rate change,2025-05-31,41,pmf,decrease,0.095
2025-05-17,2,wk flu hosp rate change,2025-05-31,41,pmf,increase,0.054
2025-05-17,2,wk flu hosp rate change,2025-05-31,41,pmf,large_decrease,0.06
2025-05-17,2,wk flu hosp rate change,2025-05-31,41,pmf,large_increase,0.065
2025-05-17,2,wk flu hosp rate change,2025-05-31,41,pmf,stable,0.726
2025-05-17,3,wk flu hosp rate change,2025-06-07,41,pmf,decrease,0.078
2025-05-17,3,wk flu hosp rate change,2025-06-07,41,pmf,increase,0.084
2025-05-17,3,wk flu hosp rate change,2025-06-07,41,pmf,large_decrease,0.054
2025-05-17,3,wk flu hosp rate change,2025-06-07,41,pmf,large_increase,0.048
2025-05-17,3,wk flu hosp rate change,2025-06-07,41,pmf,stable,0.736
2025-05-17,0,wk flu hosp rate change,2025-05-17,42,pmf,decrease,0.188
2025-05-17,0,wk flu hosp rate change,2025-05-17,42,pmf,increase,0.112
2025-05-17,0,wk flu hosp rate change,2025-05-17,42,pmf,large_decrease,0
2025-05-17,0,wk flu hosp rate change,2025-05-17,42,pmf,large_increase,0.065
2025-05-17,0,wk flu hosp rate change,2025-05-17,42,pmf,stable,0.635
2025-05-17,1,wk flu hosp rate change,2025-05-24,42,pmf,decrease,0.13
2025-05-17,1,wk flu hosp rate change,2025-05-24,42,pmf,increase,0.089
2025-05-17,1,wk flu hosp rate change,2025-05-24,42,pmf,large_decrease,0.059
2025-05-17,1,wk flu hosp rate change,2025-05-24,42,pmf,large_increase,0.071
2025-05-17,1,wk flu hosp rate change,2025-05-24,42,pmf,stable,0.651
2025-05-17,2,wk flu hosp rate change,2025-05-31,42,pmf,decrease,0.137
2025-05-17,2,wk flu hosp rate change,2025-05-31,42,pmf,increase,0.101
2025-05-17,2,wk flu hosp rate change,2025-05-31,42,pmf,large_decrease,0.065
2025-05-17,2,wk flu hosp rate change,2025-05-31,42,pmf,large_increase,0.066
2025-05-17,2,wk flu hosp rate change,2025-05-31,42,pmf,stable,0.631
2025-05-17,3,wk flu hosp rate change,2025-06-07,42,pmf,decrease,0.12
2025-05-17,3,wk flu hosp rate change,2025-06-07,42,pmf,increase,0.09
2025-05-17,3,wk flu hosp rate change,2025-06-07,42,pmf,large_decrease,0.06
2025-05-17,3,wk flu hosp rate change,2025-06-07,42,pmf,large_increase,0.066
2025-05-17,3,wk flu hosp rate change,2025-06-07,42,pmf,stable,0.664
2025-05-17,0,wk flu hosp rate change,2025-05-17,44,pmf,decrease,0.076
2025-05-17,0,wk flu hosp rate change,2025-05-17,44,pmf,increase,0.024
2025-05-17,0,wk flu hosp rate change,2025-05-17,44,pmf,large_decrease,0
2025-05-17,0,wk flu hosp rate change,2025-05-17,44,pmf,large_increase,0.041
2025-05-17,0,wk flu hosp rate change,2025-05-17,44,pmf,stable,0.859
2025-05-17,1,wk flu hosp rate change,2025-05-24,44,pmf,decrease,0.071
2025-05-17,1,wk flu hosp rate change,2025-05-24,44,pmf,increase,0.077
2025-05-17,1,wk flu hosp rate change,2025-05-24,44,pmf,large_decrease,0.035
2025-05-17,1,wk flu hosp rate change,2025-05-24,44,pmf,large_increase,0.03
2025-05-17,1,wk flu hosp rate change,2025-05-24,44,pmf,stable,0.787
2025-05-17,2,wk flu hosp rate change,2025-05-31,44,pmf,decrease,0.101
2025-05-17,2,wk flu hosp rate change,2025-05-31,44,pmf,increase,0.089
2025-05-17,2,wk flu hosp rate change,2025-05-31,44,pmf,large_decrease,0.03
2025-05-17,2,wk flu hosp rate change,2025-05-31,44,pmf,large_increase,0.042
2025-05-17,2,wk flu hosp rate change,2025-05-31,44,pmf,stable,0.738
2025-05-17,3,wk flu hosp rate change,2025-06-07,44,pmf,decrease,0.12
2025-05-17,3,wk flu hosp rate change,2025-06-07,44,pmf,increase,0.096
2025-05-17,3,wk flu hosp rate change,2025-06-07,44,pmf,large_decrease,0.03
2025-05-17,3,wk flu hosp rate change,2025-06-07,44,pmf,large_increase,0.036
2025-05-17,3,wk flu hosp rate change,2025-06-07,44,pmf,stable,0.718
2025-05-17,0,wk flu hosp rate change,2025-05-17,45,pmf,decrease,0.182
2025-05-17,0,wk flu hosp rate change,2025-05-17,45,pmf,increase,0.118
2025-05-17,0,wk flu hosp rate change,2025-05-17,45,pmf,large_decrease,0
2025-05-17,0,wk flu hosp rate change,2025-05-17,45,pmf,large_increase,0.047
2025-05-17,0,wk flu hosp rate change,2025-05-17,45,pmf,stable,0.653
2025-05-17,1,wk flu hosp rate change,2025-05-24,45,pmf,decrease,0.124
2025-05-17,1,wk flu hosp rate change,2025-05-24,45,pmf,increase,0.118
2025-05-17,1,wk flu hosp rate change,2025-05-24,45,pmf,large_decrease,0.042
2025-05-17,1,wk flu hosp rate change,2025-05-24,45,pmf,large_increase,0.047
2025-05-17,1,wk flu hosp rate change,2025-05-24,45,pmf,stable,0.669
2025-05-17,2,wk flu hosp rate change,2025-05-31,45,pmf,decrease,0.131
2025-05-17,2,wk flu hosp rate change,2025-05-31,45,pmf,increase,0.077
2025-05-17,2,wk flu hosp rate change,2025-05-31,45,pmf,large_decrease,0.042
2025-05-17,2,wk flu hosp rate change,2025-05-31,45,pmf,large_increase,0.054
2025-05-17,2,wk flu hosp rate change,2025-05-31,45,pmf,stable,0.696
2025-05-17,3,wk flu hosp rate change,2025-06-07,45,pmf,decrease,0.12
2025-05-17,3,wk flu hosp rate change,2025-06-07,45,pmf,increase,0.066
2025-05-17,3,wk flu hosp rate change,2025-06-07,45,pmf,large_decrease,0.054
2025-05-17,3,wk flu hosp rate change,2025-06-07,45,pmf,large_increase,0.06
2025-05-17,3,wk flu hosp rate change,2025-06-07,45,pmf,stable,0.7
2025-05-17,0,wk flu hosp rate change,2025-05-17,46,pmf,decrease,0.1
2025-05-17,0,wk flu hosp rate change,2025-05-17,46,pmf,increase,0.053
2025-05-17,0,wk flu hosp rate change,2025-05-17,46,pmf,large_decrease,0
2025-05-17,0,wk flu hosp rate change,2025-05-17,46,pmf,large_increase,0.059
2025-05-17,0,wk flu hosp rate change,2025-05-17,46,pmf,stable,0.788
2025-05-17,1,wk flu hosp rate change,2025-05-24,46,pmf,decrease,0.059
2025-05-17,1,wk flu hosp rate change,2025-05-24,46,pmf,increase,0.083
2025-05-17,1,wk flu hosp rate change,2025-05-24,46,pmf,large_decrease,0.053
2025-05-17,1,wk flu hosp rate change,2025-05-24,46,pmf,large_increase,0.047
2025-05-17,1,wk flu hosp rate change,2025-05-24,46,pmf,stable,0.758
2025-05-17,2,wk flu hosp rate change,2025-05-31,46,pmf,decrease,0.077
2025-05-17,2,wk flu hosp rate change,2025-05-31,46,pmf,increase,0.089
2025-05-17,2,wk flu hosp rate change,2025-05-31,46,pmf,large_decrease,0.054
2025-05-17,2,wk flu hosp rate change,2025-05-31,46,pmf,large_increase,0.066
2025-05-17,2,wk flu hosp rate change,2025-05-31,46,pmf,stable,0.714
2025-05-17,3,wk flu hosp rate change,2025-06-07,46,pmf,decrease,0.132
2025-05-17,3,wk flu hosp rate change,2025-06-07,46,pmf,increase,0.12
2025-05-17,3,wk flu hosp rate change,2025-06-07,46,pmf,large_decrease,0.054
2025-05-17,3,wk flu hosp rate change,2025-06-07,46,pmf,large_increase,0.06
2025-05-17,3,wk flu hosp rate change,2025-06-07,46,pmf,stable,0.634
2025-05-17,0,wk flu hosp rate change,2025-05-17,47,pmf,decrease,0.188
2025-05-17,0,wk flu hosp rate change,2025-05-17,47,pmf,increase,0.094
2025-05-17,0,wk flu hosp rate change,2025-05-17,47,pmf,large_decrease,0
2025-05-17,0,wk flu hosp rate change,2025-05-17,47,pmf,large_increase,0.047
2025-05-17,0,wk flu hosp rate change,2025-05-17,47,pmf,stable,0.671
2025-05-17,1,wk flu hosp rate change,2025-05-24,47,pmf,decrease,0.136
2025-05-17,1,wk flu hosp rate change,2025-05-24,47,pmf,increase,0.089
2025-05-17,1,wk flu hosp rate change,2025-05-24,47,pmf,large_decrease,0.036
2025-05-17,1,wk flu hosp rate change,2025-05-24,47,pmf,large_increase,0.041
2025-05-17,1,wk flu hosp rate change,2025-05-24,47,pmf,stable,0.698
2025-05-17,2,wk flu hosp rate change,2025-05-31,47,pmf,decrease,0.161
2025-05-17,2,wk flu hosp rate change,2025-05-31,47,pmf,increase,0.101
2025-05-17,2,wk flu hosp rate change,2025-05-31,47,pmf,large_decrease,0.03
2025-05-17,2,wk flu hosp rate change,2025-05-31,47,pmf,large_increase,0.047
2025-05-17,2,wk flu hosp rate change,2025-05-31,47,pmf,stable,0.661
2025-05-17,3,wk flu hosp rate change,2025-06-07,47,pmf,decrease,0.156
2025-05-17,3,wk flu hosp rate change,2025-06-07,47,pmf,increase,0.096
2025-05-17,3,wk flu hosp rate change,2025-06-07,47,pmf,large_decrease,0.024
2025-05-17,3,wk flu hosp rate change,2025-06-07,47,pmf,large_increase,0.036
2025-05-17,3,wk flu hosp rate change,2025-06-07,47,pmf,stable,0.688
2025-05-17,0,wk flu hosp rate change,2025-05-17,48,pmf,decrease,0.171
2025-05-17,0,wk flu hosp rate change,2025-05-17,48,pmf,increase,0.165
2025-05-17,0,wk flu hosp rate change,2025-05-17,48,pmf,large_decrease,0
2025-05-17,0,wk flu hosp rate change,2025-05-17,48,pmf,large_increase,0.023
2025-05-17,0,wk flu hosp rate change,2025-05-17,48,pmf,stable,0.641
2025-05-17,1,wk flu hosp rate change,2025-05-24,48,pmf,decrease,0.166
2025-05-17,1,wk flu hosp rate change,2025-05-24,48,pmf,increase,0.142
2025-05-17,1,wk flu hosp rate change,2025-05-24,48,pmf,large_decrease,0.018
2025-05-17,1,wk flu hosp rate change,2025-05-24,48,pmf,large_increase,0.029
2025-05-17,1,wk flu hosp rate change,2025-05-24,48,pmf,stable,0.645
2025-05-17,2,wk flu hosp rate change,2025-05-31,48,pmf,decrease,0.178
2025-05-17,2,wk flu hosp rate change,2025-05-31,48,pmf,increase,0.149
2025-05-17,2,wk flu hosp rate change,2025-05-31,48,pmf,large_decrease,0.018
2025-05-17,2,wk flu hosp rate change,2025-05-31,48,pmf,large_increase,0.024
2025-05-17,2,wk flu hosp rate change,2025-05-31,48,pmf,stable,0.631
2025-05-17,3,wk flu hosp rate change,2025-06-07,48,pmf,decrease,0.144
2025-05-17,3,wk flu hosp rate change,2025-06-07,48,pmf,increase,0.138
2025-05-17,3,wk flu hosp rate change,2025-06-07,48,pmf,large_decrease,0.024
2025-05-17,3,wk flu hosp rate change,2025-06-07,48,pmf,large_increase,0.024
2025-05-17,3,wk flu hosp rate change,2025-06-07,48,pmf,stable,0.67
2025-05-17,0,wk flu hosp rate change,2025-05-17,49,pmf,decrease,0.124
2025-05-17,0,wk flu hosp rate change,2025-05-17,49,pmf,increase,0.082
2025-05-17,0,wk flu hosp rate change,2025-05-17,49,pmf,large_decrease,0
2025-05-17,0,wk flu hosp rate change,2025-05-17,49,pmf,large_increase,0.018
2025-05-17,0,wk flu hosp rate change,2025-05-17,49,pmf,stable,0.776
2025-05-17,1,wk flu hosp rate change,2025-05-24,49,pmf,decrease,0.095
2025-05-17,1,wk flu hosp rate change,2025-05-24,49,pmf,increase,0.059
2025-05-17,1,wk flu hosp rate change,2025-05-24,49,pmf,large_decrease,0.006
2025-05-17,1,wk flu hosp rate change,2025-05-24,49,pmf,large_increase,0.012
2025-05-17,1,wk flu hosp rate change,2025-05-24,49,pmf,stable,0.828
2025-05-17,2,wk flu hosp rate change,2025-05-31,49,pmf,decrease,0.095
2025-05-17,2,wk flu hosp rate change,2025-05-31,49,pmf,increase,0.054
2025-05-17,2,wk flu hosp rate change,2025-05-31,49,pmf,large_decrease,0.006
2025-05-17,2,wk flu hosp rate change,2025-05-31,49,pmf,large_increase,0.018
2025-05-17,2,wk flu hosp rate change,2025-05-31,49,pmf,stable,0.827
2025-05-17,3,wk flu hosp rate change,2025-06-07,49,pmf,decrease,0.102
2025-05-17,3,wk flu hosp rate change,2025-06-07,49,pmf,increase,0.066
2025-05-17,3,wk flu hosp rate change,2025-06-07,49,pmf,large_decrease,0.006
2025-05-17,3,wk flu hosp rate change,2025-06-07,49,pmf,large_increase,0.012
2025-05-17,3,wk flu hosp rate change,2025-06-07,49,pmf,stable,0.814
2025-05-17,0,wk flu hosp rate change,2025-05-17,50,pmf,decrease,0.047
2025-05-17,0,wk flu hosp rate change,2025-05-17,50,pmf,increase,0
2025-05-17,0,wk flu hosp rate change,2025-05-17,50,pmf,large_decrease,0
2025-05-17,0,wk flu hosp rate change,2025-05-17,50,pmf,large_increase,0.059
2025-05-17,0,wk flu hosp rate change,2025-05-17,50,pmf,stable,0.894
2025-05-17,1,wk flu hosp rate change,2025-05-24,50,pmf,decrease,0.03
2025-05-17,1,wk flu hosp rate change,2025-05-24,50,pmf,increase,0.03
2025-05-17,1,wk flu hosp rate change,2025-05-24,50,pmf,large_decrease,0.041
2025-05-17,1,wk flu hosp rate change,2025-05-24,50,pmf,large_increase,0.059
2025-05-17,1,wk flu hosp rate change,2025-05-24,50,pmf,stable,0.84
2025-05-17,2,wk flu hosp rate change,2025-05-31,50,pmf,decrease,0.059
2025-05-17,2,wk flu hosp rate change,2025-05-31,50,pmf,increase,0.059
2025-05-17,2,wk flu hosp rate change,2025-05-31,50,pmf,large_decrease,0.048
2025-05-17,2,wk flu hosp rate change,2025-05-31,50,pmf,large_increase,0.054
2025-05-17,2,wk flu hosp rate change,2025-05-31,50,pmf,stable,0.78
2025-05-17,3,wk flu hosp rate change,2025-06-07,50,pmf,decrease,0.072
2025-05-17,3,wk flu hosp rate change,2025-06-07,50,pmf,increase,0.06
2025-05-17,3,wk flu hosp rate change,2025-06-07,50,pmf,large_decrease,0.048
2025-05-17,3,wk flu hosp rate change,2025-06-07,50,pmf,large_increase,0.066
2025-05-17,3,wk flu hosp rate change,2025-06-07,50,pmf,stable,0.754
2025-05-17,0,wk flu hosp rate change,2025-05-17,51,pmf,decrease,0.177
2025-05-17,0,wk flu hosp rate change,2025-05-17,51,pmf,increase,0.1
2025-05-17,0,wk flu hosp rate change,2025-05-17,51,pmf,large_decrease,0
2025-05-17,0,wk flu hosp rate change,2025-05-17,51,pmf,large_increase,0.041
2025-05-17,0,wk flu hosp rate change,2025-05-17,51,pmf,stable,0.682
2025-05-17,1,wk flu hosp rate change,2025-05-24,51,pmf,decrease,0.136
2025-05-17,1,wk flu hosp rate change,2025-05-24,51,pmf,increase,0.089
2025-05-17,1,wk flu hosp rate change,2025-05-24,51,pmf,large_decrease,0.029
2025-05-17,1,wk flu hosp rate change,2025-05-24,51,pmf,large_increase,0.03
2025-05-17,1,wk flu hosp rate change,2025-05-24,51,pmf,stable,0.716
2025-05-17,2,wk flu hosp rate change,2025-05-31,51,pmf,decrease,0.113
2025-05-17,2,wk flu hosp rate change,2025-05-31,51,pmf,increase,0.095
2025-05-17,2,wk flu hosp rate change,2025-05-31,51,pmf,large_decrease,0.042
2025-05-17,2,wk flu hosp rate change,2025-05-31,51,pmf,large_increase,0.03
2025-05-17,2,wk flu hosp rate change,2025-05-31,51,pmf,stable,0.72
2025-05-17,3,wk flu hosp rate change,2025-06-07,51,pmf,decrease,0.114
2025-05-17,3,wk flu hosp rate change,2025-06-07,51,pmf,increase,0.114
2025-05-17,3,wk flu hosp rate change,2025-06-07,51,pmf,large_decrease,0.03
2025-05-17,3,wk flu hosp rate change,2025-06-07,51,pmf,large_increase,0.024
2025-05-17,3,wk flu hosp rate change,2025-06-07,51,pmf,stable,0.718
2025-05-17,0,wk flu hosp rate change,2025-05-17,53,pmf,decrease,0.129
2025-05-17,0,wk flu hosp rate change,2025-05-17,53,pmf,increase,0.077
2025-05-17,0,wk flu hosp rate change,2025-05-17,53,pmf,large_decrease,0
2025-05-17,0,wk flu hosp rate change,2025-05-17,53,pmf,large_increase,0.035
2025-05-17,0,wk flu hosp rate change,2025-05-17,53,pmf,stable,0.759
2025-05-17,1,wk flu hosp rate change,2025-05-24,53,pmf,decrease,0.112
2025-05-17,1,wk flu hosp rate change,2025-05-24,53,pmf,increase,0.077
2025-05-17,1,wk flu hosp rate change,2025-05-24,53,pmf,large_decrease,0.03
2025-05-17,1,wk flu hosp rate change,2025-05-24,53,pmf,large_increase,0.03
2025-05-17,1,wk flu hosp rate change,2025-05-24,53,pmf,stable,0.751
2025-05-17,2,wk flu hosp rate change,2025-05-31,53,pmf,decrease,0.101
2025-05-17,2,wk flu hosp rate change,2025-05-31,53,pmf,increase,0.077
2025-05-17,2,wk flu hosp rate change,2025-05-31,53,pmf,large_decrease,0.03
2025-05-17,2,wk flu hosp rate change,2025-05-31,53,pmf,large_increase,0.042
2025-05-17,2,wk flu hosp rate change,2025-05-31,53,pmf,stable,0.75
2025-05-17,3,wk flu hosp rate change,2025-06-07,53,pmf,decrease,0.09
2025-05-17,3,wk flu hosp rate change,2025-06-07,53,pmf,increase,0.06
2025-05-17,3,wk flu hosp rate change,2025-06-07,53,pmf,large_decrease,0.03
2025-05-17,3,wk flu hosp rate change,2025-06-07,53,pmf,large_increase,0.036
2025-05-17,3,wk flu hosp rate change,2025-06-07,53,pmf,stable,0.784
2025-05-17,0,wk flu hosp rate change,2025-05-17,54,pmf,decrease,0.153
2025-05-17,0,wk flu hosp rate change,2025-05-17,54,pmf,increase,0.071
2025-05-17,0,wk flu hosp rate change,2025-05-17,54,pmf,large_decrease,0
2025-05-17,0,wk flu hosp rate change,2025-05-17,54,pmf,large_increase,0.076
2025-05-17,0,wk flu hosp rate change,2025-05-17,54,pmf,stable,0.7
2025-05-17,1,wk flu hosp rate change,2025-05-24,54,pmf,decrease,0.112
2025-05-17,1,wk flu hosp rate change,2025-05-24,54,pmf,increase,0.101
2025-05-17,1,wk flu hosp rate change,2025-05-24,54,pmf,large_decrease,0.095
2025-05-17,1,wk flu hosp rate change,2025-05-24,54,pmf,large_increase,0.089
2025-05-17,1,wk flu hosp rate change,2025-05-24,54,pmf,stable,0.603
2025-05-17,2,wk flu hosp rate change,2025-05-31,54,pmf,decrease,0.125
2025-05-17,2,wk flu hosp rate change,2025-05-31,54,pmf,increase,0.107
2025-05-17,2,wk flu hosp rate change,2025-05-31,54,pmf,large_decrease,0.089
2025-05-17,2,wk flu hosp rate change,2025-05-31,54,pmf,large_increase,0.089
2025-05-17,2,wk flu hosp rate change,2025-05-31,54,pmf,stable,0.59
2025-05-17,3,wk flu hosp rate change,2025-06-07,54,pmf,decrease,0.102
2025-05-17,3,wk flu hosp rate change,2025-06-07,54,pmf,increase,0.09
2025-05-17,3,wk flu hosp rate change,2025-06-07,54,pmf,large_decrease,0.09
2025-05-17,3,wk flu hosp rate change,2025-06-07,54,pmf,large_increase,0.096
2025-05-17,3,wk flu hosp rate change,2025-06-07,54,pmf,stable,0.622
2025-05-17,0,wk flu hosp rate change,2025-05-17,55,pmf,decrease,0.141
2025-05-17,0,wk flu hosp rate change,2025-05-17,55,pmf,increase,0.1
2025-05-17,0,wk flu hosp rate change,2025-05-17,55,pmf,large_decrease,0
2025-05-17,0,wk flu hosp rate change,2025-05-17,55,pmf,large_increase,0.047
2025-05-17,0,wk flu hosp rate change,2025-05-17,55,pmf,stable,0.712
2025-05-17,1,wk flu hosp rate change,2025-05-24,55,pmf,decrease,0.101
2025-05-17,1,wk flu hosp rate change,2025-05-24,55,pmf,increase,0.095
2025-05-17,1,wk flu hosp rate change,2025-05-24,55,pmf,large_decrease,0.047
2025-05-17,1,wk flu hosp rate change,2025-05-24,55,pmf,large_increase,0.053
2025-05-17,1,wk flu hosp rate change,2025-05-24,55,pmf,stable,0.704
2025-05-17,2,wk flu hosp rate change,2025-05-31,55,pmf,decrease,0.113
2025-05-17,2,wk flu hosp rate change,2025-05-31,55,pmf,increase,0.083
2025-05-17,2,wk flu hosp rate change,2025-05-31,55,pmf,large_decrease,0.054
2025-05-17,2,wk flu hosp rate change,2025-05-31,55,pmf,large_increase,0.054
2025-05-17,2,wk flu hosp rate change,2025-05-31,55,pmf,stable,0.696
2025-05-17,3,wk flu hosp rate change,2025-06-07,55,pmf,decrease,0.108
2025-05-17,3,wk flu hosp rate change,2025-06-07,55,pmf,increase,0.078
2025-05-17,3,wk flu hosp rate change,2025-06-07,55,pmf,large_decrease,0.054
2025-05-17,3,wk flu hosp rate change,2025-06-07,55,pmf,large_increase,0.06
2025-05-17,3,wk flu hosp rate change,2025-06-07,55,pmf,stable,0.7
2025-05-17,0,wk flu hosp rate change,2025-05-17,56,pmf,decrease,0.094
2025-05-17,0,wk flu hosp rate change,2025-05-17,56,pmf,increase,0
2025-05-17,0,wk flu hosp rate change,2025-05-17,56,pmf,large_decrease,0
2025-05-17,0,wk flu hosp rate change,2025-05-17,56,pmf,large_increase,0.094
2025-05-17,0,wk flu hosp rate change,2025-05-17,56,pmf,stable,0.812
2025-05-17,1,wk flu hosp rate change,2025-05-24,56,pmf,decrease,0.035
2025-05-17,1,wk flu hosp rate change,2025-05-24,56,pmf,increase,0.03
2025-05-17,1,wk flu hosp rate change,2025-05-24,56,pmf,large_decrease,0.089
2025-05-17,1,wk flu hosp rate change,2025-05-24,56,pmf,large_increase,0.077
2025-05-17,1,wk flu hosp rate change,2025-05-24,56,pmf,stable,0.769
2025-05-17,2,wk flu hosp rate change,2025-05-31,56,pmf,decrease,0.06
2025-05-17,2,wk flu hosp rate change,2025-05-31,56,pmf,increase,0.03
2025-05-17,2,wk flu hosp rate change,2025-05-31,56,pmf,large_decrease,0.077
2025-05-17,2,wk flu hosp rate change,2025-05-31,56,pmf,large_increase,0.077
2025-05-17,2,wk flu hosp rate change,2025-05-31,56,pmf,stable,0.756
2025-05-17,3,wk flu hosp rate change,2025-06-07,56,pmf,decrease,0.126
2025-05-17,3,wk flu hosp rate change,2025-06-07,56,pmf,increase,0.042
2025-05-17,3,wk flu hosp rate change,2025-06-07,56,pmf,large_decrease,0.054
2025-05-17,3,wk flu hosp rate change,2025-06-07,56,pmf,large_increase,0.078
2025-05-17,3,wk flu hosp rate change,2025-06-07,56,pmf,stable,0.7
2025-05-17,0,wk flu hosp rate change,2025-05-17,US,pmf,decrease,0.153
2025-05-17,0,wk flu hosp rate change,2025-05-17,US,pmf,increase,0.076
2025-05-17,0,wk flu hosp rate change,2025-05-17,US,pmf,large_decrease,0
2025-05-17,0,wk flu hosp rate change,2025-05-17,US,pmf,large_increase,0.047
2025-05-17,0,wk flu hosp rate change,2025-05-17,US,pmf,stable,0.724
2025-05-17,1,wk flu hosp rate change,2025-05-24,US,pmf,decrease,0.118
2025-05-17,1,wk flu hosp rate change,2025-05-24,US,pmf,increase,0.101
2025-05-17,1,wk flu hosp rate change,2025-05-24,US,pmf,large_decrease,0.035
2025-05-17,1,wk flu hosp rate change,2025-05-24,US,pmf,large_increase,0.036
2025-05-17,1,wk flu hosp rate change,2025-05-24,US,pmf,stable,0.71
2025-05-17,2,wk flu hosp rate change,2025-05-31,US,pmf,decrease,0.119
2025-05-17,2,wk flu hosp rate change,2025-05-31,US,pmf,increase,0.107
2025-05-17,2,wk flu hosp rate change,2025-05-31,US,pmf,large_decrease,0.042
2025-05-17,2,wk flu hosp rate change,2025-05-31,US,pmf,large_increase,0.042
2025-05-17,2,wk flu hosp rate change,2025-05-31,US,pmf,stable,0.69
2025-05-17,3,wk flu hosp rate change,2025-06-07,US,pmf,decrease,0.114
2025-05-17,3,wk flu hosp rate change,2025-06-07,US,pmf,increase,0.114
2025-05-17,3,wk flu hosp rate change,2025-06-07,US,pmf,large_decrease,0.036
2025-05-17,3,wk flu hosp rate change,2025-06-07,US,pmf,large_increase,0.036
2025-05-17,3,wk flu hosp rate change,2025-06-07,US,pmf,stable,0.7
