"reference_date","horizon","target","target_end_date","location","output_type","output_type_id","value"
2026-01-31,0,"wk flu hosp rate change",2026-01-31,"02","pmf","large_increase",0.05
2026-01-31,0,"wk flu hosp rate change",2026-01-31,"01","pmf","large_increase",0.0629677673761891
2026-01-31,0,"wk flu hosp rate change",2026-01-31,"25","pmf","large_increase",0.0844317559330303
2026-01-31,0,"wk flu hosp rate change",2026-01-31,"37","pmf","large_increase",0.0653577656177619
2026-01-31,0,"wk flu hosp rate change",2026-01-31,"47","pmf","large_increase",0.062371026863229
2026-01-31,0,"wk flu hosp rate change",2026-01-31,"20","pmf","large_increase",0.0672775711269729
2026-01-31,0,"wk flu hosp rate change",2026-01-31,"55","pmf","large_increase",0.0628796820209342
2026-01-31,0,"wk flu hosp rate change",2026-01-31,"08","pmf","large_increase",0.0398783858312056
2026-01-31,0,"wk flu hosp rate change",2026-01-31,"17","pmf","large_increase",0.0597559830788019
2026-01-31,0,"wk flu hosp rate change",2026-01-31,"45","pmf","large_increase",0.060500279894748
2026-01-31,0,"wk flu hosp rate change",2026-01-31,"05","pmf","large_increase",0.0825235060354108
2026-01-31,0,"wk flu hosp rate change",2026-01-31,"49","pmf","large_increase",0.0266089772476743
2026-01-31,0,"wk flu hosp rate change",2026-01-31,"06","pmf","large_increase",0.0310742238713793
2026-01-31,0,"wk flu hosp rate change",2026-01-31,"13","pmf","large_increase",0.0458170915813287
2026-01-31,0,"wk flu hosp rate change",2026-01-31,"18","pmf","large_increase",0.0772362004510736
2026-01-31,0,"wk flu hosp rate change",2026-01-31,"38","pmf","large_increase",0.0778935185185184
2026-01-31,0,"wk flu hosp rate change",2026-01-31,"32","pmf","large_increase",0.0604502891917857
2026-01-31,0,"wk flu hosp rate change",2026-01-31,"36","pmf","large_increase",0.0555023883015907
2026-01-31,0,"wk flu hosp rate change",2026-01-31,"41","pmf","large_increase",0.0449345768463295
2026-01-31,0,"wk flu hosp rate change",2026-01-31,"42","pmf","large_increase",0.0885187773236703
2026-01-31,0,"wk flu hosp rate change",2026-01-31,"33","pmf","large_increase",0.0608387998056366
2026-01-31,0,"wk flu hosp rate change",2026-01-31,"72","pmf","large_increase",0.0960078249604224
2026-01-31,0,"wk flu hosp rate change",2026-01-31,"44","pmf","large_increase",0.0686042793185652
2026-01-31,0,"wk flu hosp rate change",2026-01-31,"09","pmf","large_increase",0.0733599633952224
2026-01-31,0,"wk flu hosp rate change",2026-01-31,"23","pmf","large_increase",0.0735906950192664
2026-01-31,0,"wk flu hosp rate change",2026-01-31,"29","pmf","large_increase",0.0792337632316829
2026-01-31,0,"wk flu hosp rate change",2026-01-31,"48","pmf","large_increase",0.0343443827400438
2026-01-31,0,"wk flu hosp rate change",2026-01-31,"35","pmf","large_increase",0.0811296450071959
2026-01-31,0,"wk flu hosp rate change",2026-01-31,"US","pmf","large_increase",0.0600992845088589
2026-01-31,0,"wk flu hosp rate change",2026-01-31,"15","pmf","large_increase",0.0152209070670397
2026-01-31,0,"wk flu hosp rate change",2026-01-31,"21","pmf","large_increase",0.0888193202576267
2026-01-31,0,"wk flu hosp rate change",2026-01-31,"24","pmf","large_increase",0.0458881158913553
2026-01-31,0,"wk flu hosp rate change",2026-01-31,"31","pmf","large_increase",0.0657440161249686
2026-01-31,0,"wk flu hosp rate change",2026-01-31,"53","pmf","large_increase",0.0289367753732428
2026-01-31,0,"wk flu hosp rate change",2026-01-31,"11","pmf","large_increase",0.1
2026-01-31,0,"wk flu hosp rate change",2026-01-31,"27","pmf","large_increase",0.05
2026-01-31,0,"wk flu hosp rate change",2026-01-31,"30","pmf","large_increase",0.0924442554799698
2026-01-31,0,"wk flu hosp rate change",2026-01-31,"19","pmf","large_increase",0.0605342282421065
2026-01-31,0,"wk flu hosp rate change",2026-01-31,"04","pmf","large_increase",0.0709827888571439
2026-01-31,0,"wk flu hosp rate change",2026-01-31,"56","pmf","large_increase",0.1
2026-01-31,0,"wk flu hosp rate change",2026-01-31,"50","pmf","large_increase",0.0609410430839002
2026-01-31,0,"wk flu hosp rate change",2026-01-31,"26","pmf","large_increase",0.0749774305473658
2026-01-31,0,"wk flu hosp rate change",2026-01-31,"12","pmf","large_increase",0.0451442265756633
2026-01-31,0,"wk flu hosp rate change",2026-01-31,"54","pmf","large_increase",0.110106860779739
2026-01-31,0,"wk flu hosp rate change",2026-01-31,"10","pmf","large_increase",0.0760461327388098
2026-01-31,0,"wk flu hosp rate change",2026-01-31,"28","pmf","large_increase",0.0589885092771392
2026-01-31,0,"wk flu hosp rate change",2026-01-31,"34","pmf","large_increase",0.0800509173366316
2026-01-31,0,"wk flu hosp rate change",2026-01-31,"51","pmf","large_increase",0.0593625619090743
2026-01-31,0,"wk flu hosp rate change",2026-01-31,"16","pmf","large_increase",0.0649518796716216
2026-01-31,0,"wk flu hosp rate change",2026-01-31,"39","pmf","large_increase",0.0846749925615004
2026-01-31,0,"wk flu hosp rate change",2026-01-31,"40","pmf","large_increase",0.0663804623199621
2026-01-31,0,"wk flu hosp rate change",2026-01-31,"22","pmf","large_increase",0.0687946275340359
2026-01-31,0,"wk flu hosp rate change",2026-01-31,"46","pmf","large_increase",0.0717030607336731
2026-01-31,1,"wk flu hosp rate change",2026-02-07,"02","pmf","large_increase",0.0586653709102688
2026-01-31,1,"wk flu hosp rate change",2026-02-07,"01","pmf","large_increase",0.0594578575188414
2026-01-31,1,"wk flu hosp rate change",2026-02-07,"25","pmf","large_increase",0.07746594272018
2026-01-31,1,"wk flu hosp rate change",2026-02-07,"37","pmf","large_increase",0.0676546142574657
2026-01-31,1,"wk flu hosp rate change",2026-02-07,"47","pmf","large_increase",0.0578862191540698
2026-01-31,1,"wk flu hosp rate change",2026-02-07,"20","pmf","large_increase",0.059210801624289
2026-01-31,1,"wk flu hosp rate change",2026-02-07,"55","pmf","large_increase",0.068479520965391
2026-01-31,1,"wk flu hosp rate change",2026-02-07,"08","pmf","large_increase",0.0402952610645734
2026-01-31,1,"wk flu hosp rate change",2026-02-07,"17","pmf","large_increase",0.0473346238839651
2026-01-31,1,"wk flu hosp rate change",2026-02-07,"45","pmf","large_increase",0.0667381925246866
2026-01-31,1,"wk flu hosp rate change",2026-02-07,"05","pmf","large_increase",0.0650374167356571
2026-01-31,1,"wk flu hosp rate change",2026-02-07,"49","pmf","large_increase",0.0170774144047254
2026-01-31,1,"wk flu hosp rate change",2026-02-07,"06","pmf","large_increase",0.00807660941335708
2026-01-31,1,"wk flu hosp rate change",2026-02-07,"13","pmf","large_increase",0.0489943135698544
2026-01-31,1,"wk flu hosp rate change",2026-02-07,"18","pmf","large_increase",0.0923245721237899
2026-01-31,1,"wk flu hosp rate change",2026-02-07,"38","pmf","large_increase",0.0713624338624339
2026-01-31,1,"wk flu hosp rate change",2026-02-07,"32","pmf","large_increase",0.0401898813712678
2026-01-31,1,"wk flu hosp rate change",2026-02-07,"36","pmf","large_increase",0.0488461810400483
2026-01-31,1,"wk flu hosp rate change",2026-02-07,"41","pmf","large_increase",0.0584350586829597
2026-01-31,1,"wk flu hosp rate change",2026-02-07,"42","pmf","large_increase",0.100488813506287
2026-01-31,1,"wk flu hosp rate change",2026-02-07,"33","pmf","large_increase",0.0687276215847645
2026-01-31,1,"wk flu hosp rate change",2026-02-07,"72","pmf","large_increase",0.0841266864844574
2026-01-31,1,"wk flu hosp rate change",2026-02-07,"44","pmf","large_increase",0.0713970773494584
2026-01-31,1,"wk flu hosp rate change",2026-02-07,"09","pmf","large_increase",0.0667988557546204
2026-01-31,1,"wk flu hosp rate change",2026-02-07,"23","pmf","large_increase",0.0852276272060853
2026-01-31,1,"wk flu hosp rate change",2026-02-07,"29","pmf","large_increase",0.0831133761708674
2026-01-31,1,"wk flu hosp rate change",2026-02-07,"48","pmf","large_increase",0.0219454240204711
2026-01-31,1,"wk flu hosp rate change",2026-02-07,"35","pmf","large_increase",0.0909318855747427
2026-01-31,1,"wk flu hosp rate change",2026-02-07,"US","pmf","large_increase",0.032857173861943
2026-01-31,1,"wk flu hosp rate change",2026-02-07,"15","pmf","large_increase",0.0040612628731943
2026-01-31,1,"wk flu hosp rate change",2026-02-07,"21","pmf","large_increase",0.0901301761440584
2026-01-31,1,"wk flu hosp rate change",2026-02-07,"24","pmf","large_increase",0.0458184111498728
2026-01-31,1,"wk flu hosp rate change",2026-02-07,"31","pmf","large_increase",0.0380137809091892
2026-01-31,1,"wk flu hosp rate change",2026-02-07,"53","pmf","large_increase",0.0165241202312082
2026-01-31,1,"wk flu hosp rate change",2026-02-07,"11","pmf","large_increase",0.1
2026-01-31,1,"wk flu hosp rate change",2026-02-07,"27","pmf","large_increase",0.0474661435088813
2026-01-31,1,"wk flu hosp rate change",2026-02-07,"30","pmf","large_increase",0.0858136761197986
2026-01-31,1,"wk flu hosp rate change",2026-02-07,"19","pmf","large_increase",0.0555308955163185
2026-01-31,1,"wk flu hosp rate change",2026-02-07,"04","pmf","large_increase",0.0727623692398204
2026-01-31,1,"wk flu hosp rate change",2026-02-07,"56","pmf","large_increase",0.112377418499867
2026-01-31,1,"wk flu hosp rate change",2026-02-07,"50","pmf","large_increase",0.0552623906705541
2026-01-31,1,"wk flu hosp rate change",2026-02-07,"26","pmf","large_increase",0.0699421148722661
2026-01-31,1,"wk flu hosp rate change",2026-02-07,"12","pmf","large_increase",0.0271334738945007
2026-01-31,1,"wk flu hosp rate change",2026-02-07,"54","pmf","large_increase",0.118353418603214
2026-01-31,1,"wk flu hosp rate change",2026-02-07,"10","pmf","large_increase",0.097104934188339
2026-01-31,1,"wk flu hosp rate change",2026-02-07,"28","pmf","large_increase",0.0513455743047582
2026-01-31,1,"wk flu hosp rate change",2026-02-07,"34","pmf","large_increase",0.0751998522305717
2026-01-31,1,"wk flu hosp rate change",2026-02-07,"51","pmf","large_increase",0.0415768799745743
2026-01-31,1,"wk flu hosp rate change",2026-02-07,"16","pmf","large_increase",0.0732824677490044
2026-01-31,1,"wk flu hosp rate change",2026-02-07,"39","pmf","large_increase",0.0966074714721875
2026-01-31,1,"wk flu hosp rate change",2026-02-07,"40","pmf","large_increase",0.082182460780852
2026-01-31,1,"wk flu hosp rate change",2026-02-07,"22","pmf","large_increase",0.0524245527380418
2026-01-31,1,"wk flu hosp rate change",2026-02-07,"46","pmf","large_increase",0.0686409875959804
2026-01-31,2,"wk flu hosp rate change",2026-02-14,"02","pmf","large_increase",0.0388664445369985
2026-01-31,2,"wk flu hosp rate change",2026-02-14,"01","pmf","large_increase",0.0415532923267264
2026-01-31,2,"wk flu hosp rate change",2026-02-14,"25","pmf","large_increase",0.0755037700637256
2026-01-31,2,"wk flu hosp rate change",2026-02-14,"37","pmf","large_increase",0.0658905853425334
2026-01-31,2,"wk flu hosp rate change",2026-02-14,"47","pmf","large_increase",0.0578794503565181
2026-01-31,2,"wk flu hosp rate change",2026-02-14,"20","pmf","large_increase",0.0446079604629638
2026-01-31,2,"wk flu hosp rate change",2026-02-14,"55","pmf","large_increase",0.0586541434755723
2026-01-31,2,"wk flu hosp rate change",2026-02-14,"08","pmf","large_increase",0.0420902854770346
2026-01-31,2,"wk flu hosp rate change",2026-02-14,"17","pmf","large_increase",0.0329848408656924
2026-01-31,2,"wk flu hosp rate change",2026-02-14,"45","pmf","large_increase",0.0713931080257609
2026-01-31,2,"wk flu hosp rate change",2026-02-14,"05","pmf","large_increase",0.0654427092734708
2026-01-31,2,"wk flu hosp rate change",2026-02-14,"49","pmf","large_increase",0.00697160486929049
2026-01-31,2,"wk flu hosp rate change",2026-02-14,"06","pmf","large_increase",0.00240209042091011
2026-01-31,2,"wk flu hosp rate change",2026-02-14,"13","pmf","large_increase",0.0352512132976837
2026-01-31,2,"wk flu hosp rate change",2026-02-14,"18","pmf","large_increase",0.0791376992716278
2026-01-31,2,"wk flu hosp rate change",2026-02-14,"38","pmf","large_increase",0.0605613962756821
2026-01-31,2,"wk flu hosp rate change",2026-02-14,"32","pmf","large_increase",0.0304660723135878
2026-01-31,2,"wk flu hosp rate change",2026-02-14,"36","pmf","large_increase",0.0464498548388541
2026-01-31,2,"wk flu hosp rate change",2026-02-14,"41","pmf","large_increase",0.0518308259092586
2026-01-31,2,"wk flu hosp rate change",2026-02-14,"42","pmf","large_increase",0.112032710725761
2026-01-31,2,"wk flu hosp rate change",2026-02-14,"33","pmf","large_increase",0.0654793124979461
2026-01-31,2,"wk flu hosp rate change",2026-02-14,"72","pmf","large_increase",0.0762005033411248
2026-01-31,2,"wk flu hosp rate change",2026-02-14,"44","pmf","large_increase",0.0674748591115139
2026-01-31,2,"wk flu hosp rate change",2026-02-14,"09","pmf","large_increase",0.0654514245365758
2026-01-31,2,"wk flu hosp rate change",2026-02-14,"23","pmf","large_increase",0.0850788310311593
2026-01-31,2,"wk flu hosp rate change",2026-02-14,"29","pmf","large_increase",0.0746962389566782
2026-01-31,2,"wk flu hosp rate change",2026-02-14,"48","pmf","large_increase",0.0164565621261999
2026-01-31,2,"wk flu hosp rate change",2026-02-14,"35","pmf","large_increase",0.0803748870822042
2026-01-31,2,"wk flu hosp rate change",2026-02-14,"US","pmf","large_increase",0.0185490764625833
2026-01-31,2,"wk flu hosp rate change",2026-02-14,"15","pmf","large_increase",0.00289584987593527
2026-01-31,2,"wk flu hosp rate change",2026-02-14,"21","pmf","large_increase",0.0911055402760752
2026-01-31,2,"wk flu hosp rate change",2026-02-14,"24","pmf","large_increase",0.0358118915485993
2026-01-31,2,"wk flu hosp rate change",2026-02-14,"31","pmf","large_increase",0.0339434572014747
2026-01-31,2,"wk flu hosp rate change",2026-02-14,"53","pmf","large_increase",0.00870646745975856
2026-01-31,2,"wk flu hosp rate change",2026-02-14,"11","pmf","large_increase",0.090066983948371
2026-01-31,2,"wk flu hosp rate change",2026-02-14,"27","pmf","large_increase",0.0536072010998461
2026-01-31,2,"wk flu hosp rate change",2026-02-14,"30","pmf","large_increase",0.0594397099499142
2026-01-31,2,"wk flu hosp rate change",2026-02-14,"19","pmf","large_increase",0.0366259798728131
2026-01-31,2,"wk flu hosp rate change",2026-02-14,"04","pmf","large_increase",0.0693487662922312
2026-01-31,2,"wk flu hosp rate change",2026-02-14,"56","pmf","large_increase",0.117611489040061
2026-01-31,2,"wk flu hosp rate change",2026-02-14,"50","pmf","large_increase",0.0538753914264116
2026-01-31,2,"wk flu hosp rate change",2026-02-14,"26","pmf","large_increase",0.0419596819273756
2026-01-31,2,"wk flu hosp rate change",2026-02-14,"12","pmf","large_increase",0.0106966903942312
2026-01-31,2,"wk flu hosp rate change",2026-02-14,"54","pmf","large_increase",0.117847823180671
2026-01-31,2,"wk flu hosp rate change",2026-02-14,"10","pmf","large_increase",0.093941238277973
2026-01-31,2,"wk flu hosp rate change",2026-02-14,"28","pmf","large_increase",0.0361977945603854
2026-01-31,2,"wk flu hosp rate change",2026-02-14,"34","pmf","large_increase",0.064420087466559
2026-01-31,2,"wk flu hosp rate change",2026-02-14,"51","pmf","large_increase",0.0320960831994798
2026-01-31,2,"wk flu hosp rate change",2026-02-14,"16","pmf","large_increase",0.0682456607320384
2026-01-31,2,"wk flu hosp rate change",2026-02-14,"39","pmf","large_increase",0.0918723507757562
2026-01-31,2,"wk flu hosp rate change",2026-02-14,"40","pmf","large_increase",0.0885911843922179
2026-01-31,2,"wk flu hosp rate change",2026-02-14,"22","pmf","large_increase",0.0448568093904228
2026-01-31,2,"wk flu hosp rate change",2026-02-14,"46","pmf","large_increase",0.0717246157722348
2026-01-31,3,"wk flu hosp rate change",2026-02-21,"02","pmf","large_increase",0.025
2026-01-31,3,"wk flu hosp rate change",2026-02-21,"01","pmf","large_increase",0.0229455521563773
2026-01-31,3,"wk flu hosp rate change",2026-02-21,"25","pmf","large_increase",0.0549535753306141
2026-01-31,3,"wk flu hosp rate change",2026-02-21,"37","pmf","large_increase",0.0618016779701601
2026-01-31,3,"wk flu hosp rate change",2026-02-21,"47","pmf","large_increase",0.043854344458872
2026-01-31,3,"wk flu hosp rate change",2026-02-21,"20","pmf","large_increase",0.034112050791594
2026-01-31,3,"wk flu hosp rate change",2026-02-21,"55","pmf","large_increase",0.0417360752074655
2026-01-31,3,"wk flu hosp rate change",2026-02-21,"08","pmf","large_increase",0.0294404784150726
2026-01-31,3,"wk flu hosp rate change",2026-02-21,"17","pmf","large_increase",0.0258733921200059
2026-01-31,3,"wk flu hosp rate change",2026-02-21,"45","pmf","large_increase",0.0640129781624745
2026-01-31,3,"wk flu hosp rate change",2026-02-21,"05","pmf","large_increase",0.0573542968306497
2026-01-31,3,"wk flu hosp rate change",2026-02-21,"49","pmf","large_increase",0.0022974101994484
2026-01-31,3,"wk flu hosp rate change",2026-02-21,"06","pmf","large_increase",0.00125633643351619
2026-01-31,3,"wk flu hosp rate change",2026-02-21,"13","pmf","large_increase",0.0276937589016567
2026-01-31,3,"wk flu hosp rate change",2026-02-21,"18","pmf","large_increase",0.0654316581586111
2026-01-31,3,"wk flu hosp rate change",2026-02-21,"38","pmf","large_increase",0.0532599702424777
2026-01-31,3,"wk flu hosp rate change",2026-02-21,"32","pmf","large_increase",0.0207416467433166
2026-01-31,3,"wk flu hosp rate change",2026-02-21,"36","pmf","large_increase",0.0414495833739472
2026-01-31,3,"wk flu hosp rate change",2026-02-21,"41","pmf","large_increase",0.0397742179929073
2026-01-31,3,"wk flu hosp rate change",2026-02-21,"42","pmf","large_increase",0.102296761425778
2026-01-31,3,"wk flu hosp rate change",2026-02-21,"33","pmf","large_increase",0.0520266201718786
2026-01-31,3,"wk flu hosp rate change",2026-02-21,"72","pmf","large_increase",0.0730945120400903
2026-01-31,3,"wk flu hosp rate change",2026-02-21,"44","pmf","large_increase",0.0594833989391812
2026-01-31,3,"wk flu hosp rate change",2026-02-21,"09","pmf","large_increase",0.0608586363462801
2026-01-31,3,"wk flu hosp rate change",2026-02-21,"23","pmf","large_increase",0.0614207032019156
2026-01-31,3,"wk flu hosp rate change",2026-02-21,"29","pmf","large_increase",0.0645416410338711
2026-01-31,3,"wk flu hosp rate change",2026-02-21,"48","pmf","large_increase",0.0106758717129516
2026-01-31,3,"wk flu hosp rate change",2026-02-21,"35","pmf","large_increase",0.071059399369504
2026-01-31,3,"wk flu hosp rate change",2026-02-21,"US","pmf","large_increase",0.0125763138827581
2026-01-31,3,"wk flu hosp rate change",2026-02-21,"15","pmf","large_increase",0.00149806040477563
2026-01-31,3,"wk flu hosp rate change",2026-02-21,"21","pmf","large_increase",0.0893193357973661
2026-01-31,3,"wk flu hosp rate change",2026-02-21,"24","pmf","large_increase",0.0223752863121462
2026-01-31,3,"wk flu hosp rate change",2026-02-21,"31","pmf","large_increase",0.025
2026-01-31,3,"wk flu hosp rate change",2026-02-21,"53","pmf","large_increase",0.00310461449589705
2026-01-31,3,"wk flu hosp rate change",2026-02-21,"11","pmf","large_increase",0.092506028866573
2026-01-31,3,"wk flu hosp rate change",2026-02-21,"27","pmf","large_increase",0.0485954851580988
2026-01-31,3,"wk flu hosp rate change",2026-02-21,"30","pmf","large_increase",0.0448587874710324
2026-01-31,3,"wk flu hosp rate change",2026-02-21,"19","pmf","large_increase",0.0244001053214672
2026-01-31,3,"wk flu hosp rate change",2026-02-21,"04","pmf","large_increase",0.0660458061093492
2026-01-31,3,"wk flu hosp rate change",2026-02-21,"56","pmf","large_increase",0.112960508878876
2026-01-31,3,"wk flu hosp rate change",2026-02-21,"50","pmf","large_increase",0.0462961163301301
2026-01-31,3,"wk flu hosp rate change",2026-02-21,"26","pmf","large_increase",0.027548798347234
2026-01-31,3,"wk flu hosp rate change",2026-02-21,"12","pmf","large_increase",0.00701772033991321
2026-01-31,3,"wk flu hosp rate change",2026-02-21,"54","pmf","large_increase",0.114814814814815
2026-01-31,3,"wk flu hosp rate change",2026-02-21,"10","pmf","large_increase",0.0862487491147651
2026-01-31,3,"wk flu hosp rate change",2026-02-21,"28","pmf","large_increase",0.0314926355547285
2026-01-31,3,"wk flu hosp rate change",2026-02-21,"34","pmf","large_increase",0.0527306399990113
2026-01-31,3,"wk flu hosp rate change",2026-02-21,"51","pmf","large_increase",0.020163626716874
2026-01-31,3,"wk flu hosp rate change",2026-02-21,"16","pmf","large_increase",0.0572064179207036
2026-01-31,3,"wk flu hosp rate change",2026-02-21,"39","pmf","large_increase",0.0796717818340256
2026-01-31,3,"wk flu hosp rate change",2026-02-21,"40","pmf","large_increase",0.084324411348016
2026-01-31,3,"wk flu hosp rate change",2026-02-21,"22","pmf","large_increase",0.0335951841053882
2026-01-31,3,"wk flu hosp rate change",2026-02-21,"46","pmf","large_increase",0.0622823203355415
2026-01-31,0,"wk flu hosp rate change",2026-01-31,"02","pmf","increase",0.0257548271833985
2026-01-31,0,"wk flu hosp rate change",2026-01-31,"01","pmf","increase",0.137032232623811
2026-01-31,0,"wk flu hosp rate change",2026-01-31,"25","pmf","increase",0.109338527594092
2026-01-31,0,"wk flu hosp rate change",2026-01-31,"37","pmf","increase",0.108393179204612
2026-01-31,0,"wk flu hosp rate change",2026-01-31,"47","pmf","increase",0.125776783848357
2026-01-31,0,"wk flu hosp rate change",2026-01-31,"20","pmf","increase",0.102655818895703
2026-01-31,0,"wk flu hosp rate change",2026-01-31,"55","pmf","increase",0.109933729057783
2026-01-31,0,"wk flu hosp rate change",2026-01-31,"08","pmf","increase",0.13262563993369
2026-01-31,0,"wk flu hosp rate change",2026-01-31,"17","pmf","increase",0.107251609438995
2026-01-31,0,"wk flu hosp rate change",2026-01-31,"45","pmf","increase",0.119561907887633
2026-01-31,0,"wk flu hosp rate change",2026-01-31,"05","pmf","increase",0.134561789621313
2026-01-31,0,"wk flu hosp rate change",2026-01-31,"49","pmf","increase",0.0993169486782517
2026-01-31,0,"wk flu hosp rate change",2026-01-31,"06","pmf","increase",0.112812656527181
2026-01-31,0,"wk flu hosp rate change",2026-01-31,"13","pmf","increase",0.106765408523037
2026-01-31,0,"wk flu hosp rate change",2026-01-31,"18","pmf","increase",0.119200645936645
2026-01-31,0,"wk flu hosp rate change",2026-01-31,"38","pmf","increase",0.0322691708958716
2026-01-31,0,"wk flu hosp rate change",2026-01-31,"32","pmf","increase",0.125069217756293
2026-01-31,0,"wk flu hosp rate change",2026-01-31,"36","pmf","increase",0.135617388180431
2026-01-31,0,"wk flu hosp rate change",2026-01-31,"41","pmf","increase",0.123112021302309
2026-01-31,0,"wk flu hosp rate change",2026-01-31,"42","pmf","increase",0.128380435624295
2026-01-31,0,"wk flu hosp rate change",2026-01-31,"33","pmf","increase",0.0520620748299319
2026-01-31,0,"wk flu hosp rate change",2026-01-31,"72","pmf","increase",0.230031479650311
2026-01-31,0,"wk flu hosp rate change",2026-01-31,"44","pmf","increase",0.0367623117623116
2026-01-31,0,"wk flu hosp rate change",2026-01-31,"09","pmf","increase",0.126640036604778
2026-01-31,0,"wk flu hosp rate change",2026-01-31,"23","pmf","increase",0.0500444000444003
2026-01-31,0,"wk flu hosp rate change",2026-01-31,"29","pmf","increase",0.0994343071710815
2026-01-31,0,"wk flu hosp rate change",2026-01-31,"48","pmf","increase",0.164507656220446
2026-01-31,0,"wk flu hosp rate change",2026-01-31,"35","pmf","increase",0.093799129921579
2026-01-31,0,"wk flu hosp rate change",2026-01-31,"US","pmf","increase",0.117280496832105
2026-01-31,0,"wk flu hosp rate change",2026-01-31,"15","pmf","increase",0.0694454356605274
2026-01-31,0,"wk flu hosp rate change",2026-01-31,"21","pmf","increase",0.124942862978241
2026-01-31,0,"wk flu hosp rate change",2026-01-31,"24","pmf","increase",0.134036874210505
2026-01-31,0,"wk flu hosp rate change",2026-01-31,"31","pmf","increase",0.0741716157362413
2026-01-31,0,"wk flu hosp rate change",2026-01-31,"53","pmf","increase",0.11216447031984
2026-01-31,0,"wk flu hosp rate change",2026-01-31,"11","pmf","increase",0.0133333333333333
2026-01-31,0,"wk flu hosp rate change",2026-01-31,"27","pmf","increase",0.111279663380504
2026-01-31,0,"wk flu hosp rate change",2026-01-31,"30","pmf","increase",0.0334197845804987
2026-01-31,0,"wk flu hosp rate change",2026-01-31,"19","pmf","increase",0.100745233037355
2026-01-31,0,"wk flu hosp rate change",2026-01-31,"04","pmf","increase",0.121415745975064
2026-01-31,0,"wk flu hosp rate change",2026-01-31,"56","pmf","increase",0
2026-01-31,0,"wk flu hosp rate change",2026-01-31,"50","pmf","increase",0.00366591080876799
2026-01-31,0,"wk flu hosp rate change",2026-01-31,"26","pmf","increase",0.113389032921138
2026-01-31,0,"wk flu hosp rate change",2026-01-31,"12","pmf","increase",0.14770195751994
2026-01-31,0,"wk flu hosp rate change",2026-01-31,"54","pmf","increase",0.0681540087854788
2026-01-31,0,"wk flu hosp rate change",2026-01-31,"10","pmf","increase",0.0342713275786505
2026-01-31,0,"wk flu hosp rate change",2026-01-31,"28","pmf","increase",0.141011490722861
2026-01-31,0,"wk flu hosp rate change",2026-01-31,"34","pmf","increase",0.111799732014018
2026-01-31,0,"wk flu hosp rate change",2026-01-31,"51","pmf","increase",0.119848878466832
2026-01-31,0,"wk flu hosp rate change",2026-01-31,"16","pmf","increase",0.108954825867737
2026-01-31,0,"wk flu hosp rate change",2026-01-31,"39","pmf","increase",0.10197905615476
2026-01-31,0,"wk flu hosp rate change",2026-01-31,"40","pmf","increase",0.133619537680038
2026-01-31,0,"wk flu hosp rate change",2026-01-31,"22","pmf","increase",0.13693099604873
2026-01-31,0,"wk flu hosp rate change",2026-01-31,"46","pmf","increase",0.035353216322604
2026-01-31,1,"wk flu hosp rate change",2026-02-07,"02","pmf","increase",0.0761516034985423
2026-01-31,1,"wk flu hosp rate change",2026-02-07,"01","pmf","increase",0.175703707107009
2026-01-31,1,"wk flu hosp rate change",2026-02-07,"25","pmf","increase",0.18883864838033
2026-01-31,1,"wk flu hosp rate change",2026-02-07,"37","pmf","increase",0.185278284452453
2026-01-31,1,"wk flu hosp rate change",2026-02-07,"47","pmf","increase",0.188680547412697
2026-01-31,1,"wk flu hosp rate change",2026-02-07,"20","pmf","increase",0.184045737574913
2026-01-31,1,"wk flu hosp rate change",2026-02-07,"55","pmf","increase",0.163233441997572
2026-01-31,1,"wk flu hosp rate change",2026-02-07,"08","pmf","increase",0.19436928200133
2026-01-31,1,"wk flu hosp rate change",2026-02-07,"17","pmf","increase",0.180104546383193
2026-01-31,1,"wk flu hosp rate change",2026-02-07,"45","pmf","increase",0.174099453074864
2026-01-31,1,"wk flu hosp rate change",2026-02-07,"05","pmf","increase",0.234962583264343
2026-01-31,1,"wk flu hosp rate change",2026-02-07,"49","pmf","increase",0.148292955965645
2026-01-31,1,"wk flu hosp rate change",2026-02-07,"06","pmf","increase",0.184543809695799
2026-01-31,1,"wk flu hosp rate change",2026-02-07,"13","pmf","increase",0.159167312758682
2026-01-31,1,"wk flu hosp rate change",2026-02-07,"18","pmf","increase",0.163550063444723
2026-01-31,1,"wk flu hosp rate change",2026-02-07,"38","pmf","increase",0.112243548212936
2026-01-31,1,"wk flu hosp rate change",2026-02-07,"32","pmf","increase",0.20141585982631
2026-01-31,1,"wk flu hosp rate change",2026-02-07,"36","pmf","increase",0.21641675525737
2026-01-31,1,"wk flu hosp rate change",2026-02-07,"41","pmf","increase",0.170026693364798
2026-01-31,1,"wk flu hosp rate change",2026-02-07,"42","pmf","increase",0.173307906995973
2026-01-31,1,"wk flu hosp rate change",2026-02-07,"33","pmf","increase",0.131272378415235
2026-01-31,1,"wk flu hosp rate change",2026-02-07,"72","pmf","increase",0.265873313515543
2026-01-31,1,"wk flu hosp rate change",2026-02-07,"44","pmf","increase",0.118599143361048
2026-01-31,1,"wk flu hosp rate change",2026-02-07,"09","pmf","increase",0.202376809220364
2026-01-31,1,"wk flu hosp rate change",2026-02-07,"23","pmf","increase",0.130151150155199
2026-01-31,1,"wk flu hosp rate change",2026-02-07,"29","pmf","increase",0.170227438613096
2026-01-31,1,"wk flu hosp rate change",2026-02-07,"48","pmf","increase",0.211636647295133
2026-01-31,1,"wk flu hosp rate change",2026-02-07,"35","pmf","increase",0.185776353276353
2026-01-31,1,"wk flu hosp rate change",2026-02-07,"US","pmf","increase",0.209190946444286
2026-01-31,1,"wk flu hosp rate change",2026-02-07,"15","pmf","increase",0.169379780210706
2026-01-31,1,"wk flu hosp rate change",2026-02-07,"21","pmf","increase",0.18844125242737
2026-01-31,1,"wk flu hosp rate change",2026-02-07,"24","pmf","increase",0.20092147208175
2026-01-31,1,"wk flu hosp rate change",2026-02-07,"31","pmf","increase",0.199504125724364
2026-01-31,1,"wk flu hosp rate change",2026-02-07,"53","pmf","increase",0.153441260100819
2026-01-31,1,"wk flu hosp rate change",2026-02-07,"11","pmf","increase",0.1
2026-01-31,1,"wk flu hosp rate change",2026-02-07,"27","pmf","increase",0.159788635873227
2026-01-31,1,"wk flu hosp rate change",2026-02-07,"30","pmf","increase",0.143352990546868
2026-01-31,1,"wk flu hosp rate change",2026-02-07,"19","pmf","increase",0.16461901630026
2026-01-31,1,"wk flu hosp rate change",2026-02-07,"04","pmf","increase",0.190039918666895
2026-01-31,1,"wk flu hosp rate change",2026-02-07,"56","pmf","increase",0.0645448515419361
2026-01-31,1,"wk flu hosp rate change",2026-02-07,"50","pmf","increase",0.0716598793712497
2026-01-31,1,"wk flu hosp rate change",2026-02-07,"26","pmf","increase",0.198777296959391
2026-01-31,1,"wk flu hosp rate change",2026-02-07,"12","pmf","increase",0.206115896707202
2026-01-31,1,"wk flu hosp rate change",2026-02-07,"54","pmf","increase",0.170148093112584
2026-01-31,1,"wk flu hosp rate change",2026-02-07,"10","pmf","increase",0.102895065811661
2026-01-31,1,"wk flu hosp rate change",2026-02-07,"28","pmf","increase",0.216709171403049
2026-01-31,1,"wk flu hosp rate change",2026-02-07,"34","pmf","increase",0.188980041949322
2026-01-31,1,"wk flu hosp rate change",2026-02-07,"51","pmf","increase",0.192969623085048
2026-01-31,1,"wk flu hosp rate change",2026-02-07,"16","pmf","increase",0.203925177213742
2026-01-31,1,"wk flu hosp rate change",2026-02-07,"39","pmf","increase",0.161528024090208
2026-01-31,1,"wk flu hosp rate change",2026-02-07,"40","pmf","increase",0.188980106810287
2026-01-31,1,"wk flu hosp rate change",2026-02-07,"22","pmf","increase",0.211993436679948
2026-01-31,1,"wk flu hosp rate change",2026-02-07,"46","pmf","increase",0.13135901240402
2026-01-31,2,"wk flu hosp rate change",2026-02-14,"02","pmf","increase",0.161133555463001
2026-01-31,2,"wk flu hosp rate change",2026-02-14,"01","pmf","increase",0.218048949943366
2026-01-31,2,"wk flu hosp rate change",2026-02-14,"25","pmf","increase",0.226464650782246
2026-01-31,2,"wk flu hosp rate change",2026-02-14,"37","pmf","increase",0.21639335095926
2026-01-31,2,"wk flu hosp rate change",2026-02-14,"47","pmf","increase",0.210946011266413
2026-01-31,2,"wk flu hosp rate change",2026-02-14,"20","pmf","increase",0.227793778010203
2026-01-31,2,"wk flu hosp rate change",2026-02-14,"55","pmf","increase",0.196757546735363
2026-01-31,2,"wk flu hosp rate change",2026-02-14,"08","pmf","increase",0.21761758035328
2026-01-31,2,"wk flu hosp rate change",2026-02-14,"17","pmf","increase",0.227280449006749
2026-01-31,2,"wk flu hosp rate change",2026-02-14,"45","pmf","increase",0.191816744291234
2026-01-31,2,"wk flu hosp rate change",2026-02-14,"05","pmf","increase",0.257701389635934
2026-01-31,2,"wk flu hosp rate change",2026-02-14,"49","pmf","increase",0.16174559629689
2026-01-31,2,"wk flu hosp rate change",2026-02-14,"06","pmf","increase",0.2112518614042
2026-01-31,2,"wk flu hosp rate change",2026-02-14,"13","pmf","increase",0.200691170463621
2026-01-31,2,"wk flu hosp rate change",2026-02-14,"18","pmf","increase",0.209656802089462
2026-01-31,2,"wk flu hosp rate change",2026-02-14,"38","pmf","increase",0.189438603724318
2026-01-31,2,"wk flu hosp rate change",2026-02-14,"32","pmf","increase",0.230374107914348
2026-01-31,2,"wk flu hosp rate change",2026-02-14,"36","pmf","increase",0.245996224920793
2026-01-31,2,"wk flu hosp rate change",2026-02-14,"41","pmf","increase",0.193336847785478
2026-01-31,2,"wk flu hosp rate change",2026-02-14,"42","pmf","increase",0.194448008984983
2026-01-31,2,"wk flu hosp rate change",2026-02-14,"33","pmf","increase",0.207442078280587
2026-01-31,2,"wk flu hosp rate change",2026-02-14,"72","pmf","increase",0.284300625303833
2026-01-31,2,"wk flu hosp rate change",2026-02-14,"44","pmf","increase",0.182525140888486
2026-01-31,2,"wk flu hosp rate change",2026-02-14,"09","pmf","increase",0.230022689406926
2026-01-31,2,"wk flu hosp rate change",2026-02-14,"23","pmf","increase",0.191843439010644
2026-01-31,2,"wk flu hosp rate change",2026-02-14,"29","pmf","increase",0.207207143514323
2026-01-31,2,"wk flu hosp rate change",2026-02-14,"48","pmf","increase",0.229443301903246
2026-01-31,2,"wk flu hosp rate change",2026-02-14,"35","pmf","increase",0.22822893539917
2026-01-31,2,"wk flu hosp rate change",2026-02-14,"US","pmf","increase",0.241674020292942
2026-01-31,2,"wk flu hosp rate change",2026-02-14,"15","pmf","increase",0.228585631605546
2026-01-31,2,"wk flu hosp rate change",2026-02-14,"21","pmf","increase",0.226670386421134
2026-01-31,2,"wk flu hosp rate change",2026-02-14,"24","pmf","increase",0.233709876342231
2026-01-31,2,"wk flu hosp rate change",2026-02-14,"31","pmf","increase",0.234431756829716
2026-01-31,2,"wk flu hosp rate change",2026-02-14,"53","pmf","increase",0.168356947475376
2026-01-31,2,"wk flu hosp rate change",2026-02-14,"11","pmf","increase",0.159933016051629
2026-01-31,2,"wk flu hosp rate change",2026-02-14,"27","pmf","increase",0.179773770893128
2026-01-31,2,"wk flu hosp rate change",2026-02-14,"30","pmf","increase",0.229462136502953
2026-01-31,2,"wk flu hosp rate change",2026-02-14,"19","pmf","increase",0.213374020127187
2026-01-31,2,"wk flu hosp rate change",2026-02-14,"04","pmf","increase",0.226428838215796
2026-01-31,2,"wk flu hosp rate change",2026-02-14,"56","pmf","increase",0.11832955404384
2026-01-31,2,"wk flu hosp rate change",2026-02-14,"50","pmf","increase",0.128717201166181
2026-01-31,2,"wk flu hosp rate change",2026-02-14,"26","pmf","increase",0.259520820988076
2026-01-31,2,"wk flu hosp rate change",2026-02-14,"12","pmf","increase",0.232327610032504
2026-01-31,2,"wk flu hosp rate change",2026-02-14,"54","pmf","increase",0.214525840570544
2026-01-31,2,"wk flu hosp rate change",2026-02-14,"10","pmf","increase",0.167384482486523
2026-01-31,2,"wk flu hosp rate change",2026-02-14,"28","pmf","increase",0.249899819088249
2026-01-31,2,"wk flu hosp rate change",2026-02-14,"34","pmf","increase",0.230635048452667
2026-01-31,2,"wk flu hosp rate change",2026-02-14,"51","pmf","increase",0.226847533929912
2026-01-31,2,"wk flu hosp rate change",2026-02-14,"16","pmf","increase",0.231754339267962
2026-01-31,2,"wk flu hosp rate change",2026-02-14,"39","pmf","increase",0.195842126589548
2026-01-31,2,"wk flu hosp rate change",2026-02-14,"40","pmf","increase",0.211408815607782
2026-01-31,2,"wk flu hosp rate change",2026-02-14,"22","pmf","increase",0.247169638919592
2026-01-31,2,"wk flu hosp rate change",2026-02-14,"46","pmf","increase",0.178275384227765
2026-01-31,3,"wk flu hosp rate change",2026-02-21,"02","pmf","increase",0.208997408487204
2026-01-31,3,"wk flu hosp rate change",2026-02-21,"01","pmf","increase",0.23768458386081
2026-01-31,3,"wk flu hosp rate change",2026-02-21,"25","pmf","increase",0.251816086870253
2026-01-31,3,"wk flu hosp rate change",2026-02-21,"37","pmf","increase",0.216514986468953
2026-01-31,3,"wk flu hosp rate change",2026-02-21,"47","pmf","increase",0.2245185409602
2026-01-31,3,"wk flu hosp rate change",2026-02-21,"20","pmf","increase",0.239225061831233
2026-01-31,3,"wk flu hosp rate change",2026-02-21,"55","pmf","increase",0.216258021902278
2026-01-31,3,"wk flu hosp rate change",2026-02-21,"08","pmf","increase",0.211986032085164
2026-01-31,3,"wk flu hosp rate change",2026-02-21,"17","pmf","increase",0.235399539260139
2026-01-31,3,"wk flu hosp rate change",2026-02-21,"45","pmf","increase",0.20080183665234
2026-01-31,3,"wk flu hosp rate change",2026-02-21,"05","pmf","increase",0.262973151609044
2026-01-31,3,"wk flu hosp rate change",2026-02-21,"49","pmf","increase",0.161363003460965
2026-01-31,3,"wk flu hosp rate change",2026-02-21,"06","pmf","increase",0.200007973862874
2026-01-31,3,"wk flu hosp rate change",2026-02-21,"13","pmf","increase",0.205627369643724
2026-01-31,3,"wk flu hosp rate change",2026-02-21,"18","pmf","increase",0.231415468970629
2026-01-31,3,"wk flu hosp rate change",2026-02-21,"38","pmf","increase",0.227758548276041
2026-01-31,3,"wk flu hosp rate change",2026-02-21,"32","pmf","increase",0.233293708895538
2026-01-31,3,"wk flu hosp rate change",2026-02-21,"36","pmf","increase",0.236304222628456
2026-01-31,3,"wk flu hosp rate change",2026-02-21,"41","pmf","increase",0.197066759252653
2026-01-31,3,"wk flu hosp rate change",2026-02-21,"42","pmf","increase",0.212075888977485
2026-01-31,3,"wk flu hosp rate change",2026-02-21,"33","pmf","increase",0.220969006650279
2026-01-31,3,"wk flu hosp rate change",2026-02-21,"72","pmf","increase",0.272547918092136
2026-01-31,3,"wk flu hosp rate change",2026-02-21,"44","pmf","increase",0.227513338531317
2026-01-31,3,"wk flu hosp rate change",2026-02-21,"09","pmf","increase",0.231028142785397
2026-01-31,3,"wk flu hosp rate change",2026-02-21,"23","pmf","increase",0.229476248171226
2026-01-31,3,"wk flu hosp rate change",2026-02-21,"29","pmf","increase",0.227937602712654
2026-01-31,3,"wk flu hosp rate change",2026-02-21,"48","pmf","increase",0.220090455750476
2026-01-31,3,"wk flu hosp rate change",2026-02-21,"35","pmf","increase",0.240035514786635
2026-01-31,3,"wk flu hosp rate change",2026-02-21,"US","pmf","increase",0.242891245018456
2026-01-31,3,"wk flu hosp rate change",2026-02-21,"15","pmf","increase",0.198501939595224
2026-01-31,3,"wk flu hosp rate change",2026-02-21,"21","pmf","increase",0.234277602978144
2026-01-31,3,"wk flu hosp rate change",2026-02-21,"24","pmf","increase",0.237368038753887
2026-01-31,3,"wk flu hosp rate change",2026-02-21,"31","pmf","increase",0.237892776158082
2026-01-31,3,"wk flu hosp rate change",2026-02-21,"53","pmf","increase",0.167727443731534
2026-01-31,3,"wk flu hosp rate change",2026-02-21,"11","pmf","increase",0.207493971133427
2026-01-31,3,"wk flu hosp rate change",2026-02-21,"27","pmf","increase",0.192808381509195
2026-01-31,3,"wk flu hosp rate change",2026-02-21,"30","pmf","increase",0.272517614336856
2026-01-31,3,"wk flu hosp rate change",2026-02-21,"19","pmf","increase",0.235421806863495
2026-01-31,3,"wk flu hosp rate change",2026-02-21,"04","pmf","increase",0.232370983180456
2026-01-31,3,"wk flu hosp rate change",2026-02-21,"56","pmf","increase",0.169632083713716
2026-01-31,3,"wk flu hosp rate change",2026-02-21,"50","pmf","increase",0.168518698484685
2026-01-31,3,"wk flu hosp rate change",2026-02-21,"26","pmf","increase",0.271057603277744
2026-01-31,3,"wk flu hosp rate change",2026-02-21,"12","pmf","increase",0.222950641387524
2026-01-31,3,"wk flu hosp rate change",2026-02-21,"54","pmf","increase",0.229628352562026
2026-01-31,3,"wk flu hosp rate change",2026-02-21,"10","pmf","increase",0.20132494703036
2026-01-31,3,"wk flu hosp rate change",2026-02-21,"28","pmf","increase",0.247056864831507
2026-01-31,3,"wk flu hosp rate change",2026-02-21,"34","pmf","increase",0.245977456293119
2026-01-31,3,"wk flu hosp rate change",2026-02-21,"51","pmf","increase",0.238856278744912
2026-01-31,3,"wk flu hosp rate change",2026-02-21,"16","pmf","increase",0.236122776190803
2026-01-31,3,"wk flu hosp rate change",2026-02-21,"39","pmf","increase",0.216736181267573
2026-01-31,3,"wk flu hosp rate change",2026-02-21,"40","pmf","increase",0.215675588651984
2026-01-31,3,"wk flu hosp rate change",2026-02-21,"22","pmf","increase",0.250227272616228
2026-01-31,3,"wk flu hosp rate change",2026-02-21,"46","pmf","increase",0.237717679664459
2026-01-31,0,"wk flu hosp rate change",2026-01-31,"02","pmf","stable",0.847037527853854
2026-01-31,0,"wk flu hosp rate change",2026-01-31,"01","pmf","stable",0.8
2026-01-31,0,"wk flu hosp rate change",2026-01-31,"25","pmf","stable",0.612457844715203
2026-01-31,0,"wk flu hosp rate change",2026-01-31,"37","pmf","stable",0.655449770016408
2026-01-31,0,"wk flu hosp rate change",2026-01-31,"47","pmf","stable",0.623704378576827
2026-01-31,0,"wk flu hosp rate change",2026-01-31,"20","pmf","stable",0.660133219954649
2026-01-31,0,"wk flu hosp rate change",2026-01-31,"55","pmf","stable",0.654373177842566
2026-01-31,0,"wk flu hosp rate change",2026-01-31,"08","pmf","stable",0.654991948470209
2026-01-31,0,"wk flu hosp rate change",2026-01-31,"17","pmf","stable",0.665984814964407
2026-01-31,0,"wk flu hosp rate change",2026-01-31,"45","pmf","stable",0.639875624435238
2026-01-31,0,"wk flu hosp rate change",2026-01-31,"05","pmf","stable",0.565829408686552
2026-01-31,0,"wk flu hosp rate change",2026-01-31,"49","pmf","stable",0.745833333333333
2026-01-31,0,"wk flu hosp rate change",2026-01-31,"06","pmf","stable",0.712254245811494
2026-01-31,0,"wk flu hosp rate change",2026-01-31,"13","pmf","stable",0.694834999791268
2026-01-31,0,"wk flu hosp rate change",2026-01-31,"18","pmf","stable",0.607126307224562
2026-01-31,0,"wk flu hosp rate change",2026-01-31,"38","pmf","stable",0.77967462117122
2026-01-31,0,"wk flu hosp rate change",2026-01-31,"32","pmf","stable",0.628930876379856
2026-01-31,0,"wk flu hosp rate change",2026-01-31,"36","pmf","stable",0.617760447035957
2026-01-31,0,"wk flu hosp rate change",2026-01-31,"41","pmf","stable",0.663906803702722
2026-01-31,0,"wk flu hosp rate change",2026-01-31,"42","pmf","stable",0.566201574104069
2026-01-31,0,"wk flu hosp rate change",2026-01-31,"33","pmf","stable",0.774198250728863
2026-01-31,0,"wk flu hosp rate change",2026-01-31,"72","pmf","stable",0.347921390778534
2026-01-31,0,"wk flu hosp rate change",2026-01-31,"44","pmf","stable",0.789266817838246
2026-01-31,0,"wk flu hosp rate change",2026-01-31,"09","pmf","stable",0.609153079221106
2026-01-31,0,"wk flu hosp rate change",2026-01-31,"23","pmf","stable",0.752729809872667
2026-01-31,0,"wk flu hosp rate change",2026-01-31,"29","pmf","stable",0.642663859194471
2026-01-31,0,"wk flu hosp rate change",2026-01-31,"48","pmf","stable",0.602295822115447
2026-01-31,0,"wk flu hosp rate change",2026-01-31,"35","pmf","stable",0.65014245014245
2026-01-31,0,"wk flu hosp rate change",2026-01-31,"US","pmf","stable",0.645240437318073
2026-01-31,0,"wk flu hosp rate change",2026-01-31,"15","pmf","stable",0.830667314544866
2026-01-31,0,"wk flu hosp rate change",2026-01-31,"21","pmf","stable",0.572475633528265
2026-01-31,0,"wk flu hosp rate change",2026-01-31,"24","pmf","stable",0.646830002282917
2026-01-31,0,"wk flu hosp rate change",2026-01-31,"31","pmf","stable",0.72016873627758
2026-01-31,0,"wk flu hosp rate change",2026-01-31,"53","pmf","stable",0.717797508613835
2026-01-31,0,"wk flu hosp rate change",2026-01-31,"11","pmf","stable",0.773333333333333
2026-01-31,0,"wk flu hosp rate change",2026-01-31,"27","pmf","stable",0.677440673238992
2026-01-31,0,"wk flu hosp rate change",2026-01-31,"30","pmf","stable",0.748271919879063
2026-01-31,0,"wk flu hosp rate change",2026-01-31,"19","pmf","stable",0.677441077441078
2026-01-31,0,"wk flu hosp rate change",2026-01-31,"04","pmf","stable",0.615202930335583
2026-01-31,0,"wk flu hosp rate change",2026-01-31,"56","pmf","stable",0.8
2026-01-31,0,"wk flu hosp rate change",2026-01-31,"50","pmf","stable",0.870786092214664
2026-01-31,0,"wk flu hosp rate change",2026-01-31,"26","pmf","stable",0.623267073062992
2026-01-31,0,"wk flu hosp rate change",2026-01-31,"12","pmf","stable",0.614304443007367
2026-01-31,0,"wk flu hosp rate change",2026-01-31,"54","pmf","stable",0.643478260869565
2026-01-31,0,"wk flu hosp rate change",2026-01-31,"10","pmf","stable",0.779365079365079
2026-01-31,0,"wk flu hosp rate change",2026-01-31,"28","pmf","stable",0.6
2026-01-31,0,"wk flu hosp rate change",2026-01-31,"34","pmf","stable",0.616219731978455
2026-01-31,0,"wk flu hosp rate change",2026-01-31,"51","pmf","stable",0.645837292567564
2026-01-31,0,"wk flu hosp rate change",2026-01-31,"16","pmf","stable",0.652186588921283
2026-01-31,0,"wk flu hosp rate change",2026-01-31,"39","pmf","stable",0.626691902567479
2026-01-31,0,"wk flu hosp rate change",2026-01-31,"40","pmf","stable",0.6
2026-01-31,0,"wk flu hosp rate change",2026-01-31,"22","pmf","stable",0.588548752834467
2026-01-31,0,"wk flu hosp rate change",2026-01-31,"46","pmf","stable",0.785887445887446
2026-01-31,1,"wk flu hosp rate change",2026-02-07,"02","pmf","stable",0.73079419069215
2026-01-31,1,"wk flu hosp rate change",2026-02-07,"01","pmf","stable",0.76483843537415
2026-01-31,1,"wk flu hosp rate change",2026-02-07,"25","pmf","stable",0.466896957917366
2026-01-31,1,"wk flu hosp rate change",2026-02-07,"37","pmf","stable",0.492826714659238
2026-01-31,1,"wk flu hosp rate change",2026-02-07,"47","pmf","stable",0.506864573068655
2026-01-31,1,"wk flu hosp rate change",2026-02-07,"20","pmf","stable",0.520160555529846
2026-01-31,1,"wk flu hosp rate change",2026-02-07,"55","pmf","stable",0.536574074074074
2026-01-31,1,"wk flu hosp rate change",2026-02-07,"08","pmf","stable",0.530670913868193
2026-01-31,1,"wk flu hosp rate change",2026-02-07,"17","pmf","stable",0.545926930022346
2026-01-31,1,"wk flu hosp rate change",2026-02-07,"45","pmf","stable",0.51831459193364
2026-01-31,1,"wk flu hosp rate change",2026-02-07,"05","pmf","stable",0.4
2026-01-31,1,"wk flu hosp rate change",2026-02-07,"49","pmf","stable",0.68462962962963
2026-01-31,1,"wk flu hosp rate change",2026-02-07,"06","pmf","stable",0.615252263008424
2026-01-31,1,"wk flu hosp rate change",2026-02-07,"13","pmf","stable",0.585015293314071
2026-01-31,1,"wk flu hosp rate change",2026-02-07,"18","pmf","stable",0.491025364756509
2026-01-31,1,"wk flu hosp rate change",2026-02-07,"38","pmf","stable",0.61639401792463
2026-01-31,1,"wk flu hosp rate change",2026-02-07,"32","pmf","stable",0.524717108288537
2026-01-31,1,"wk flu hosp rate change",2026-02-07,"36","pmf","stable",0.471544365828946
2026-01-31,1,"wk flu hosp rate change",2026-02-07,"41","pmf","stable",0.542435559257717
2026-01-31,1,"wk flu hosp rate change",2026-02-07,"42","pmf","stable",0.45240655899548
2026-01-31,1,"wk flu hosp rate change",2026-02-07,"33","pmf","stable",0.6
2026-01-31,1,"wk flu hosp rate change",2026-02-07,"72","pmf","stable",0.3
2026-01-31,1,"wk flu hosp rate change",2026-02-07,"44","pmf","stable",0.620007558578987
2026-01-31,1,"wk flu hosp rate change",2026-02-07,"09","pmf","stable",0.459225695569233
2026-01-31,1,"wk flu hosp rate change",2026-02-07,"23","pmf","stable",0.569242445277431
2026-01-31,1,"wk flu hosp rate change",2026-02-07,"29","pmf","stable",0.496659185216037
2026-01-31,1,"wk flu hosp rate change",2026-02-07,"48","pmf","stable",0.532481896840201
2026-01-31,1,"wk flu hosp rate change",2026-02-07,"35","pmf","stable",0.446583522297808
2026-01-31,1,"wk flu hosp rate change",2026-02-07,"US","pmf","stable",0.514869631446659
2026-01-31,1,"wk flu hosp rate change",2026-02-07,"15","pmf","stable",0.653117913832199
2026-01-31,1,"wk flu hosp rate change",2026-02-07,"21","pmf","stable",0.443707482993197
2026-01-31,1,"wk flu hosp rate change",2026-02-07,"24","pmf","stable",0.506616824086669
2026-01-31,1,"wk flu hosp rate change",2026-02-07,"31","pmf","stable",0.527620487348379
2026-01-31,1,"wk flu hosp rate change",2026-02-07,"53","pmf","stable",0.661402497506939
2026-01-31,1,"wk flu hosp rate change",2026-02-07,"11","pmf","stable",0.6
2026-01-31,1,"wk flu hosp rate change",2026-02-07,"27","pmf","stable",0.585490441235783
2026-01-31,1,"wk flu hosp rate change",2026-02-07,"30","pmf","stable",0.541666666666667
2026-01-31,1,"wk flu hosp rate change",2026-02-07,"19","pmf","stable",0.559618662279727
2026-01-31,1,"wk flu hosp rate change",2026-02-07,"04","pmf","stable",0.478165810090861
2026-01-31,1,"wk flu hosp rate change",2026-02-07,"56","pmf","stable",0.65641106329153
2026-01-31,1,"wk flu hosp rate change",2026-02-07,"50","pmf","stable",0.746155459916393
2026-01-31,1,"wk flu hosp rate change",2026-02-07,"26","pmf","stable",0.46293991856717
2026-01-31,1,"wk flu hosp rate change",2026-02-07,"12","pmf","stable",0.533526225012037
2026-01-31,1,"wk flu hosp rate change",2026-02-07,"54","pmf","stable",0.422996976568405
2026-01-31,1,"wk flu hosp rate change",2026-02-07,"10","pmf","stable",0.612705251412734
2026-01-31,1,"wk flu hosp rate change",2026-02-07,"28","pmf","stable",0.463890508584386
2026-01-31,1,"wk flu hosp rate change",2026-02-07,"34","pmf","stable",0.472896414604489
2026-01-31,1,"wk flu hosp rate change",2026-02-07,"51","pmf","stable",0.532782251284937
2026-01-31,1,"wk flu hosp rate change",2026-02-07,"16","pmf","stable",0.445185185185185
2026-01-31,1,"wk flu hosp rate change",2026-02-07,"39","pmf","stable",0.483729008875208
2026-01-31,1,"wk flu hosp rate change",2026-02-07,"40","pmf","stable",0.457474998546427
2026-01-31,1,"wk flu hosp rate change",2026-02-07,"22","pmf","stable",0.468008397498194
2026-01-31,1,"wk flu hosp rate change",2026-02-07,"46","pmf","stable",0.6
2026-01-31,2,"wk flu hosp rate change",2026-02-14,"02","pmf","stable",0.615611165100961
2026-01-31,2,"wk flu hosp rate change",2026-02-14,"01","pmf","stable",0.740397757729908
2026-01-31,2,"wk flu hosp rate change",2026-02-14,"25","pmf","stable",0.398031579154028
2026-01-31,2,"wk flu hosp rate change",2026-02-14,"37","pmf","stable",0.436623604436205
2026-01-31,2,"wk flu hosp rate change",2026-02-14,"47","pmf","stable",0.460692835794297
2026-01-31,2,"wk flu hosp rate change",2026-02-14,"20","pmf","stable",0.455196523053666
2026-01-31,2,"wk flu hosp rate change",2026-02-14,"55","pmf","stable",0.486318775665493
2026-01-31,2,"wk flu hosp rate change",2026-02-14,"08","pmf","stable",0.483443472627146
2026-01-31,2,"wk flu hosp rate change",2026-02-14,"17","pmf","stable",0.479659278903946
2026-01-31,2,"wk flu hosp rate change",2026-02-14,"45","pmf","stable",0.47451356002931
2026-01-31,2,"wk flu hosp rate change",2026-02-14,"05","pmf","stable",0.356271563803148
2026-01-31,2,"wk flu hosp rate change",2026-02-14,"49","pmf","stable",0.831282798833819
2026-01-31,2,"wk flu hosp rate change",2026-02-14,"06","pmf","stable",0.572755626970471
2026-01-31,2,"wk flu hosp rate change",2026-02-14,"13","pmf","stable",0.53007934351567
2026-01-31,2,"wk flu hosp rate change",2026-02-14,"18","pmf","stable",0.424974380437969
2026-01-31,2,"wk flu hosp rate change",2026-02-14,"38","pmf","stable",0.5
2026-01-31,2,"wk flu hosp rate change",2026-02-14,"32","pmf","stable",0.489159819772065
2026-01-31,2,"wk flu hosp rate change",2026-02-14,"36","pmf","stable",0.417728671243896
2026-01-31,2,"wk flu hosp rate change",2026-02-14,"41","pmf","stable",0.50966049133751
2026-01-31,2,"wk flu hosp rate change",2026-02-14,"42","pmf","stable",0.38685942427933
2026-01-31,2,"wk flu hosp rate change",2026-02-14,"33","pmf","stable",0.454157218442933
2026-01-31,2,"wk flu hosp rate change",2026-02-14,"72","pmf","stable",0.278842714712491
2026-01-31,2,"wk flu hosp rate change",2026-02-14,"44","pmf","stable",0.5
2026-01-31,2,"wk flu hosp rate change",2026-02-14,"09","pmf","stable",0.409299360071955
2026-01-31,2,"wk flu hosp rate change",2026-02-14,"23","pmf","stable",0.446155459916393
2026-01-31,2,"wk flu hosp rate change",2026-02-14,"29","pmf","stable",0.436193235057998
2026-01-31,2,"wk flu hosp rate change",2026-02-14,"48","pmf","stable",0.507499322644613
2026-01-31,2,"wk flu hosp rate change",2026-02-14,"35","pmf","stable",0.382792355037253
2026-01-31,2,"wk flu hosp rate change",2026-02-14,"US","pmf","stable",0.479436953639904
2026-01-31,2,"wk flu hosp rate change",2026-02-14,"15","pmf","stable",0.537037037037037
2026-01-31,2,"wk flu hosp rate change",2026-02-14,"21","pmf","stable",0.370781413094338
2026-01-31,2,"wk flu hosp rate change",2026-02-14,"24","pmf","stable",0.463838431789582
2026-01-31,2,"wk flu hosp rate change",2026-02-14,"31","pmf","stable",0.463249571937619
2026-01-31,2,"wk flu hosp rate change",2026-02-14,"53","pmf","stable",0.645029701124263
2026-01-31,2,"wk flu hosp rate change",2026-02-14,"11","pmf","stable",0.5
2026-01-31,2,"wk flu hosp rate change",2026-02-14,"27","pmf","stable",0.53316602975811
2026-01-31,2,"wk flu hosp rate change",2026-02-14,"30","pmf","stable",0.422196307094266
2026-01-31,2,"wk flu hosp rate change",2026-02-14,"19","pmf","stable",0.5
2026-01-31,2,"wk flu hosp rate change",2026-02-14,"04","pmf","stable",0.412913307754314
2026-01-31,2,"wk flu hosp rate change",2026-02-14,"56","pmf","stable",0.5390589569161
2026-01-31,2,"wk flu hosp rate change",2026-02-14,"50","pmf","stable",0.646148904006047
2026-01-31,2,"wk flu hosp rate change",2026-02-14,"26","pmf","stable",0.397068926729574
2026-01-31,2,"wk flu hosp rate change",2026-02-14,"12","pmf","stable",0.512907542687155
2026-01-31,2,"wk flu hosp rate change",2026-02-14,"54","pmf","stable",0.325977780722679
2026-01-31,2,"wk flu hosp rate change",2026-02-14,"10","pmf","stable",0.488674279235504
2026-01-31,2,"wk flu hosp rate change",2026-02-14,"28","pmf","stable",0.427804772702732
2026-01-31,2,"wk flu hosp rate change",2026-02-14,"34","pmf","stable",0.411627457753163
2026-01-31,2,"wk flu hosp rate change",2026-02-14,"51","pmf","stable",0.482026381981364
2026-01-31,2,"wk flu hosp rate change",2026-02-14,"16","pmf","stable",0.4
2026-01-31,2,"wk flu hosp rate change",2026-02-14,"39","pmf","stable",0.424402812411269
2026-01-31,2,"wk flu hosp rate change",2026-02-14,"40","pmf","stable",0.404195744866299
2026-01-31,2,"wk flu hosp rate change",2026-02-14,"22","pmf","stable",0.415947103379971
2026-01-31,2,"wk flu hosp rate change",2026-02-14,"46","pmf","stable",0.5
2026-01-31,3,"wk flu hosp rate change",2026-02-21,"02","pmf","stable",0.534984072994277
2026-01-31,3,"wk flu hosp rate change",2026-02-21,"01","pmf","stable",0.739369863982813
2026-01-31,3,"wk flu hosp rate change",2026-02-21,"25","pmf","stable",0.388102111905601
2026-01-31,3,"wk flu hosp rate change",2026-02-21,"37","pmf","stable",0.443238712290333
2026-01-31,3,"wk flu hosp rate change",2026-02-21,"47","pmf","stable",0.466587832874979
2026-01-31,3,"wk flu hosp rate change",2026-02-21,"20","pmf","stable",0.453325774754346
2026-01-31,3,"wk flu hosp rate change",2026-02-21,"55","pmf","stable",0.484107614084342
2026-01-31,3,"wk flu hosp rate change",2026-02-21,"08","pmf","stable",0.520152834688131
2026-01-31,3,"wk flu hosp rate change",2026-02-21,"17","pmf","stable",0.477186912931196
2026-01-31,3,"wk flu hosp rate change",2026-02-21,"45","pmf","stable",0.469401252564518
2026-01-31,3,"wk flu hosp rate change",2026-02-21,"05","pmf","stable",0.362265514153269
2026-01-31,3,"wk flu hosp rate change",2026-02-21,"49","pmf","stable",0.836339586339586
2026-01-31,3,"wk flu hosp rate change",2026-02-21,"06","pmf","stable",0.597062107497912
2026-01-31,3,"wk flu hosp rate change",2026-02-21,"13","pmf","stable",0.534149611132232
2026-01-31,3,"wk flu hosp rate change",2026-02-21,"18","pmf","stable",0.407993552941059
2026-01-31,3,"wk flu hosp rate change",2026-02-21,"38","pmf","stable",0.437962962962963
2026-01-31,3,"wk flu hosp rate change",2026-02-21,"32","pmf","stable",0.495964644361146
2026-01-31,3,"wk flu hosp rate change",2026-02-21,"36","pmf","stable",0.447006625411913
2026-01-31,3,"wk flu hosp rate change",2026-02-21,"41","pmf","stable",0.526238825290025
2026-01-31,3,"wk flu hosp rate change",2026-02-21,"42","pmf","stable",0.36945124260729
2026-01-31,3,"wk flu hosp rate change",2026-02-21,"33","pmf","stable",0.458949627470036
2026-01-31,3,"wk flu hosp rate change",2026-02-21,"72","pmf","stable",0.308507809003436
2026-01-31,3,"wk flu hosp rate change",2026-02-21,"44","pmf","stable",0.426006525059003
2026-01-31,3,"wk flu hosp rate change",2026-02-21,"09","pmf","stable",0.416193479512491
2026-01-31,3,"wk flu hosp rate change",2026-02-21,"23","pmf","stable",0.418206097253716
2026-01-31,3,"wk flu hosp rate change",2026-02-21,"29","pmf","stable",0.415182693711331
2026-01-31,3,"wk flu hosp rate change",2026-02-21,"48","pmf","stable",0.538727076108126
2026-01-31,3,"wk flu hosp rate change",2026-02-21,"35","pmf","stable",0.375712666018788
2026-01-31,3,"wk flu hosp rate change",2026-02-21,"US","pmf","stable",0.491517130244854
2026-01-31,3,"wk flu hosp rate change",2026-02-21,"15","pmf","stable",0.6
2026-01-31,3,"wk flu hosp rate change",2026-02-21,"21","pmf","stable",0.358030398362031
2026-01-31,3,"wk flu hosp rate change",2026-02-21,"24","pmf","stable",0.48294512808029
2026-01-31,3,"wk flu hosp rate change",2026-02-21,"31","pmf","stable",0.474214447683835
2026-01-31,3,"wk flu hosp rate change",2026-02-21,"53","pmf","stable",0.658293462948781
2026-01-31,3,"wk flu hosp rate change",2026-02-21,"11","pmf","stable",0.4
2026-01-31,3,"wk flu hosp rate change",2026-02-21,"27","pmf","stable",0.519236583522298
2026-01-31,3,"wk flu hosp rate change",2026-02-21,"30","pmf","stable",0.365247196384223
2026-01-31,3,"wk flu hosp rate change",2026-02-21,"19","pmf","stable",0.480356175630075
2026-01-31,3,"wk flu hosp rate change",2026-02-21,"04","pmf","stable",0.408328708909475
2026-01-31,3,"wk flu hosp rate change",2026-02-21,"56","pmf","stable",0.450740740740741
2026-01-31,3,"wk flu hosp rate change",2026-02-21,"50","pmf","stable",0.57037037037037
2026-01-31,3,"wk flu hosp rate change",2026-02-21,"26","pmf","stable",0.404180795125068
2026-01-31,3,"wk flu hosp rate change",2026-02-21,"12","pmf","stable",0.540976357405178
2026-01-31,3,"wk flu hosp rate change",2026-02-21,"54","pmf","stable",0.311473758263117
2026-01-31,3,"wk flu hosp rate change",2026-02-21,"10","pmf","stable",0.424852607709751
2026-01-31,3,"wk flu hosp rate change",2026-02-21,"28","pmf","stable",0.439043092206357
2026-01-31,3,"wk flu hosp rate change",2026-02-21,"34","pmf","stable",0.402598848668323
2026-01-31,3,"wk flu hosp rate change",2026-02-21,"51","pmf","stable",0.481895663555403
2026-01-31,3,"wk flu hosp rate change",2026-02-21,"16","pmf","stable",0.41378113414678
2026-01-31,3,"wk flu hosp rate change",2026-02-21,"39","pmf","stable",0.409047144989991
2026-01-31,3,"wk flu hosp rate change",2026-02-21,"40","pmf","stable",0.403275199647082
2026-01-31,3,"wk flu hosp rate change",2026-02-21,"22","pmf","stable",0.43165522688046
2026-01-31,3,"wk flu hosp rate change",2026-02-21,"46","pmf","stable",0.4
2026-01-31,0,"wk flu hosp rate change",2026-01-31,"02","pmf","decrease",0.027207644962747
2026-01-31,0,"wk flu hosp rate change",2026-01-31,"01","pmf","decrease",0
2026-01-31,0,"wk flu hosp rate change",2026-01-31,"25","pmf","decrease",0.108361795566183
2026-01-31,0,"wk flu hosp rate change",2026-01-31,"37","pmf","decrease",0.105441519543457
2026-01-31,0,"wk flu hosp rate change",2026-01-31,"47","pmf","decrease",0.12698817042205
2026-01-31,0,"wk flu hosp rate change",2026-01-31,"20","pmf","decrease",0.102655818895703
2026-01-31,0,"wk flu hosp rate change",2026-01-31,"55","pmf","decrease",0.109933729057783
2026-01-31,0,"wk flu hosp rate change",2026-01-31,"08","pmf","decrease",0.131529778923302
2026-01-31,0,"wk flu hosp rate change",2026-01-31,"17","pmf","decrease",0.107251609438995
2026-01-31,0,"wk flu hosp rate change",2026-01-31,"45","pmf","decrease",0.119561907887633
2026-01-31,0,"wk flu hosp rate change",2026-01-31,"05","pmf","decrease",0.134561789621313
2026-01-31,0,"wk flu hosp rate change",2026-01-31,"49","pmf","decrease",0.128240740740741
2026-01-31,0,"wk flu hosp rate change",2026-01-31,"06","pmf","decrease",0.112780804620721
2026-01-31,0,"wk flu hosp rate change",2026-01-31,"13","pmf","decrease",0.108372080465796
2026-01-31,0,"wk flu hosp rate change",2026-01-31,"18","pmf","decrease",0.106438855494736
2026-01-31,0,"wk flu hosp rate change",2026-01-31,"38","pmf","decrease",0.0322691708958716
2026-01-31,0,"wk flu hosp rate change",2026-01-31,"32","pmf","decrease",0.185549616672066
2026-01-31,0,"wk flu hosp rate change",2026-01-31,"36","pmf","decrease",0.135407507677646
2026-01-31,0,"wk flu hosp rate change",2026-01-31,"41","pmf","decrease",0.122551680201263
2026-01-31,0,"wk flu hosp rate change",2026-01-31,"42","pmf","decrease",0.128380435624295
2026-01-31,0,"wk flu hosp rate change",2026-01-31,"33","pmf","decrease",0.052062074829932
2026-01-31,0,"wk flu hosp rate change",2026-01-31,"72","pmf","decrease",0.232070951350801
2026-01-31,0,"wk flu hosp rate change",2026-01-31,"44","pmf","decrease",0.0367623117623117
2026-01-31,0,"wk flu hosp rate change",2026-01-31,"09","pmf","decrease",0.118193425228762
2026-01-31,0,"wk flu hosp rate change",2026-01-31,"23","pmf","decrease",0.0499893058566528
2026-01-31,0,"wk flu hosp rate change",2026-01-31,"29","pmf","decrease",0.0994343071710816
2026-01-31,0,"wk flu hosp rate change",2026-01-31,"48","pmf","decrease",0.164492696097383
2026-01-31,0,"wk flu hosp rate change",2026-01-31,"35","pmf","decrease",0.0937991299215789
2026-01-31,0,"wk flu hosp rate change",2026-01-31,"US","pmf","decrease",0.117280496832105
2026-01-31,0,"wk flu hosp rate change",2026-01-31,"15","pmf","decrease",0.0694454356605277
2026-01-31,0,"wk flu hosp rate change",2026-01-31,"21","pmf","decrease",0.126795381637905
2026-01-31,0,"wk flu hosp rate change",2026-01-31,"24","pmf","decrease",0.127862556791725
2026-01-31,0,"wk flu hosp rate change",2026-01-31,"31","pmf","decrease",0.0741716157362416
2026-01-31,0,"wk flu hosp rate change",2026-01-31,"53","pmf","decrease",0.11216447031984
2026-01-31,0,"wk flu hosp rate change",2026-01-31,"11","pmf","decrease",0.0133333333333333
2026-01-31,0,"wk flu hosp rate change",2026-01-31,"27","pmf","decrease",0.111279663380504
2026-01-31,0,"wk flu hosp rate change",2026-01-31,"30","pmf","decrease",0.0334197845804988
2026-01-31,0,"wk flu hosp rate change",2026-01-31,"19","pmf","decrease",0.100745233037355
2026-01-31,0,"wk flu hosp rate change",2026-01-31,"04","pmf","decrease",0.120691023328778
2026-01-31,0,"wk flu hosp rate change",2026-01-31,"56","pmf","decrease",0
2026-01-31,0,"wk flu hosp rate change",2026-01-31,"50","pmf","decrease",0.00366591080876796
2026-01-31,0,"wk flu hosp rate change",2026-01-31,"26","pmf","decrease",0.113071330608481
2026-01-31,0,"wk flu hosp rate change",2026-01-31,"12","pmf","decrease",0.147691533590136
2026-01-31,0,"wk flu hosp rate change",2026-01-31,"54","pmf","decrease",0.0681540087854788
2026-01-31,0,"wk flu hosp rate change",2026-01-31,"10","pmf","decrease",0.0342713275786505
2026-01-31,0,"wk flu hosp rate change",2026-01-31,"28","pmf","decrease",0.141011490722861
2026-01-31,0,"wk flu hosp rate change",2026-01-31,"34","pmf","decrease",0.111986133584554
2026-01-31,0,"wk flu hosp rate change",2026-01-31,"51","pmf","decrease",0.115762866246218
2026-01-31,0,"wk flu hosp rate change",2026-01-31,"16","pmf","decrease",0.108823792851082
2026-01-31,0,"wk flu hosp rate change",2026-01-31,"39","pmf","decrease",0.10197905615476
2026-01-31,0,"wk flu hosp rate change",2026-01-31,"40","pmf","decrease",0.131039871061617
2026-01-31,0,"wk flu hosp rate change",2026-01-31,"22","pmf","decrease",0.136930996048731
2026-01-31,0,"wk flu hosp rate change",2026-01-31,"46","pmf","decrease",0.0366568296135876
2026-01-31,1,"wk flu hosp rate change",2026-02-07,"02","pmf","decrease",0.134388834899039
2026-01-31,1,"wk flu hosp rate change",2026-02-07,"01","pmf","decrease",0
2026-01-31,1,"wk flu hosp rate change",2026-02-07,"25","pmf","decrease",0.199309767745117
2026-01-31,1,"wk flu hosp rate change",2026-02-07,"37","pmf","decrease",0.187300135511752
2026-01-31,1,"wk flu hosp rate change",2026-02-07,"47","pmf","decrease",0.189157291472828
2026-01-31,1,"wk flu hosp rate change",2026-02-07,"20","pmf","decrease",0.177372103646663
2026-01-31,1,"wk flu hosp rate change",2026-02-07,"55","pmf","decrease",0.163288755462365
2026-01-31,1,"wk flu hosp rate change",2026-02-07,"08","pmf","decrease",0.234664543065904
2026-01-31,1,"wk flu hosp rate change",2026-02-07,"17","pmf","decrease",0.178997544408699
2026-01-31,1,"wk flu hosp rate change",2026-02-07,"45","pmf","decrease",0.166157690611176
2026-01-31,1,"wk flu hosp rate change",2026-02-07,"05","pmf","decrease",0.232087981391387
2026-01-31,1,"wk flu hosp rate change",2026-02-07,"49","pmf","decrease",0.15
2026-01-31,1,"wk flu hosp rate change",2026-02-07,"06","pmf","decrease",0.184126248632616
2026-01-31,1,"wk flu hosp rate change",2026-02-07,"13","pmf","decrease",0.206823080357393
2026-01-31,1,"wk flu hosp rate change",2026-02-07,"18","pmf","decrease",0.193125495124748
2026-01-31,1,"wk flu hosp rate change",2026-02-07,"38","pmf","decrease",0.128637566137566
2026-01-31,1,"wk flu hosp rate change",2026-02-07,"32","pmf","decrease",0.233677150513885
2026-01-31,1,"wk flu hosp rate change",2026-02-07,"36","pmf","decrease",0.263192697873635
2026-01-31,1,"wk flu hosp rate change",2026-02-07,"41","pmf","decrease",0.171385744554071
2026-01-31,1,"wk flu hosp rate change",2026-02-07,"42","pmf","decrease",0.173313379430003
2026-01-31,1,"wk flu hosp rate change",2026-02-07,"33","pmf","decrease",0.131272378415236
2026-01-31,1,"wk flu hosp rate change",2026-02-07,"72","pmf","decrease",0.267311080334711
2026-01-31,1,"wk flu hosp rate change",2026-02-07,"44","pmf","decrease",0.1189412590433
2026-01-31,1,"wk flu hosp rate change",2026-02-07,"09","pmf","decrease",0.211659558003095
2026-01-31,1,"wk flu hosp rate change",2026-02-07,"23","pmf","decrease",0.124211751548382
2026-01-31,1,"wk flu hosp rate change",2026-02-07,"29","pmf","decrease",0.16897013654877
2026-01-31,1,"wk flu hosp rate change",2026-02-07,"48","pmf","decrease",0.214390519222768
2026-01-31,1,"wk flu hosp rate change",2026-02-07,"35","pmf","decrease",0.187462024623242
2026-01-31,1,"wk flu hosp rate change",2026-02-07,"US","pmf","decrease",0.210066781415656
2026-01-31,1,"wk flu hosp rate change",2026-02-07,"15","pmf","decrease",0.1734410430839
2026-01-31,1,"wk flu hosp rate change",2026-02-07,"21","pmf","decrease",0.18587823732265
2026-01-31,1,"wk flu hosp rate change",2026-02-07,"24","pmf","decrease",0.246643292681708
2026-01-31,1,"wk flu hosp rate change",2026-02-07,"31","pmf","decrease",0.196962200631973
2026-01-31,1,"wk flu hosp rate change",2026-02-07,"53","pmf","decrease",0.15801903070467
2026-01-31,1,"wk flu hosp rate change",2026-02-07,"11","pmf","decrease",0.1
2026-01-31,1,"wk flu hosp rate change",2026-02-07,"27","pmf","decrease",0.160168578531914
2026-01-31,1,"wk flu hosp rate change",2026-02-07,"30","pmf","decrease",0.143249919015225
2026-01-31,1,"wk flu hosp rate change",2026-02-07,"19","pmf","decrease",0.164628015708448
2026-01-31,1,"wk flu hosp rate change",2026-02-07,"04","pmf","decrease",0.259031902002424
2026-01-31,1,"wk flu hosp rate change",2026-02-07,"56","pmf","decrease",0.166666666666667
2026-01-31,1,"wk flu hosp rate change",2026-02-07,"50","pmf","decrease",0.0679864099834945
2026-01-31,1,"wk flu hosp rate change",2026-02-07,"26","pmf","decrease",0.187764922942764
2026-01-31,1,"wk flu hosp rate change",2026-02-07,"12","pmf","decrease",0.205670886304141
2026-01-31,1,"wk flu hosp rate change",2026-02-07,"54","pmf","decrease",0.170183158297333
2026-01-31,1,"wk flu hosp rate change",2026-02-07,"10","pmf","decrease",0.0872947485872657
2026-01-31,1,"wk flu hosp rate change",2026-02-07,"28","pmf","decrease",0.218054745707807
2026-01-31,1,"wk flu hosp rate change",2026-02-07,"34","pmf","decrease",0.187360332423101
2026-01-31,1,"wk flu hosp rate change",2026-02-07,"51","pmf","decrease",0.189883382162784
2026-01-31,1,"wk flu hosp rate change",2026-02-07,"16","pmf","decrease",0.19127083185986
2026-01-31,1,"wk flu hosp rate change",2026-02-07,"39","pmf","decrease",0.161744839816198
2026-01-31,1,"wk flu hosp rate change",2026-02-07,"40","pmf","decrease",0.21366503929868
2026-01-31,1,"wk flu hosp rate change",2026-02-07,"22","pmf","decrease",0.215965239094491
2026-01-31,1,"wk flu hosp rate change",2026-02-07,"46","pmf","decrease",0.12390072809169
2026-01-31,2,"wk flu hosp rate change",2026-02-14,"02","pmf","decrease",0.184388834899039
2026-01-31,2,"wk flu hosp rate change",2026-02-14,"01","pmf","decrease",0
2026-01-31,2,"wk flu hosp rate change",2026-02-14,"25","pmf","decrease",0.3
2026-01-31,2,"wk flu hosp rate change",2026-02-14,"37","pmf","decrease",0.219666260272027
2026-01-31,2,"wk flu hosp rate change",2026-02-14,"47","pmf","decrease",0.270481702582772
2026-01-31,2,"wk flu hosp rate change",2026-02-14,"20","pmf","decrease",0.227697271153492
2026-01-31,2,"wk flu hosp rate change",2026-02-14,"55","pmf","decrease",0.201044096822214
2026-01-31,2,"wk flu hosp rate change",2026-02-14,"08","pmf","decrease",0.256848661542539
2026-01-31,2,"wk flu hosp rate change",2026-02-14,"17","pmf","decrease",0.223762598805338
2026-01-31,2,"wk flu hosp rate change",2026-02-14,"45","pmf","decrease",0.207785131889151
2026-01-31,2,"wk flu hosp rate change",2026-02-14,"05","pmf","decrease",0.320584337287447
2026-01-31,2,"wk flu hosp rate change",2026-02-14,"49","pmf","decrease",0
2026-01-31,2,"wk flu hosp rate change",2026-02-14,"06","pmf","decrease",0.213590421204419
2026-01-31,2,"wk flu hosp rate change",2026-02-14,"13","pmf","decrease",0.233978272723026
2026-01-31,2,"wk flu hosp rate change",2026-02-14,"18","pmf","decrease",0.286231118200941
2026-01-31,2,"wk flu hosp rate change",2026-02-14,"38","pmf","decrease",0.189438603724318
2026-01-31,2,"wk flu hosp rate change",2026-02-14,"32","pmf","decrease",0.25
2026-01-31,2,"wk flu hosp rate change",2026-02-14,"36","pmf","decrease",0.289825248996457
2026-01-31,2,"wk flu hosp rate change",2026-02-14,"41","pmf","decrease",0.245171834967753
2026-01-31,2,"wk flu hosp rate change",2026-02-14,"42","pmf","decrease",0.195451949968314
2026-01-31,2,"wk flu hosp rate change",2026-02-14,"33","pmf","decrease",0.209351270788647
2026-01-31,2,"wk flu hosp rate change",2026-02-14,"72","pmf","decrease",0.286480354974669
2026-01-31,2,"wk flu hosp rate change",2026-02-14,"44","pmf","decrease",0.181481481481481
2026-01-31,2,"wk flu hosp rate change",2026-02-14,"09","pmf","decrease",0.295226525984543
2026-01-31,2,"wk flu hosp rate change",2026-02-14,"23","pmf","decrease",0.201922270041804
2026-01-31,2,"wk flu hosp rate change",2026-02-14,"29","pmf","decrease",0.206117947400725
2026-01-31,2,"wk flu hosp rate change",2026-02-14,"48","pmf","decrease",0.246600813325941
2026-01-31,2,"wk flu hosp rate change",2026-02-14,"35","pmf","decrease",0.22805930230176
2026-01-31,2,"wk flu hosp rate change",2026-02-14,"US","pmf","decrease",0.26033994960457
2026-01-31,2,"wk flu hosp rate change",2026-02-14,"15","pmf","decrease",0.231481481481481
2026-01-31,2,"wk flu hosp rate change",2026-02-14,"21","pmf","decrease",0.224972162848852
2026-01-31,2,"wk flu hosp rate change",2026-02-14,"24","pmf","decrease",0.266639800319588
2026-01-31,2,"wk flu hosp rate change",2026-02-14,"31","pmf","decrease",0.234886841268195
2026-01-31,2,"wk flu hosp rate change",2026-02-14,"53","pmf","decrease",0.177906883940602
2026-01-31,2,"wk flu hosp rate change",2026-02-14,"11","pmf","decrease",0.25
2026-01-31,2,"wk flu hosp rate change",2026-02-14,"27","pmf","decrease",0.180096783309116
2026-01-31,2,"wk flu hosp rate change",2026-02-14,"30","pmf","decrease",0.219474760746599
2026-01-31,2,"wk flu hosp rate change",2026-02-14,"19","pmf","decrease",0.213246939190817
2026-01-31,2,"wk flu hosp rate change",2026-02-14,"04","pmf","decrease",0.291309087737659
2026-01-31,2,"wk flu hosp rate change",2026-02-14,"56","pmf","decrease",0.225
2026-01-31,2,"wk flu hosp rate change",2026-02-14,"50","pmf","decrease",0.171258503401361
2026-01-31,2,"wk flu hosp rate change",2026-02-14,"26","pmf","decrease",0.301450570354974
2026-01-31,2,"wk flu hosp rate change",2026-02-14,"12","pmf","decrease",0.233300810677052
2026-01-31,2,"wk flu hosp rate change",2026-02-14,"54","pmf","decrease",0.223800732345436
2026-01-31,2,"wk flu hosp rate change",2026-02-14,"10","pmf","decrease",0.156058761722027
2026-01-31,2,"wk flu hosp rate change",2026-02-14,"28","pmf","decrease",0.286097613648634
2026-01-31,2,"wk flu hosp rate change",2026-02-14,"34","pmf","decrease",0.234603133072521
2026-01-31,2,"wk flu hosp rate change",2026-02-14,"51","pmf","decrease",0.21926828405138
2026-01-31,2,"wk flu hosp rate change",2026-02-14,"16","pmf","decrease",0.3
2026-01-31,2,"wk flu hosp rate change",2026-02-14,"39","pmf","decrease",0.191464268914387
2026-01-31,2,"wk flu hosp rate change",2026-02-14,"40","pmf","decrease",0.295804255133701
2026-01-31,2,"wk flu hosp rate change",2026-02-14,"22","pmf","decrease",0.247322712949372
2026-01-31,2,"wk flu hosp rate change",2026-02-14,"46","pmf","decrease",0.25
2026-01-31,3,"wk flu hosp rate change",2026-02-21,"02","pmf","decrease",0.231018518518519
2026-01-31,3,"wk flu hosp rate change",2026-02-21,"01","pmf","decrease",0
2026-01-31,3,"wk flu hosp rate change",2026-02-21,"25","pmf","decrease",0.305128225893532
2026-01-31,3,"wk flu hosp rate change",2026-02-21,"37","pmf","decrease",0.278444623270554
2026-01-31,3,"wk flu hosp rate change",2026-02-21,"47","pmf","decrease",0.265039281705948
2026-01-31,3,"wk flu hosp rate change",2026-02-21,"20","pmf","decrease",0.230456061443213
2026-01-31,3,"wk flu hosp rate change",2026-02-21,"55","pmf","decrease",0.217427867163278
2026-01-31,3,"wk flu hosp rate change",2026-02-21,"08","pmf","decrease",0.238420654811632
2026-01-31,3,"wk flu hosp rate change",2026-02-21,"17","pmf","decrease",0.26154015568866
2026-01-31,3,"wk flu hosp rate change",2026-02-21,"45","pmf","decrease",0.265783932620667
2026-01-31,3,"wk flu hosp rate change",2026-02-21,"05","pmf","decrease",0.317407037407037
2026-01-31,3,"wk flu hosp rate change",2026-02-21,"49","pmf","decrease",0
2026-01-31,3,"wk flu hosp rate change",2026-02-21,"06","pmf","decrease",0.201673582205698
2026-01-31,3,"wk flu hosp rate change",2026-02-21,"13","pmf","decrease",0.232529260322387
2026-01-31,3,"wk flu hosp rate change",2026-02-21,"18","pmf","decrease",0.295159319929701
2026-01-31,3,"wk flu hosp rate change",2026-02-21,"38","pmf","decrease",0.227758548276041
2026-01-31,3,"wk flu hosp rate change",2026-02-21,"32","pmf","decrease",0.25
2026-01-31,3,"wk flu hosp rate change",2026-02-21,"36","pmf","decrease",0.275239568585685
2026-01-31,3,"wk flu hosp rate change",2026-02-21,"41","pmf","decrease",0.236920197464415
2026-01-31,3,"wk flu hosp rate change",2026-02-21,"42","pmf","decrease",0.215160870449248
2026-01-31,3,"wk flu hosp rate change",2026-02-21,"33","pmf","decrease",0.218054745707807
2026-01-31,3,"wk flu hosp rate change",2026-02-21,"72","pmf","decrease",0.273007068231729
2026-01-31,3,"wk flu hosp rate change",2026-02-21,"44","pmf","decrease",0.286996737470498
2026-01-31,3,"wk flu hosp rate change",2026-02-21,"09","pmf","decrease",0.291919741355832
2026-01-31,3,"wk flu hosp rate change",2026-02-21,"23","pmf","decrease",0.290896951373142
2026-01-31,3,"wk flu hosp rate change",2026-02-21,"29","pmf","decrease",0.230749629795166
2026-01-31,3,"wk flu hosp rate change",2026-02-21,"48","pmf","decrease",0.230506596428447
2026-01-31,3,"wk flu hosp rate change",2026-02-21,"35","pmf","decrease",0.235870938081822
2026-01-31,3,"wk flu hosp rate change",2026-02-21,"US","pmf","decrease",0.253015310853931
2026-01-31,3,"wk flu hosp rate change",2026-02-21,"15","pmf","decrease",0.2
2026-01-31,3,"wk flu hosp rate change",2026-02-21,"21","pmf","decrease",0.318372662862459
2026-01-31,3,"wk flu hosp rate change",2026-02-21,"24","pmf","decrease",0.257311546853677
2026-01-31,3,"wk flu hosp rate change",2026-02-21,"31","pmf","decrease",0.237892776158082
2026-01-31,3,"wk flu hosp rate change",2026-02-21,"53","pmf","decrease",0.170874478823788
2026-01-31,3,"wk flu hosp rate change",2026-02-21,"11","pmf","decrease",0.3
2026-01-31,3,"wk flu hosp rate change",2026-02-21,"27","pmf","decrease",0.190241165349706
2026-01-31,3,"wk flu hosp rate change",2026-02-21,"30","pmf","decrease",0.317376401807889
2026-01-31,3,"wk flu hosp rate change",2026-02-21,"19","pmf","decrease",0.234821912184963
2026-01-31,3,"wk flu hosp rate change",2026-02-21,"04","pmf","decrease",0.29325450180072
2026-01-31,3,"wk flu hosp rate change",2026-02-21,"56","pmf","decrease",0.266666666666667
2026-01-31,3,"wk flu hosp rate change",2026-02-21,"50","pmf","decrease",0.214814814814815
2026-01-31,3,"wk flu hosp rate change",2026-02-21,"26","pmf","decrease",0.297212803249955
2026-01-31,3,"wk flu hosp rate change",2026-02-21,"12","pmf","decrease",0.229055280867385
2026-01-31,3,"wk flu hosp rate change",2026-02-21,"54","pmf","decrease",0.229268259545228
2026-01-31,3,"wk flu hosp rate change",2026-02-21,"10","pmf","decrease",0.20166621108798
2026-01-31,3,"wk flu hosp rate change",2026-02-21,"28","pmf","decrease",0.282407407407407
2026-01-31,3,"wk flu hosp rate change",2026-02-21,"34","pmf","decrease",0.298693055039547
2026-01-31,3,"wk flu hosp rate change",2026-02-21,"51","pmf","decrease",0.25908443098281
2026-01-31,3,"wk flu hosp rate change",2026-02-21,"16","pmf","decrease",0.292889671741713
2026-01-31,3,"wk flu hosp rate change",2026-02-21,"39","pmf","decrease",0.231726636833532
2026-01-31,3,"wk flu hosp rate change",2026-02-21,"40","pmf","decrease",0.296724800352918
2026-01-31,3,"wk flu hosp rate change",2026-02-21,"22","pmf","decrease",0.250695429222835
2026-01-31,3,"wk flu hosp rate change",2026-02-21,"46","pmf","decrease",0.3
2026-01-31,0,"wk flu hosp rate change",2026-01-31,"02","pmf","large_decrease",0.05
2026-01-31,0,"wk flu hosp rate change",2026-01-31,"01","pmf","large_decrease",0
2026-01-31,0,"wk flu hosp rate change",2026-01-31,"25","pmf","large_decrease",0.0854100761914922
2026-01-31,0,"wk flu hosp rate change",2026-01-31,"37","pmf","large_decrease",0.0653577656177617
2026-01-31,0,"wk flu hosp rate change",2026-01-31,"47","pmf","large_decrease",0.0611596402895362
2026-01-31,0,"wk flu hosp rate change",2026-01-31,"20","pmf","large_decrease",0.067277571126973
2026-01-31,0,"wk flu hosp rate change",2026-01-31,"55","pmf","large_decrease",0.062879682020934
2026-01-31,0,"wk flu hosp rate change",2026-01-31,"08","pmf","large_decrease",0.0409742468415938
2026-01-31,0,"wk flu hosp rate change",2026-01-31,"17","pmf","large_decrease",0.0597559830788017
2026-01-31,0,"wk flu hosp rate change",2026-01-31,"45","pmf","large_decrease",0.0605002798947482
2026-01-31,0,"wk flu hosp rate change",2026-01-31,"05","pmf","large_decrease",0.0825235060354108
2026-01-31,0,"wk flu hosp rate change",2026-01-31,"49","pmf","large_decrease",0
2026-01-31,0,"wk flu hosp rate change",2026-01-31,"06","pmf","large_decrease",0.0310780691692246
2026-01-31,0,"wk flu hosp rate change",2026-01-31,"13","pmf","large_decrease",0.0442104196385703
2026-01-31,0,"wk flu hosp rate change",2026-01-31,"18","pmf","large_decrease",0.0899979908929825
2026-01-31,0,"wk flu hosp rate change",2026-01-31,"38","pmf","large_decrease",0.0778935185185185
2026-01-31,0,"wk flu hosp rate change",2026-01-31,"32","pmf","large_decrease",0
2026-01-31,0,"wk flu hosp rate change",2026-01-31,"36","pmf","large_decrease",0.0557122688043755
2026-01-31,0,"wk flu hosp rate change",2026-01-31,"41","pmf","large_decrease",0.0454949179473763
2026-01-31,0,"wk flu hosp rate change",2026-01-31,"42","pmf","large_decrease",0.0885187773236703
2026-01-31,0,"wk flu hosp rate change",2026-01-31,"33","pmf","large_decrease",0.0608387998056365
2026-01-31,0,"wk flu hosp rate change",2026-01-31,"72","pmf","large_decrease",0.093968353259932
2026-01-31,0,"wk flu hosp rate change",2026-01-31,"44","pmf","large_decrease",0.068604279318565
2026-01-31,0,"wk flu hosp rate change",2026-01-31,"09","pmf","large_decrease",0.0726534955501314
2026-01-31,0,"wk flu hosp rate change",2026-01-31,"23","pmf","large_decrease",0.0736457892070137
2026-01-31,0,"wk flu hosp rate change",2026-01-31,"29","pmf","large_decrease",0.0792337632316828
2026-01-31,0,"wk flu hosp rate change",2026-01-31,"48","pmf","large_decrease",0.0343594428266807
2026-01-31,0,"wk flu hosp rate change",2026-01-31,"35","pmf","large_decrease",0.0811296450071961
2026-01-31,0,"wk flu hosp rate change",2026-01-31,"US","pmf","large_decrease",0.0600992845088588
2026-01-31,0,"wk flu hosp rate change",2026-01-31,"15","pmf","large_decrease",0.0152209070670395
2026-01-31,0,"wk flu hosp rate change",2026-01-31,"21","pmf","large_decrease",0.0869668015979622
2026-01-31,0,"wk flu hosp rate change",2026-01-31,"24","pmf","large_decrease",0.0453824508234977
2026-01-31,0,"wk flu hosp rate change",2026-01-31,"31","pmf","large_decrease",0.0657440161249685
2026-01-31,0,"wk flu hosp rate change",2026-01-31,"53","pmf","large_decrease",0.0289367753732428
2026-01-31,0,"wk flu hosp rate change",2026-01-31,"11","pmf","large_decrease",0.1
2026-01-31,0,"wk flu hosp rate change",2026-01-31,"27","pmf","large_decrease",0.05
2026-01-31,0,"wk flu hosp rate change",2026-01-31,"30","pmf","large_decrease",0.0924442554799698
2026-01-31,0,"wk flu hosp rate change",2026-01-31,"19","pmf","large_decrease",0.0605342282421064
2026-01-31,0,"wk flu hosp rate change",2026-01-31,"04","pmf","large_decrease",0.0717075115034299
2026-01-31,0,"wk flu hosp rate change",2026-01-31,"56","pmf","large_decrease",0.1
2026-01-31,0,"wk flu hosp rate change",2026-01-31,"50","pmf","large_decrease",0.0609410430839002
2026-01-31,0,"wk flu hosp rate change",2026-01-31,"26","pmf","large_decrease",0.0752951328600235
2026-01-31,0,"wk flu hosp rate change",2026-01-31,"12","pmf","large_decrease",0.0451578393068937
2026-01-31,0,"wk flu hosp rate change",2026-01-31,"54","pmf","large_decrease",0.110106860779739
2026-01-31,0,"wk flu hosp rate change",2026-01-31,"10","pmf","large_decrease",0.0760461327388098
2026-01-31,0,"wk flu hosp rate change",2026-01-31,"28","pmf","large_decrease",0.058988509277139
2026-01-31,0,"wk flu hosp rate change",2026-01-31,"34","pmf","large_decrease",0.0799434850863422
2026-01-31,0,"wk flu hosp rate change",2026-01-31,"51","pmf","large_decrease",0.0591884008103127
2026-01-31,0,"wk flu hosp rate change",2026-01-31,"16","pmf","large_decrease",0.0650829126882767
2026-01-31,0,"wk flu hosp rate change",2026-01-31,"39","pmf","large_decrease",0.0846749925615003
2026-01-31,0,"wk flu hosp rate change",2026-01-31,"40","pmf","large_decrease",0.0689601289383825
2026-01-31,0,"wk flu hosp rate change",2026-01-31,"22","pmf","large_decrease",0.0687946275340358
2026-01-31,0,"wk flu hosp rate change",2026-01-31,"46","pmf","large_decrease",0.0703994474426895
2026-01-31,1,"wk flu hosp rate change",2026-02-07,"02","pmf","large_decrease",0
2026-01-31,1,"wk flu hosp rate change",2026-02-07,"01","pmf","large_decrease",0
2026-01-31,1,"wk flu hosp rate change",2026-02-07,"25","pmf","large_decrease",0.0674886832370079
2026-01-31,1,"wk flu hosp rate change",2026-02-07,"37","pmf","large_decrease",0.0669402511190905
2026-01-31,1,"wk flu hosp rate change",2026-02-07,"47","pmf","large_decrease",0.0574113688917505
2026-01-31,1,"wk flu hosp rate change",2026-02-07,"20","pmf","large_decrease",0.0592108016242888
2026-01-31,1,"wk flu hosp rate change",2026-02-07,"55","pmf","large_decrease",0.0684242075005976
2026-01-31,1,"wk flu hosp rate change",2026-02-07,"08","pmf","large_decrease",0
2026-01-31,1,"wk flu hosp rate change",2026-02-07,"17","pmf","large_decrease",0.0476363553017964
2026-01-31,1,"wk flu hosp rate change",2026-02-07,"45","pmf","large_decrease",0.0746900718556339
2026-01-31,1,"wk flu hosp rate change",2026-02-07,"05","pmf","large_decrease",0.067912018608613
2026-01-31,1,"wk flu hosp rate change",2026-02-07,"49","pmf","large_decrease",0
2026-01-31,1,"wk flu hosp rate change",2026-02-07,"06","pmf","large_decrease",0.00800106924980442
2026-01-31,1,"wk flu hosp rate change",2026-02-07,"13","pmf","large_decrease",0
2026-01-31,1,"wk flu hosp rate change",2026-02-07,"18","pmf","large_decrease",0.0599745045502296
2026-01-31,1,"wk flu hosp rate change",2026-02-07,"38","pmf","large_decrease",0.0713624338624339
2026-01-31,1,"wk flu hosp rate change",2026-02-07,"32","pmf","large_decrease",0
2026-01-31,1,"wk flu hosp rate change",2026-02-07,"36","pmf","large_decrease",0
2026-01-31,1,"wk flu hosp rate change",2026-02-07,"41","pmf","large_decrease",0.0577169441404541
2026-01-31,1,"wk flu hosp rate change",2026-02-07,"42","pmf","large_decrease",0.100483341072256
2026-01-31,1,"wk flu hosp rate change",2026-02-07,"33","pmf","large_decrease",0.0687276215847644
2026-01-31,1,"wk flu hosp rate change",2026-02-07,"72","pmf","large_decrease",0.0826889196652892
2026-01-31,1,"wk flu hosp rate change",2026-02-07,"44","pmf","large_decrease",0.0710549616672066
2026-01-31,1,"wk flu hosp rate change",2026-02-07,"09","pmf","large_decrease",0.0599390814526869
2026-01-31,1,"wk flu hosp rate change",2026-02-07,"23","pmf","large_decrease",0.0911670258129028
2026-01-31,1,"wk flu hosp rate change",2026-02-07,"29","pmf","large_decrease",0.0810298634512301
2026-01-31,1,"wk flu hosp rate change",2026-02-07,"48","pmf","large_decrease",0.0195455126214267
2026-01-31,1,"wk flu hosp rate change",2026-02-07,"35","pmf","large_decrease",0.0892462142278542
2026-01-31,1,"wk flu hosp rate change",2026-02-07,"US","pmf","large_decrease",0.0330154668314564
2026-01-31,1,"wk flu hosp rate change",2026-02-07,"15","pmf","large_decrease",0
2026-01-31,1,"wk flu hosp rate change",2026-02-07,"21","pmf","large_decrease",0.0918428511127244
2026-01-31,1,"wk flu hosp rate change",2026-02-07,"24","pmf","large_decrease",0
2026-01-31,1,"wk flu hosp rate change",2026-02-07,"31","pmf","large_decrease",0.0378994053860957
2026-01-31,1,"wk flu hosp rate change",2026-02-07,"53","pmf","large_decrease",0.0106130914563635
2026-01-31,1,"wk flu hosp rate change",2026-02-07,"11","pmf","large_decrease",0.1
2026-01-31,1,"wk flu hosp rate change",2026-02-07,"27","pmf","large_decrease",0.0470862008501943
2026-01-31,1,"wk flu hosp rate change",2026-02-07,"30","pmf","large_decrease",0.0859167476514416
2026-01-31,1,"wk flu hosp rate change",2026-02-07,"19","pmf","large_decrease",0.0556034101952469
2026-01-31,1,"wk flu hosp rate change",2026-02-07,"04","pmf","large_decrease",0
2026-01-31,1,"wk flu hosp rate change",2026-02-07,"56","pmf","large_decrease",0
2026-01-31,1,"wk flu hosp rate change",2026-02-07,"50","pmf","large_decrease",0.058935860058309
2026-01-31,1,"wk flu hosp rate change",2026-02-07,"26","pmf","large_decrease",0.0805757466584101
2026-01-31,1,"wk flu hosp rate change",2026-02-07,"12","pmf","large_decrease",0.0275535180821192
2026-01-31,1,"wk flu hosp rate change",2026-02-07,"54","pmf","large_decrease",0.118318353418465
2026-01-31,1,"wk flu hosp rate change",2026-02-07,"10","pmf","large_decrease",0.1
2026-01-31,1,"wk flu hosp rate change",2026-02-07,"28","pmf","large_decrease",0.05
2026-01-31,1,"wk flu hosp rate change",2026-02-07,"34","pmf","large_decrease",0.0755633587925158
2026-01-31,1,"wk flu hosp rate change",2026-02-07,"51","pmf","large_decrease",0.042787863492657
2026-01-31,1,"wk flu hosp rate change",2026-02-07,"16","pmf","large_decrease",0.0863363379922076
2026-01-31,1,"wk flu hosp rate change",2026-02-07,"39","pmf","large_decrease",0.0963906557461982
2026-01-31,1,"wk flu hosp rate change",2026-02-07,"40","pmf","large_decrease",0.057697394563754
2026-01-31,1,"wk flu hosp rate change",2026-02-07,"22","pmf","large_decrease",0.0516083739893264
2026-01-31,1,"wk flu hosp rate change",2026-02-07,"46","pmf","large_decrease",0.0760992719083098
2026-01-31,2,"wk flu hosp rate change",2026-02-14,"02","pmf","large_decrease",0
2026-01-31,2,"wk flu hosp rate change",2026-02-14,"01","pmf","large_decrease",0
2026-01-31,2,"wk flu hosp rate change",2026-02-14,"25","pmf","large_decrease",0
2026-01-31,2,"wk flu hosp rate change",2026-02-14,"37","pmf","large_decrease",0.0614261989899745
2026-01-31,2,"wk flu hosp rate change",2026-02-14,"47","pmf","large_decrease",0
2026-01-31,2,"wk flu hosp rate change",2026-02-14,"20","pmf","large_decrease",0.0447044673196747
2026-01-31,2,"wk flu hosp rate change",2026-02-14,"55","pmf","large_decrease",0.0572254373013573
2026-01-31,2,"wk flu hosp rate change",2026-02-14,"08","pmf","large_decrease",0
2026-01-31,2,"wk flu hosp rate change",2026-02-14,"17","pmf","large_decrease",0.0363128324182746
2026-01-31,2,"wk flu hosp rate change",2026-02-14,"45","pmf","large_decrease",0.0544914557645441
2026-01-31,2,"wk flu hosp rate change",2026-02-14,"05","pmf","large_decrease",0
2026-01-31,2,"wk flu hosp rate change",2026-02-14,"49","pmf","large_decrease",0
2026-01-31,2,"wk flu hosp rate change",2026-02-14,"06","pmf","large_decrease",0
2026-01-31,2,"wk flu hosp rate change",2026-02-14,"13","pmf","large_decrease",0
2026-01-31,2,"wk flu hosp rate change",2026-02-14,"18","pmf","large_decrease",0
2026-01-31,2,"wk flu hosp rate change",2026-02-14,"38","pmf","large_decrease",0.060561396275682
2026-01-31,2,"wk flu hosp rate change",2026-02-14,"32","pmf","large_decrease",0
2026-01-31,2,"wk flu hosp rate change",2026-02-14,"36","pmf","large_decrease",0
2026-01-31,2,"wk flu hosp rate change",2026-02-14,"41","pmf","large_decrease",0
2026-01-31,2,"wk flu hosp rate change",2026-02-14,"42","pmf","large_decrease",0.111207906041612
2026-01-31,2,"wk flu hosp rate change",2026-02-14,"33","pmf","large_decrease",0.0635701199898861
2026-01-31,2,"wk flu hosp rate change",2026-02-14,"72","pmf","large_decrease",0.074175801667882
2026-01-31,2,"wk flu hosp rate change",2026-02-14,"44","pmf","large_decrease",0.0685185185185185
2026-01-31,2,"wk flu hosp rate change",2026-02-14,"09","pmf","large_decrease",0
2026-01-31,2,"wk flu hosp rate change",2026-02-14,"23","pmf","large_decrease",0.075
2026-01-31,2,"wk flu hosp rate change",2026-02-14,"29","pmf","large_decrease",0.0757854350702761
2026-01-31,2,"wk flu hosp rate change",2026-02-14,"48","pmf","large_decrease",0
2026-01-31,2,"wk flu hosp rate change",2026-02-14,"35","pmf","large_decrease",0.0805445201796134
2026-01-31,2,"wk flu hosp rate change",2026-02-14,"US","pmf","large_decrease",0
2026-01-31,2,"wk flu hosp rate change",2026-02-14,"15","pmf","large_decrease",0
2026-01-31,2,"wk flu hosp rate change",2026-02-14,"21","pmf","large_decrease",0.0864704973596006
2026-01-31,2,"wk flu hosp rate change",2026-02-14,"24","pmf","large_decrease",0
2026-01-31,2,"wk flu hosp rate change",2026-02-14,"31","pmf","large_decrease",0.0334883727629957
2026-01-31,2,"wk flu hosp rate change",2026-02-14,"53","pmf","large_decrease",0
2026-01-31,2,"wk flu hosp rate change",2026-02-14,"11","pmf","large_decrease",0
2026-01-31,2,"wk flu hosp rate change",2026-02-14,"27","pmf","large_decrease",0.0533562149398002
2026-01-31,2,"wk flu hosp rate change",2026-02-14,"30","pmf","large_decrease",0.0694270857062682
2026-01-31,2,"wk flu hosp rate change",2026-02-14,"19","pmf","large_decrease",0.0367530608091833
2026-01-31,2,"wk flu hosp rate change",2026-02-14,"04","pmf","large_decrease",0
2026-01-31,2,"wk flu hosp rate change",2026-02-14,"56","pmf","large_decrease",0
2026-01-31,2,"wk flu hosp rate change",2026-02-14,"50","pmf","large_decrease",0
2026-01-31,2,"wk flu hosp rate change",2026-02-14,"26","pmf","large_decrease",0
2026-01-31,2,"wk flu hosp rate change",2026-02-14,"12","pmf","large_decrease",0.010767346209058
2026-01-31,2,"wk flu hosp rate change",2026-02-14,"54","pmf","large_decrease",0.117847823180671
2026-01-31,2,"wk flu hosp rate change",2026-02-14,"10","pmf","large_decrease",0.093941238277973
2026-01-31,2,"wk flu hosp rate change",2026-02-14,"28","pmf","large_decrease",0
2026-01-31,2,"wk flu hosp rate change",2026-02-14,"34","pmf","large_decrease",0.0587142732550896
2026-01-31,2,"wk flu hosp rate change",2026-02-14,"51","pmf","large_decrease",0.0397617168378645
2026-01-31,2,"wk flu hosp rate change",2026-02-14,"16","pmf","large_decrease",0
2026-01-31,2,"wk flu hosp rate change",2026-02-14,"39","pmf","large_decrease",0.09641844130904
2026-01-31,2,"wk flu hosp rate change",2026-02-14,"40","pmf","large_decrease",0
2026-01-31,2,"wk flu hosp rate change",2026-02-14,"22","pmf","large_decrease",0.0447037353606425
2026-01-31,2,"wk flu hosp rate change",2026-02-14,"46","pmf","large_decrease",0
2026-01-31,3,"wk flu hosp rate change",2026-02-21,"02","pmf","large_decrease",0
2026-01-31,3,"wk flu hosp rate change",2026-02-21,"01","pmf","large_decrease",0
2026-01-31,3,"wk flu hosp rate change",2026-02-21,"25","pmf","large_decrease",0
2026-01-31,3,"wk flu hosp rate change",2026-02-21,"37","pmf","large_decrease",0
2026-01-31,3,"wk flu hosp rate change",2026-02-21,"47","pmf","large_decrease",0
2026-01-31,3,"wk flu hosp rate change",2026-02-21,"20","pmf","large_decrease",0.0428810511796142
2026-01-31,3,"wk flu hosp rate change",2026-02-21,"55","pmf","large_decrease",0.0404704216426374
2026-01-31,3,"wk flu hosp rate change",2026-02-21,"08","pmf","large_decrease",0
2026-01-31,3,"wk flu hosp rate change",2026-02-21,"17","pmf","large_decrease",0
2026-01-31,3,"wk flu hosp rate change",2026-02-21,"45","pmf","large_decrease",0
2026-01-31,3,"wk flu hosp rate change",2026-02-21,"05","pmf","large_decrease",0
2026-01-31,3,"wk flu hosp rate change",2026-02-21,"49","pmf","large_decrease",0
2026-01-31,3,"wk flu hosp rate change",2026-02-21,"06","pmf","large_decrease",0
2026-01-31,3,"wk flu hosp rate change",2026-02-21,"13","pmf","large_decrease",0
2026-01-31,3,"wk flu hosp rate change",2026-02-21,"18","pmf","large_decrease",0
2026-01-31,3,"wk flu hosp rate change",2026-02-21,"38","pmf","large_decrease",0.0532599702424775
2026-01-31,3,"wk flu hosp rate change",2026-02-21,"32","pmf","large_decrease",0
2026-01-31,3,"wk flu hosp rate change",2026-02-21,"36","pmf","large_decrease",0
2026-01-31,3,"wk flu hosp rate change",2026-02-21,"41","pmf","large_decrease",0
2026-01-31,3,"wk flu hosp rate change",2026-02-21,"42","pmf","large_decrease",0.101015236540199
2026-01-31,3,"wk flu hosp rate change",2026-02-21,"33","pmf","large_decrease",0.05
2026-01-31,3,"wk flu hosp rate change",2026-02-21,"72","pmf","large_decrease",0.0728426926326086
2026-01-31,3,"wk flu hosp rate change",2026-02-21,"44","pmf","large_decrease",0
2026-01-31,3,"wk flu hosp rate change",2026-02-21,"09","pmf","large_decrease",0
2026-01-31,3,"wk flu hosp rate change",2026-02-21,"23","pmf","large_decrease",0
2026-01-31,3,"wk flu hosp rate change",2026-02-21,"29","pmf","large_decrease",0.0615884327469782
2026-01-31,3,"wk flu hosp rate change",2026-02-21,"48","pmf","large_decrease",0
2026-01-31,3,"wk flu hosp rate change",2026-02-21,"35","pmf","large_decrease",0.0773214817432505
2026-01-31,3,"wk flu hosp rate change",2026-02-21,"US","pmf","large_decrease",0
2026-01-31,3,"wk flu hosp rate change",2026-02-21,"15","pmf","large_decrease",0
2026-01-31,3,"wk flu hosp rate change",2026-02-21,"21","pmf","large_decrease",0
2026-01-31,3,"wk flu hosp rate change",2026-02-21,"24","pmf","large_decrease",0
2026-01-31,3,"wk flu hosp rate change",2026-02-21,"31","pmf","large_decrease",0.025
2026-01-31,3,"wk flu hosp rate change",2026-02-21,"53","pmf","large_decrease",0
2026-01-31,3,"wk flu hosp rate change",2026-02-21,"11","pmf","large_decrease",0
2026-01-31,3,"wk flu hosp rate change",2026-02-21,"27","pmf","large_decrease",0.0491183844607025
2026-01-31,3,"wk flu hosp rate change",2026-02-21,"30","pmf","large_decrease",0
2026-01-31,3,"wk flu hosp rate change",2026-02-21,"19","pmf","large_decrease",0.025
2026-01-31,3,"wk flu hosp rate change",2026-02-21,"04","pmf","large_decrease",0
2026-01-31,3,"wk flu hosp rate change",2026-02-21,"56","pmf","large_decrease",0
2026-01-31,3,"wk flu hosp rate change",2026-02-21,"50","pmf","large_decrease",0
2026-01-31,3,"wk flu hosp rate change",2026-02-21,"26","pmf","large_decrease",0
2026-01-31,3,"wk flu hosp rate change",2026-02-21,"12","pmf","large_decrease",0
2026-01-31,3,"wk flu hosp rate change",2026-02-21,"54","pmf","large_decrease",0.114814814814815
2026-01-31,3,"wk flu hosp rate change",2026-02-21,"10","pmf","large_decrease",0.0859074850571449
2026-01-31,3,"wk flu hosp rate change",2026-02-21,"28","pmf","large_decrease",0
2026-01-31,3,"wk flu hosp rate change",2026-02-21,"34","pmf","large_decrease",0
2026-01-31,3,"wk flu hosp rate change",2026-02-21,"51","pmf","large_decrease",0
2026-01-31,3,"wk flu hosp rate change",2026-02-21,"16","pmf","large_decrease",0
2026-01-31,3,"wk flu hosp rate change",2026-02-21,"39","pmf","large_decrease",0.0628182550748782
2026-01-31,3,"wk flu hosp rate change",2026-02-21,"40","pmf","large_decrease",0
2026-01-31,3,"wk flu hosp rate change",2026-02-21,"22","pmf","large_decrease",0.0338268871750889
2026-01-31,3,"wk flu hosp rate change",2026-02-21,"46","pmf","large_decrease",0
